--------- beginning of main
09-16 23:43:56.982 E/HwcComposer( 1282): presentOrValidateDisplay 0 presentFence:-1
09-16 23:43:56.982 I/HfLooper( 1192): sensor 33171111 = 140.000000 0.000000  40759389921899
09-16 23:43:56.983 I/HfLooper( 1192): sensor light = 36.101002 40759389921899
09-16 23:43:56.983 I/libsensor-displayalgo( 1557): #### sensorDataCallback  value of event C:140.000000,R:0.000000,G:0.000000,B:0.000000,40759389921899, bl: 516
09-16 23:43:56.983 I/libsensor-displayalgo( 1557): input time 40759389921899 cwbtime:40759268184767, preInput time:40759224911750
09-16 23:43:56.983 I/libsensor-displayalgo( 1557): startCalculateLux: miui or fac not first
09-16 23:43:56.983 I/libsensor-displayalgo( 1557): #### startCalculateLux time of diff: 40759268184767:40759389921899:121737132
09-16 23:43:56.983 I/libsensor-displayalgo( 1557): #### inputSensorEventChanged set to true!!!
09-16 23:43:56.983 I/libsensor-displayalgo( 1557): #### startCalculateLux time of diff: 40759268184767:40759334898601
09-16 23:43:56.983 I/libsensor-displayalgo( 1557): ####startCalculateLuxdiff: 121737132
09-16 23:43:56.983 I/libsensor-displayalgo( 1557): #### startCalculateLux current input event time: 40759389921899 40759224911750
09-16 23:43:56.983 I/libsensor-displayalgo( 1557): #### value of  inputBrightness's brightness_51:516,preBrightness's brightness_51:516,lastPredictedLight :140.242172,brightnessDiff:0.000000,sensorDataDiff:1.137768
09-16 23:43:56.983 I/libsensor-displayalgo( 1557): #### inputBrightness's timestamp:40418240916747,value of brightness time diff:341149005152, index: 60
09-16 23:43:56.983 I/libsensor-displayalgo( 1557): #### inputSensorEventChanged: 1!!!
09-16 23:43:56.983 I/libsensor-displayalgo( 1557): getInputData start: input[0]:516.000000,inputBrightness.panel_1.brightness_51:0.000000
09-16 23:43:56.983 I/libsensor-displayalgo( 1557): getInputData end: input[0]:516.000000,inputBrightness.panel_1.brightness_51:0.000000
09-16 23:43:56.983 I/libsensor-displayalgo( 1557): alsAlgo: second panel
09-16 23:43:56.984 I/libsensor-displayalgo( 1557): CWB_ALS: model output raw: 2.123742 0.045943
09-16 23:43:56.984 I/libsensor-displayalgo( 1557): HSV RGB R= 18.346394,G= 18.346394,B= 18.346394
09-16 23:43:56.984 I/libsensor-displayalgo( 1557): HSV RGB maxValue:18.346394, minValue:18.346394
09-16 23:43:56.985 E/libsensor-displayalgo( 1557): the value of tmp1:372.440000 tmp 449.960000
09-16 23:43:56.985 I/libsensor-displayalgo( 1557): the value of ratio1 is 0.827718
09-16 23:43:56.985 E/libsensor-displayalgo( 1557): the value of tmp1:0.000000 tmp 0.000000
09-16 23:43:56.985 I/libsensor-displayalgo( 1557): the value of ratio1 is 1.000000
09-16 23:43:56.985 I/libsensor-displayalgo( 1557): Write:the value of channelCali ALS:1.8, IR:0.0, scales:1.000000, hsv:-1.000000
09-16 23:43:56.985 I/libsensor-displayalgo( 1557): the value of hsv: -1.000000
09-16 23:43:56.985 I/libsensor-displayalgo( 1557): the value of  ir: 0.000000  Coef: 23701.878000 19699.158000 12075.050000 12075.050000 
09-16 23:43:56.985 I/libsensor-displayalgo( 1557): the value of  REAL LUX 63.996059
09-16 23:43:56.985 D/libsensor-displayalgo( 1557): brightness:516.000000,flat_mode:1.000000,R1:0.000000,G1:0.000000,B1:0.000000,EVENT ALS:140.000000,IR:0.000000lux: 63.996059
09-16 23:43:56.985 I/libsensor-displayalgo( 1557): luxAges[0]=0.000000, index=3
09-16 23:43:56.985 I/libsensor-displayalgo( 1557): luxAges[1]=0.000000, index=2
09-16 23:43:56.985 I/libsensor-displayalgo( 1557): luxAges[2]=0.000000, index=1
09-16 23:43:56.985 I/libsensor-displayalgo( 1557): medianFilter[index]=63.996059 64.459007 64.921928
09-16 23:43:56.989 I/Finsky  (26693): [2] SCH: job service start with id 9698.
09-16 23:43:56.989 I/hwcomposer( 1182): [HRT] only_has_blit_dev_job:0, run simpleLayeringRule.  
09-16 23:43:56.990 E/HwcComposer( 1282): presentOrValidateDisplay 0 presentFence:-1
09-16 23:43:56.993 W/qtMainLoopThrea(16554): type=1400 audit(0.0:24122): avc:  granted  { execute } for  path="/data/data/org.amarplayer.amarplayer/files/app/_python_bundle/modules/_json.cpython-311.so" dev="dm-59" ino=358082 scontext=u:r:untrusted_app:s0:c73,c257,c512,c768 tcontext=u:object_r:app_data_file:s0:c73,c257,c512,c768 tclass=file app=org.amarplayer.amarplayer
09-16 23:43:56.998 I/hwcomposer( 1182): [HRT] only_has_blit_dev_job:0, run simpleLayeringRule.  
09-16 23:43:56.998 E/HwcComposer( 1282): presentOrValidateDisplay 0 presentFence:-1
09-16 23:43:56.999 I/Finsky  (26693): [2471] SCH: Satisfied jobs for 9698 are: 12-1
09-16 23:43:57.000 I/Finsky  (26693): [2475] SCH: Job 12-1 starting
09-16 23:43:57.000 I/Finsky  (26693): [2] WM::SCH: Logging work start for 12-1
09-16 23:43:57.001 I/Finsky  (26693): [2] [ContentSync] job started
09-16 23:43:57.003 I/libPerfCtl( 1214): xgfGetFPS pid:16554 fps:-1
09-16 23:43:57.005 W/adbd    (30336): timed out while waiting for FUNCTIONFS_BIND, trying again
09-16 23:43:57.005 I/adbd    (30336): UsbFfs: connection terminated: monitor thread finished
09-16 23:43:57.006 I/hwcomposer( 1182): [HRT] only_has_blit_dev_job:0, run simpleLayeringRule.  
09-16 23:43:57.007 E/HwcComposer( 1282): presentOrValidateDisplay 0 presentFence:-1
09-16 23:43:57.008 I/android.hardware.graphics.composer@3.4-service( 1182): Sensor: notify citsensorservice to trigger cwb
09-16 23:43:57.008 I/libsensor-frameBufferManager( 1557): request dump start
09-16 23:43:57.008 I/libsensor-frameBufferManager( 1557): CWB_ALS getDispDump 79 1 400 480 
09-16 23:43:57.008 D/libcomposer_ext( 1557): ClientImplAidl::getDispDump(), dpy 1, dst (400, 480), dump_point 1, release_fence -1
09-16 23:43:57.009 D/libcomposer_ext( 1182): DeviceImplAidl::syncPerform(14), client_handle: 2
09-16 23:43:57.009 D/libcomposer_ext( 1182): DeviceImplAidl::ParseGetDispDump(), dpy 1, dst (400, 480), dump_point 1
09-16 23:43:57.009 I/hwcomposer( 1182): [HWC] getDispDump(), client(2), dpy 1, (79,1,479,481), (400, 480), (1, 2), (-1), (-1), (0xb400007253a03c70)  
09-16 23:43:57.009 I/hwcomposer( 1182): [DRMDEV] isSupportWbParams(), id_crtc 115, id_connector 33, dump_point 1, src(79, 1, 400, 480), dst(400, 480), config 0  
09-16 23:43:57.009 I/hwcomposer( 1182): [DISP_DUMP] (0 c:2 setDumpBuf():176), client(2), src(79, 1, 479, 481), dst(400, 480), (1, 2), -1, (-1), (0xb400007253a03c70)  
09-16 23:43:57.009 I/hwcomposer( 1182): [HWC] (0)fire a callback of refresh to SF[9]  
09-16 23:43:57.010 I/mtkpower@impl( 1223): [powerd_req] TIMER_MSG_PERF_LOCK_TIMEOUT hdl:38271
09-16 23:43:57.010 I/libPowerHal( 1223): [perfLockRel] hdl:38271, idx:3
09-16 23:43:57.011 I/libPowerHal( 1223): [perfLockRel] Done for hdl : 38271
09-16 23:43:57.014 I/hwcomposer( 1182): [HRT] only_has_blit_dev_job:0, run simpleLayeringRule.  
09-16 23:43:57.015 E/HwcComposer( 1282): presentOrValidateDisplay 0 presentFence:-1
09-16 23:43:57.016 D/libcomposer_ext( 1182): DeviceImplAidl::DeviceClientContextAidl::NotifyDispDumpReady(), client_handle:2, buffer:0xb400007253a04330, fence:130, period8333333
09-16 23:43:57.016 D/libcomposer_ext( 1557): ClientCallbackAidl::asyncPerform(15)
09-16 23:43:57.016 D/libcomposer_ext( 1557): ClientImplAidl::ParseNotifyDispDumpReady()
09-16 23:43:57.018 I/eara_io@boost( 1484): [eara_io_boost] [earaio_ufs0] wl 26 , top 73 , req_r 101 , req_w 8 , top_r_sz 2244608 , top_w_sz 0, reqc_rand 5, , fuse_req_cnt 0, 0, pid 0 0
09-16 23:43:57.018 I/eara_io@boost( 1484): [eara_io_boost] init_w_threshold_accu_mb 0 , init_w_threshold_accu_mb_prev 0 , perf_rsc_init_w_to_set -1
09-16 23:43:57.018 I/eara_io@boost( 1484): [eara_io_boost] boost=0 fuse_boost=0
09-16 23:43:57.023 I/hwcomposer( 1182): [HRT] only_has_blit_dev_job:0, run simpleLayeringRule.  
09-16 23:43:57.024 E/HwcComposer( 1282): presentOrValidateDisplay 0 presentFence:-1
09-16 23:43:57.031 I/hwcomposer( 1182): [HRT] only_has_blit_dev_job:0, run simpleLayeringRule.  
09-16 23:43:57.032 E/HwcComposer( 1282): presentOrValidateDisplay 0 presentFence:-1
09-16 23:43:57.035 E/libsensor-frameBufferManager( 1557): onCwbSuccess
09-16 23:43:57.038 I/HfLooper( 1192): sensor 33171111 = 142.000000 0.000000  40759444913909
09-16 23:43:57.038 I/HfLooper( 1192): sensor light = 36.101002 40759444913909
09-16 23:43:57.040 D/libsensor-parseRGB( 1557): the value of RGB [120.318499 120.000000 123.000000], powPara: 2.152003
09-16 23:43:57.040 I/hwcomposer( 1182): [HRT] only_has_blit_dev_job:0, run simpleLayeringRule.  
09-16 23:43:57.040 I/libsensor-displayalgo( 1557): #### sensorDataCallback  value of event C:142.000000,R:0.000000,G:0.000000,B:0.000000,40759444913909, bl: 516
09-16 23:43:57.040 I/libsensor-displayalgo( 1557): input time 40759444913909 cwbtime:40759445171921, preInput time:40759389921899
09-16 23:43:57.040 I/libsensor-displayalgo( 1557): startCalculateLux: miui or fac not first
09-16 23:43:57.040 I/libsensor-displayalgo( 1557): #### inputSensorEventChanged set to true!!!
09-16 23:43:57.040 I/libsensor-displayalgo( 1557): #### startCalculateLux time of diff: 40759445171921:40759444913909
09-16 23:43:57.040 I/libsensor-displayalgo( 1557): ####startCalculateLuxdiff: -258012
09-16 23:43:57.040 I/libsensor-displayalgo( 1557): #### startCalculateLux current input event time: 40759444913909 40759389921899
09-16 23:43:57.041 E/HwcComposer( 1282): presentOrValidateDisplay 0 presentFence:-1
09-16 23:43:57.042 I/adbd    (30336): opening control endpoint /dev/usb-ffs/adb/ep0
09-16 23:43:57.048 I/hwcomposer( 1182): [HRT] only_has_blit_dev_job:0, run simpleLayeringRule.  
09-16 23:43:57.049 E/HwcComposer( 1282): presentOrValidateDisplay 0 presentFence:-1
09-16 23:43:57.057 I/hwcomposer( 1182): [HRT] only_has_blit_dev_job:0, run simpleLayeringRule.  
09-16 23:43:57.057 E/HwcComposer( 1282): presentOrValidateDisplay 0 presentFence:-1
09-16 23:43:57.060 W/libc    ( 1282): Access denied finding property "ro.vendor.display.max_hdr_luminance"
09-16 23:43:57.066 I/hwcomposer( 1182): [HRT] only_has_blit_dev_job:0, run simpleLayeringRule.  
09-16 23:43:57.066 E/HwcComposer( 1282): presentOrValidateDisplay 0 presentFence:-1
09-16 23:43:57.074 I/hwcomposer( 1182): [HRT] only_has_blit_dev_job:0, run simpleLayeringRule.  
09-16 23:43:57.074 E/HwcComposer( 1282): presentOrValidateDisplay 0 presentFence:-1
--------- beginning of system
09-16 23:43:57.081 I/WindowManager( 1956): StartingWindow exit animation finished, win = Window{e0cb207 u0 Splash Screen org.amarplayer.amarplayer EXITING} remove = true
09-16 23:43:57.081 I/WindowManager( 1956): wms.hideSurface mWin:Window{e0cb207 u0 Splash Screen org.amarplayer.amarplayer EXITING} reason:(onExitAnimationDone) in Surface(name=Splash Screen org.amarplayer.amarplayer#10336)/@0x7cc23d
09-16 23:43:57.082 I/hwcomposer( 1182): [HRT] only_has_blit_dev_job:0, run simpleLayeringRule.  
09-16 23:43:57.082 D/MiuiMirrorInputMethodImpl( 1956): InsetsControlTarget invalid!:Window{e7f21f6 u0 org.amarplayer.amarplayer/org.kivy.android.PythonActivity}
09-16 23:43:57.083 E/HwcComposer( 1282): presentOrValidateDisplay 0 presentFence:-1
09-16 23:43:57.083 D/WindowManager( 1956): postWindowRemoveCleanupLocked: Removing startingWindow Window{e0cb207 u0 Splash Screen org.amarplayer.amarplayer} from ActivityRecord{213939032 u0 org.amarplayer.amarplayer/org.kivy.android.PythonActivity t609} activity = ActivityRecord{213939032 u0 org.amarplayer.amarplayer/org.kivy.android.PythonActivity t609}
09-16 23:43:57.084 D/DisplayContentStubImpl( 1956): onNewImeFrame: isImeVisible = false, imeFrame = Rect(0, 0 - 0, 0)
09-16 23:43:57.084 W/InsetsSource( 1956): Has no intersection or mTmpFrame.height(), return Insets.NONE mTmpFrame.height() =0 hasIntersection =false
09-16 23:43:57.084 W/InsetsSource( 1956): Has no intersection or mTmpFrame.height(), return Insets.NONE mTmpFrame.height() =0 hasIntersection =false
09-16 23:43:57.084 D/BarFollowAnimation( 1956): pairAppearanceRegionAndWin win=Window{e7f21f6 u0 org.amarplayer.amarplayer/org.kivy.android.PythonActivity} 0
09-16 23:43:57.085 D/MiuiRefreshRatePolicy( 1956): reset
09-16 23:43:57.088 D/SystemPerformanceHinter( 1956): endSession#HighPerfSession-d0-WindowAnimation
09-16 23:43:57.089 I/hwcomposer( 1182): [HRT] only_has_blit_dev_job:0, run simpleLayeringRule.  
09-16 23:43:57.089 E/HwcComposer( 1282): presentOrValidateDisplay 0 presentFence:-1
09-16 23:43:57.090 W/InsetsSource( 1956): Has no intersection or mTmpFrame.height(), return Insets.NONE mTmpFrame.height() =0 hasIntersection =false
09-16 23:43:57.090 W/InsetsSource( 1956): Has no intersection or mTmpFrame.height(), return Insets.NONE mTmpFrame.height() =0 hasIntersection =false
09-16 23:43:57.091 D/BarFollowAnimation( 1956): pairAppearanceRegionAndWin win=Window{e7f21f6 u0 org.amarplayer.amarplayer/org.kivy.android.PythonActivity} 0
09-16 23:43:57.091 D/MiuiRefreshRatePolicy( 1956): reset
09-16 23:43:57.092 I/HfLooper( 1192): sensor 33171111 = 281.000000 0.000000  40759499905986
09-16 23:43:57.093 I/HfLooper( 1192): sensor light = 36.101002 40759499905986
09-16 23:43:57.094 I/libsensor-displayalgo( 1557): #### sensorDataCallback  value of event C:281.000000,R:0.000000,G:0.000000,B:0.000000,40759499905986, bl: 516
09-16 23:43:57.094 I/libsensor-displayalgo( 1557): input time 40759499905986 cwbtime:40759445171921, preInput time:40759389921899
09-16 23:43:57.094 I/libsensor-displayalgo( 1557): startCalculateLux: miui or fac not first
09-16 23:43:57.094 I/libsensor-displayalgo( 1557): #### inputSensorEventChanged set to true!!!
09-16 23:43:57.094 I/libsensor-displayalgo( 1557): #### startCalculateLux time of diff: 40759445171921:40759499905986
09-16 23:43:57.094 I/libsensor-displayalgo( 1557): ####startCalculateLuxdiff: 54734065
09-16 23:43:57.094 I/libsensor-displayalgo( 1557): #### startCalculateLux current input event time: 40759499905986 40759389921899
09-16 23:43:57.098 I/BufferQueueProducer( 1282): [StatusBar#113](this:0xb400007a35814570,id:-1,api:0,p:-1,c:1282) queueBuffer: fps=0.73 dur=1363.85 max=1363.85 min=1363.85
09-16 23:43:57.098 D/HWUI    ( 2678): ImageDecoder_nDecodeBitmap: width = 49, height = 56, encodedFormat = 4
09-16 23:43:57.099 I/SurfaceFlinger( 1282): onHandleDestroyed: layerId=10336, name=Splash Screen org.amarplayer.amarplayer#10336
09-16 23:43:57.099 I/SurfaceFlinger( 1282): onHandleDestroyed: layerId=10351, name=Surface(name=e0cb207 Splash Screen org.amarplayer.amarplayer#10334)/@0x97515d - animation-leash of window_animation#10351
09-16 23:43:57.099 I/SurfaceFlinger( 1282): onHandleDestroyed: layerId=10334, name=e0cb207 Splash Screen org.amarplayer.amarplayer#10334
09-16 23:43:57.099 W/HWUI    ( 2678): Image decoding logging dropped!
09-16 23:43:57.101 I/hwcomposer( 1182): [HRT] only_has_blit_dev_job:0, run simpleLayeringRule.  
09-16 23:43:57.105 D/ThemeValues( 2678): customized theme has contain this value: |com.android.systemui/bool/battery_meter_use_legacy_drawable/true
09-16 23:43:57.106 I/hwcomposer( 1182): [HRT] only_has_blit_dev_job:0, run simpleLayeringRule.  
09-16 23:43:57.106 D/DynamicIslandWindowViewController( 2678): handleDynamicIsland: action_update_light
09-16 23:43:57.106 D/DynamicIslandWindowViewController( 2678): handleDynamicIsland: isLight true
09-16 23:43:57.110 D/HWUI    ( 2678): ImageDecoder_nDecodeBitmap: width = 51, height = 56, encodedFormat = 4
09-16 23:43:57.111 W/HWUI    ( 2678): Image decoding logging dropped!
09-16 23:43:57.118 I/eara_io@boost( 1484): [eara_io_boost] [earaio_ufs0] wl 6 , top 0 , req_r 10 , req_w 0 , top_r_sz 0 , top_w_sz 0, reqc_rand 0, , fuse_req_cnt 0, 0, pid 0 0
09-16 23:43:57.118 I/eara_io@boost( 1484): [eara_io_boost] init_w_threshold_accu_mb 0 , init_w_threshold_accu_mb_prev 0 , perf_rsc_init_w_to_set -1
09-16 23:43:57.118 I/eara_io@boost( 1484): [eara_io_boost] boost=0 fuse_boost=0
09-16 23:43:57.123 I/hwcomposer( 1182): [HRT] only_has_blit_dev_job:0, run simpleLayeringRule.  
09-16 23:43:57.132 I/hwcomposer( 1182): [HRT] only_has_blit_dev_job:0, run simpleLayeringRule.  
09-16 23:43:57.140 I/hwcomposer( 1182): [HRT] only_has_blit_dev_job:0, run simpleLayeringRule.  
09-16 23:43:57.149 I/hwcomposer( 1182): [HRT] only_has_blit_dev_job:0, run simpleLayeringRule.  
09-16 23:43:57.150 I/HfLooper( 1192): sensor 33171111 = 415.000000 0.000000  40759554491740
09-16 23:43:57.150 I/HfLooper( 1192): sensor light = 36.101002 40759554491740
09-16 23:43:57.151 I/libsensor-displayalgo( 1557): #### sensorDataCallback  value of event C:415.000000,R:0.000000,G:0.000000,B:0.000000,40759554491740, bl: 516
09-16 23:43:57.152 I/libsensor-displayalgo( 1557): input time 40759554491740 cwbtime:40759445171921, preInput time:40759389921899
09-16 23:43:57.152 I/libsensor-displayalgo( 1557): startCalculateLux: miui or fac not first
09-16 23:43:57.152 I/libsensor-displayalgo( 1557): #### startCalculateLux time of diff: 40759445171921:40759554491740:109319819
09-16 23:43:57.152 I/libsensor-displayalgo( 1557): #### inputSensorEventChanged set to true!!!
09-16 23:43:57.152 I/libsensor-displayalgo( 1557): #### startCalculateLux time of diff: 40759445171921:40759499905986
09-16 23:43:57.152 I/libsensor-displayalgo( 1557): ####startCalculateLuxdiff: 109319819
09-16 23:43:57.152 I/libsensor-displayalgo( 1557): #### startCalculateLux current input event time: 40759554491740 40759389921899
09-16 23:43:57.152 I/libsensor-displayalgo( 1557): #### value of  inputBrightness's brightness_51:516,preBrightness's brightness_51:516,lastPredictedLight :138.242140,brightnessDiff:0.000000,sensorDataDiff:-156.440233
09-16 23:43:57.152 I/libsensor-displayalgo( 1557): #### inputBrightness's timestamp:40418240916747,value of brightness time diff:341313574993, index: 60
09-16 23:43:57.152 I/libsensor-displayalgo( 1557): #### inputSensorEventChanged: 1!!!
09-16 23:43:57.152 I/libsensor-displayalgo( 1557): getInputData start: input[0]:516.000000,inputBrightness.panel_1.brightness_51:0.000000
09-16 23:43:57.152 I/libsensor-displayalgo( 1557): getInputData end: input[0]:516.000000,inputBrightness.panel_1.brightness_51:0.000000
09-16 23:43:57.152 I/libsensor-displayalgo( 1557): alsAlgo: second panel
09-16 23:43:57.153 I/libsensor-displayalgo( 1557): CWB_ALS: model output raw: 87.806680 0.000000
09-16 23:43:57.153 I/libsensor-displayalgo( 1557): HSV RGB R= 121.174504,G= 120.921951,B= 123.887809
09-16 23:43:57.153 I/libsensor-displayalgo( 1557): HSV RGB maxValue:123.887809, minValue:120.921951
09-16 23:43:57.153 E/libsensor-displayalgo( 1557): the value of tmp1:372.440000 tmp 449.960000
09-16 23:43:57.153 I/libsensor-displayalgo( 1557): the value of ratio1 is 0.827718
09-16 23:43:57.153 E/libsensor-displayalgo( 1557): the value of tmp1:0.000000 tmp 0.000000
09-16 23:43:57.153 I/libsensor-displayalgo( 1557): the value of ratio1 is 1.000000
09-16 23:43:57.153 I/libsensor-displayalgo( 1557): Write:the value of channelCali ALS:72.7, IR:0.0, scales:1.000000, hsv:-1.000000
09-16 23:43:57.153 I/libsensor-displayalgo( 1557): the value of hsv: -1.000000
09-16 23:43:57.153 I/libsensor-displayalgo( 1557): the value of  ir: 0.000000  Coef: 23701.878000 19699.158000 12075.050000 12075.050000 
09-16 23:43:57.153 I/libsensor-displayalgo( 1557): the value of  REAL LUX 158.469666
09-16 23:43:57.153 D/libsensor-displayalgo( 1557): brightness:516.000000,flat_mode:1.000000,R1:29983.448798,G1:29812.904466,B1:31439.966814,EVENT ALS:415.000000,IR:0.000000lux: 158.469666
09-16 23:43:57.153 I/libsensor-displayalgo( 1557): dbv:516,lux:158.5,hsv:-1.0,dc:0CWB R:29983.4,G:29812.9,B:31440.0Event ALS:415.0,IR:0.0Cali ALS:0.0,IR:0.0
09-16 23:43:57.153 I/libsensor-displayalgo( 1557): luxAges[0]=0.000000, index=1
09-16 23:43:57.153 I/libsensor-displayalgo( 1557): luxAges[1]=0.000000, index=3
09-16 23:43:57.153 I/libsensor-displayalgo( 1557): luxAges[2]=0.000000, index=2
09-16 23:43:57.153 I/libsensor-displayalgo( 1557): medianFilter[index]=63.996059 158.469666 64.921928
09-16 23:43:57.154 D/Aurogon ( 1956):  onForegroundActivitiesChanged packageName = com.miui.home
09-16 23:43:57.157 I/hwcomposer( 1182): [HRT] only_has_blit_dev_job:0, run simpleLayeringRule.  
09-16 23:43:57.165 I/hwcomposer( 1182): [HRT] only_has_blit_dev_job:0, run simpleLayeringRule.  
09-16 23:43:57.174 I/hwcomposer( 1182): [HRT] only_has_blit_dev_job:0, run simpleLayeringRule.  
09-16 23:43:57.183 I/hwcomposer( 1182): [HRT] only_has_blit_dev_job:0, run simpleLayeringRule.  
09-16 23:43:57.191 I/hwcomposer( 1182): [HRT] only_has_blit_dev_job:0, run simpleLayeringRule.  
09-16 23:43:57.199 I/hwcomposer( 1182): [HRT] only_has_blit_dev_job:0, run simpleLayeringRule.  
09-16 23:43:57.202 I/HfLooper( 1192): sensor 33171111 = 427.000000 1.000000  40759609923433
09-16 23:43:57.203 I/HfLooper( 1192): sensor light = 36.101002 40759609923433
09-16 23:43:57.203 I/libsensor-displayalgo( 1557): #### sensorDataCallback  value of event C:427.000000,R:1.000000,G:0.000000,B:0.000000,40759609923433, bl: 516
09-16 23:43:57.204 W/ParceledListSlice( 1956): Element #231 is 25380 bytes.
09-16 23:43:57.204 I/libsensor-displayalgo( 1557): input time 40759609923433 cwbtime:40759445171921, preInput time:40759554491740
09-16 23:43:57.204 I/libsensor-displayalgo( 1557): startCalculateLux: miui or fac not first
09-16 23:43:57.204 I/libsensor-displayalgo( 1557): #### startCalculateLux time of diff: 40759445171921:40759609923433:164751512
09-16 23:43:57.204 I/libsensor-displayalgo( 1557): #### startCalculateLux time of diff: 40759445171921:40759554491740:109319819
09-16 23:43:57.204 I/libsensor-displayalgo( 1557): #### startCalculateLux time of diff: 40759445171921:40759499905986
09-16 23:43:57.204 I/libsensor-displayalgo( 1557): ####startCalculateLuxdiff: 109319819
09-16 23:43:57.204 I/libsensor-displayalgo( 1557): #### startCalculateLux current input event time: 40759554491740 40759554491740
09-16 23:43:57.204 I/libsensor-displayalgo( 1557): #### value of  inputBrightness's brightness_51:516,preBrightness's brightness_51:516,lastPredictedLight :342.320829,brightnessDiff:0.000000,sensorDataDiff:0.000000
09-16 23:43:57.204 I/libsensor-displayalgo( 1557): #### inputBrightness's timestamp:40418240916747,value of brightness time diff:341313574993, index: 60
09-16 23:43:57.204 I/libsensor-displayalgo( 1557): #### inputSensorEventChanged: 0!!!
09-16 23:43:57.207 I/hwcomposer( 1182): [HRT] only_has_blit_dev_job:0, run simpleLayeringRule.  
09-16 23:43:57.209 I/android.hardware.graphics.composer@3.4-service( 1182): Sensor: notify citsensorservice to trigger cwb
09-16 23:43:57.209 I/libsensor-frameBufferManager( 1557): request dump start
09-16 23:43:57.209 I/libsensor-frameBufferManager( 1557): CWB_ALS getDispDump 79 1 400 480 
09-16 23:43:57.210 D/libcomposer_ext( 1557): ClientImplAidl::getDispDump(), dpy 1, dst (400, 480), dump_point 1, release_fence -1
09-16 23:43:57.210 D/libcomposer_ext( 1182): DeviceImplAidl::syncPerform(14), client_handle: 2
09-16 23:43:57.210 D/libcomposer_ext( 1182): DeviceImplAidl::ParseGetDispDump(), dpy 1, dst (400, 480), dump_point 1
09-16 23:43:57.210 I/hwcomposer( 1182): [HWC] getDispDump(), client(2), dpy 1, (79,1,479,481), (400, 480), (1, 2), (-1), (-1), (0xb400007253a0a750)  
09-16 23:43:57.210 I/hwcomposer( 1182): [DRMDEV] isSupportWbParams(), id_crtc 115, id_connector 33, dump_point 1, src(79, 1, 400, 480), dst(400, 480), config 0  
09-16 23:43:57.210 I/hwcomposer( 1182): [DISP_DUMP] (0 c:2 setDumpBuf():176), client(2), src(79, 1, 479, 481), dst(400, 480), (1, 2), -1, (-1), (0xb400007253a0a750)  
09-16 23:43:57.210 I/hwcomposer( 1182): [HWC] (0)fire a callback of refresh to SF[9]  
09-16 23:43:57.216 I/hwcomposer( 1182): [HRT] only_has_blit_dev_job:0, run simpleLayeringRule.  
09-16 23:43:57.216 E/HwcComposer( 1282): presentOrValidateDisplay 0 presentFence:-1
09-16 23:43:57.217 D/libcomposer_ext( 1182): DeviceImplAidl::DeviceClientContextAidl::NotifyDispDumpReady(), client_handle:2, buffer:0xb400007253a0c370, fence:113, period8333333
09-16 23:43:57.217 D/libcomposer_ext( 1557): ClientCallbackAidl::asyncPerform(15)
09-16 23:43:57.217 D/libcomposer_ext( 1557): ClientImplAidl::ParseNotifyDispDumpReady()
09-16 23:43:57.218 I/eara_io@boost( 1484): [eara_io_boost] [earaio_ufs0] wl 0 , top 0 , req_r 0 , req_w 0 , top_r_sz 0 , top_w_sz 0, reqc_rand 0, , fuse_req_cnt 0, 0, pid 0 0
09-16 23:43:57.218 I/eara_io@boost( 1484): [eara_io_boost] init_w_threshold_accu_mb 0 , init_w_threshold_accu_mb_prev 0 , perf_rsc_init_w_to_set -1
09-16 23:43:57.218 I/eara_io@boost( 1484): [eara_io_boost] boost=0 fuse_boost=0
09-16 23:43:57.222 D/ThemeValues( 2678): customized theme has contain this value: |com.android.systemui/bool/battery_meter_use_legacy_drawable/true
09-16 23:43:57.224 D/HWUI    ( 2678): ImageDecoder_nDecodeBitmap: width = 43, height = 56, encodedFormat = 4
09-16 23:43:57.224 W/HWUI    ( 2678): Image decoding logging dropped!
09-16 23:43:57.224 I/hwcomposer( 1182): [HRT] only_has_blit_dev_job:0, run simpleLayeringRule.  
09-16 23:43:57.226 D/ThemeValues( 2678): customized theme has contain this value: |com.android.systemui/bool/battery_meter_use_legacy_drawable/true
09-16 23:43:57.227 D/HWUI    ( 2678): ImageDecoder_nDecodeBitmap: width = 49, height = 56, encodedFormat = 4
09-16 23:43:57.227 W/HWUI    ( 2678): Image decoding logging dropped!
09-16 23:43:57.229 D/ThemeValues( 2678): customized theme has contain this value: |com.android.systemui/bool/battery_meter_use_legacy_drawable/true
09-16 23:43:57.230 D/MiuiInputManagerService( 1956): registerSrollToTopListener, windowId: 14199217, listener: miui.hardware.input.IScrollToTopListener$Stub$Proxy@36d7452
09-16 23:43:57.231 D/HWUI    ( 2678): ImageDecoder_nDecodeBitmap: width = 45, height = 56, encodedFormat = 4
09-16 23:43:57.231 W/HWUI    ( 2678): Image decoding logging dropped!
09-16 23:43:57.233 D/ThemeValues( 2678): customized theme has contain this value: |com.android.systemui/bool/battery_meter_use_legacy_drawable/true
09-16 23:43:57.235 D/HWUI    ( 2678): ImageDecoder_nDecodeBitmap: width = 51, height = 56, encodedFormat = 4
09-16 23:43:57.235 W/HWUI    ( 2678): Image decoding logging dropped!
09-16 23:43:57.237 D/HWUI    ( 2678): ImageDecoder_nDecodeBitmap: width = 64, height = 53, encodedFormat = 4
09-16 23:43:57.238 E/libsensor-frameBufferManager( 1557): onCwbSuccess
09-16 23:43:57.238 W/HWUI    ( 2678): Image decoding logging dropped!
09-16 23:43:57.239 D/HWUI    ( 2678): ImageDecoder_nDecodeBitmap: width = 43, height = 56, encodedFormat = 4
09-16 23:43:57.239 W/HWUI    ( 2678): Image decoding logging dropped!
09-16 23:43:57.240 D/HWUI    ( 2678): ImageDecoder_nDecodeBitmap: width = 54, height = 54, encodedFormat = 4
09-16 23:43:57.240 W/HWUI    ( 2678): Image decoding logging dropped!
09-16 23:43:57.242 D/ThemeValues( 2678): customized theme has contain this value: |com.android.systemui/bool/battery_meter_use_legacy_drawable/true
09-16 23:43:57.242 D/libsensor-parseRGB( 1557): the value of RGB [238.714585 238.000000 244.000000], powPara: 2.152003
09-16 23:43:57.245 D/ThemeValues( 2678): customized theme has contain this value: |com.android.systemui/bool/battery_meter_use_legacy_drawable/true
09-16 23:43:57.248 D/ThemeValues( 2678): customized theme has contain this value: |com.android.systemui/bool/battery_meter_use_legacy_drawable/true
09-16 23:43:57.249 D/HWUI    ( 2678): ImageDecoder_nDecodeBitmap: width = 40, height = 56, encodedFormat = 4
09-16 23:43:57.250 W/HWUI    ( 2678): Image decoding logging dropped!
09-16 23:43:57.251 D/HWUI    ( 2678): ImageDecoder_nDecodeBitmap: width = 38, height = 56, encodedFormat = 4
09-16 23:43:57.252 W/HWUI    ( 2678): Image decoding logging dropped!
09-16 23:43:57.255 D/HWUI    ( 2678): ImageDecoder_nDecodeBitmap: width = 52, height = 56, encodedFormat = 4
09-16 23:43:57.255 W/HWUI    ( 2678): Image decoding logging dropped!
09-16 23:43:57.258 I/HfLooper( 1192): sensor 33171111 = 424.000000 1.000000  40759664914486
09-16 23:43:57.258 I/HfLooper( 1192): sensor light = 36.101002 40759664914486
09-16 23:43:57.258 I/libsensor-displayalgo( 1557): #### sensorDataCallback  value of event C:424.000000,R:1.000000,G:0.000000,B:0.000000,40759664914486, bl: 516
09-16 23:43:57.259 I/libsensor-displayalgo( 1557): input time 40759664914486 cwbtime:40759647611229, preInput time:40759554491740
09-16 23:43:57.259 I/libsensor-displayalgo( 1557): startCalculateLux: miui or fac not first
09-16 23:43:57.259 I/libsensor-displayalgo( 1557): #### inputSensorEventChanged set to true!!!
09-16 23:43:57.259 I/libsensor-displayalgo( 1557): #### startCalculateLux time of diff: 40759647611229:40759664914486
09-16 23:43:57.259 I/libsensor-displayalgo( 1557): ####startCalculateLuxdiff: 17303257
09-16 23:43:57.259 I/libsensor-displayalgo( 1557): #### startCalculateLux current input event time: 40759664914486 40759554491740
09-16 23:43:57.260 D/ControlCenterHeaderExpandController( 2678): onExpansionChanged: progress =  0.0
09-16 23:43:57.264 D/HWUI    ( 2678): ImageDecoder_nDecodeBitmap: width = 47, height = 53, encodedFormat = 4
09-16 23:43:57.265 W/HWUI    ( 2678): Image decoding logging dropped!
09-16 23:43:57.265 I/hwcomposer( 1182): [HRT] only_has_blit_dev_job:0, run simpleLayeringRule.  
09-16 23:43:57.267 D/HWUI    ( 2678): ImageDecoder_nDecodeBitmap: width = 56, height = 56, encodedFormat = 4
09-16 23:43:57.267 W/libc    ( 1282): Access denied finding property "ro.vendor.display.max_hdr_luminance"
09-16 23:43:57.268 W/HWUI    ( 2678): Image decoding logging dropped!
09-16 23:43:57.271 D/HWUI    ( 2678): ImageDecoder_nDecodeBitmap: width = 49, height = 56, encodedFormat = 4
09-16 23:43:57.271 W/HWUI    ( 2678): Image decoding logging dropped!
09-16 23:43:57.272 D/HWUI    ( 2678): ImageDecoder_nDecodeBitmap: width = 41, height = 53, encodedFormat = 4
09-16 23:43:57.272 W/HWUI    ( 2678): Image decoding logging dropped!
09-16 23:43:57.274 D/HWUI    ( 2678): ImageDecoder_nDecodeBitmap: width = 46, height = 53, encodedFormat = 4
09-16 23:43:57.275 W/HWUI    ( 2678): Image decoding logging dropped!
09-16 23:43:57.275 I/hwcomposer( 1182): [HRT] only_has_blit_dev_job:0, run simpleLayeringRule.  
09-16 23:43:57.275 D/HWUI    ( 2678): ImageDecoder_nDecodeBitmap: width = 19, height = 56, encodedFormat = 4
09-16 23:43:57.276 W/HWUI    ( 2678): Image decoding logging dropped!
09-16 23:43:57.277 D/HWUI    ( 2678): ImageDecoder_nDecodeBitmap: width = 47, height = 53, encodedFormat = 4
09-16 23:43:57.277 W/HWUI    ( 2678): Image decoding logging dropped!
09-16 23:43:57.278 D/HWUI    ( 2678): ImageDecoder_nDecodeBitmap: width = 56, height = 56, encodedFormat = 4
09-16 23:43:57.278 W/HWUI    ( 2678): Image decoding logging dropped!
09-16 23:43:57.279 D/HWUI    ( 2678): ImageDecoder_nDecodeBitmap: width = 49, height = 56, encodedFormat = 4
09-16 23:43:57.280 W/HWUI    ( 2678): Image decoding logging dropped!
09-16 23:43:57.281 D/HWUI    ( 2678): ImageDecoder_nDecodeBitmap: width = 41, height = 53, encodedFormat = 4
09-16 23:43:57.281 W/HWUI    ( 2678): Image decoding logging dropped!
09-16 23:43:57.283 D/HWUI    ( 2678): ImageDecoder_nDecodeBitmap: width = 46, height = 53, encodedFormat = 4
09-16 23:43:57.283 W/HWUI    ( 2678): Image decoding logging dropped!
09-16 23:43:57.284 D/HWUI    ( 2678): ImageDecoder_nDecodeBitmap: width = 19, height = 56, encodedFormat = 4
09-16 23:43:57.284 W/HWUI    ( 2678): Image decoding logging dropped!
09-16 23:43:57.308 I/hwcomposer( 1182): [HRT] only_has_blit_dev_job:0, run simpleLayeringRule.  
09-16 23:43:57.312 I/HfLooper( 1192): sensor 33171111 = 424.000000 0.000000  40759719907466
09-16 23:43:57.313 I/HfLooper( 1192): sensor light = 36.101002 40759719907466
09-16 23:43:57.313 I/libsensor-displayalgo( 1557): #### sensorDataCallback  value of event C:424.000000,R:0.000000,G:0.000000,B:0.000000,40759719907466, bl: 516
09-16 23:43:57.314 I/libsensor-displayalgo( 1557): input time 40759719907466 cwbtime:40759647611229, preInput time:40759554491740
09-16 23:43:57.314 I/libsensor-displayalgo( 1557): startCalculateLux: miui or fac not first
09-16 23:43:57.314 I/libsensor-displayalgo( 1557): #### startCalculateLux time of diff: 40759647611229:40759719907466:72296237
09-16 23:43:57.314 I/libsensor-displayalgo( 1557): #### inputSensorEventChanged set to true!!!
09-16 23:43:57.314 I/libsensor-displayalgo( 1557): #### startCalculateLux time of diff: 40759647611229:40759664914486
09-16 23:43:57.314 I/libsensor-displayalgo( 1557): ####startCalculateLuxdiff: 72296237
09-16 23:43:57.314 I/libsensor-displayalgo( 1557): #### startCalculateLux current input event time: 40759719907466 40759554491740
09-16 23:43:57.314 I/libsensor-displayalgo( 1557): #### value of  inputBrightness's brightness_51:516,preBrightness's brightness_51:516,lastPredictedLight :342.320829,brightnessDiff:0.000000,sensorDataDiff:-0.123832
09-16 23:43:57.314 I/libsensor-displayalgo( 1557): #### inputBrightness's timestamp:40418240916747,value of brightness time diff:341478990719, index: 60
09-16 23:43:57.314 I/libsensor-displayalgo( 1557): #### inputSensorEventChanged: 1!!!
09-16 23:43:57.314 I/libsensor-displayalgo( 1557): getInputData start: input[0]:516.000000,inputBrightness.panel_1.brightness_51:0.000000
09-16 23:43:57.314 I/libsensor-displayalgo( 1557): getInputData end: input[0]:516.000000,inputBrightness.panel_1.brightness_51:0.000000
09-16 23:43:57.314 I/libsensor-displayalgo( 1557): alsAlgo: second panel
09-16 23:43:57.315 I/libsensor-displayalgo( 1557): CWB_ALS: model output raw: 391.865870 0.252785
09-16 23:43:57.315 I/libsensor-displayalgo( 1557): HSV RGB R= 238.168744,G= 237.438874,B= 243.424117
09-16 23:43:57.315 I/libsensor-displayalgo( 1557): HSV RGB maxValue:243.424117, minValue:237.438874
09-16 23:43:57.315 E/libsensor-displayalgo( 1557): the value of tmp1:372.440000 tmp 449.960000
09-16 23:43:57.315 I/libsensor-displayalgo( 1557): the value of ratio1 is 0.827718
09-16 23:43:57.315 E/libsensor-displayalgo( 1557): the value of tmp1:0.000000 tmp 0.000000
09-16 23:43:57.315 I/libsensor-displayalgo( 1557): the value of ratio1 is 1.000000
09-16 23:43:57.315 I/libsensor-displayalgo( 1557): Write:the value of channelCali ALS:324.4, IR:0.3, scales:1.000000, hsv:-1.000000
09-16 23:43:57.315 I/libsensor-displayalgo( 1557): the value of hsv: -1.000000
09-16 23:43:57.315 I/libsensor-displayalgo( 1557): the value of  ir: 0.000000  Coef: 23701.878000 19699.158000 12075.050000 12075.050000 
09-16 23:43:57.315 I/libsensor-displayalgo( 1557): the value of  REAL LUX 46.128647
09-16 23:43:57.315 D/libsensor-displayalgo( 1557): brightness:516.000000,flat_mode:1.000000,R1:130979.297150,G1:130136.988357,B1:137299.855197,EVENT ALS:424.000000,IR:0.000000lux: 46.128647
09-16 23:43:57.315 I/libsensor-displayalgo( 1557): dbv:516,lux:46.1,hsv:-1.0,dc:0CWB R:130979.3,G:130137.0,B:137299.9Event ALS:424.0,IR:0.0Cali ALS:0.0,IR:0.0
09-16 23:43:57.315 I/libsensor-displayalgo( 1557): luxAges[0]=0.000000, index=2
09-16 23:43:57.315 I/libsensor-displayalgo( 1557): luxAges[1]=0.000000, index=3
09-16 23:43:57.315 I/libsensor-displayalgo( 1557): luxAges[2]=0.000000, index=1
09-16 23:43:57.315 I/libsensor-displayalgo( 1557): medianFilter[index]=63.996059 46.128647 158.469666
09-16 23:43:57.318 I/eara_io@boost( 1484): [eara_io_boost] [earaio_ufs0] wl 0 , top 0 , req_r 0 , req_w 0 , top_r_sz 0 , top_w_sz 0, reqc_rand 0, , fuse_req_cnt 0, 0, pid 0 0
09-16 23:43:57.318 I/eara_io@boost( 1484): [eara_io_boost] init_w_threshold_accu_mb 0 , init_w_threshold_accu_mb_prev 0 , perf_rsc_init_w_to_set -1
09-16 23:43:57.318 I/eara_io@boost( 1484): [eara_io_boost] boost=0 fuse_boost=0
09-16 23:43:57.336 I/ayer.amarplayer(16554): Compiler allocated 6807KB to compile void android.view.ViewRootImpl.performTraversals()
09-16 23:43:57.350 I/hwcomposer( 1182): [HWC] (0)fire a callback of refresh to SF[4]  
09-16 23:43:57.358 I/hwcomposer( 1182): [HRT] only_has_blit_dev_job:0, run simpleLayeringRule.  
09-16 23:43:57.359 E/HwcComposer( 1282): presentOrValidateDisplay 0 presentFence:-1
09-16 23:43:57.363 I/BufferQueueProducer( 1282): [FramebufferSurface](this:0xb400007925609940,id:-1,api:1,p:1282,c:1282) queueBuffer: fps=0.68 dur=1471.66 max=1471.66 min=1471.66
09-16 23:43:57.364 I/MI-SF   ( 1282): surfaceflinger setAffinity mode=1
09-16 23:43:57.365 E/MI-SF   ( 1282): surfaceflinger setAffinity success
09-16 23:43:57.365 I/MI-SF   ( 1282): surfaceflinger setreAffinity reTid=1352
09-16 23:43:57.365 E/MI-SF   ( 1282): surfaceflinger setAffinity success
09-16 23:43:57.368 I/HfLooper( 1192): sensor 33171111 = 424.000000 0.000000  40759774936389
09-16 23:43:57.368 I/HfLooper( 1192): sensor light = 36.101002 40759774936389
09-16 23:43:57.369 I/libsensor-displayalgo( 1557): #### sensorDataCallback  value of event C:424.000000,R:0.000000,G:0.000000,B:0.000000,40759774936389, bl: 516
09-16 23:43:57.369 I/libsensor-displayalgo( 1557): input time 40759774936389 cwbtime:40759647611229, preInput time:40759719907466
09-16 23:43:57.369 I/libsensor-displayalgo( 1557): startCalculateLux: miui or fac not first
09-16 23:43:57.369 I/libsensor-displayalgo( 1557): #### startCalculateLux time of diff: 40759647611229:40759774936389:127325160
09-16 23:43:57.369 I/libsensor-displayalgo( 1557): #### startCalculateLux time of diff: 40759647611229:40759719907466:72296237
09-16 23:43:57.369 I/libsensor-displayalgo( 1557): #### startCalculateLux time of diff: 40759647611229:40759664914486
09-16 23:43:57.369 I/libsensor-displayalgo( 1557): ####startCalculateLuxdiff: 72296237
09-16 23:43:57.369 I/libsensor-displayalgo( 1557): #### startCalculateLux current input event time: 40759719907466 40759719907466
09-16 23:43:57.369 I/libsensor-displayalgo( 1557): #### value of  inputBrightness's brightness_51:516,preBrightness's brightness_51:516,lastPredictedLight :99.645558,brightnessDiff:0.000000,sensorDataDiff:0.000000
09-16 23:43:57.369 I/libsensor-displayalgo( 1557): #### inputBrightness's timestamp:40418240916747,value of brightness time diff:341478990719, index: 60
09-16 23:43:57.369 I/libsensor-displayalgo( 1557): #### inputSensorEventChanged: 0!!!
09-16 23:43:57.381 D/JavaheapMonitor( 2678): Java heap used=58M max=256M, proc: com.android.systemui
09-16 23:43:57.381 V/JavaheapMonitor( 2678): Check java heap usage finished! Next check delay: 180000
09-16 23:43:57.384 D/JavaheapMonitor( 6689): Java heap used=7M max=256M, proc: com.miui.powerkeeper
09-16 23:43:57.384 V/JavaheapMonitor( 6689): Check java heap usage finished! Next check delay: 300000
09-16 23:43:57.401 I/python  (16554): DEBUG 1: main() mulai
09-16 23:43:57.412 W/libc    (16554): Access denied finding property "vendor.migl.debug"
09-16 23:43:57.412 I/libMiGL (16554): EnableDR: 0
09-16 23:43:57.412 D/libMiGL (16554): mDFIInterval: -1
09-16 23:43:57.412 D/libMEOW (16554): meow new tls: 0xb400007860b50150
09-16 23:43:57.415 D/libMEOW (16554): meow reload base cfg path: na
09-16 23:43:57.415 D/libMEOW (16554): meow reload overlay cfg path: na
09-16 23:43:57.415 D/libMEOW (16554): applied 0 plugin for [org.amarplayer.amarplayer].
09-16 23:43:57.415 I/mali    (16554): Successfully parsed 2 environment variable(s) from /vendor/etc/mali_platform.config.
09-16 23:43:57.418 I/eara_io@boost( 1484): [eara_io_boost] [earaio_ufs0] wl 22 , top 77 , req_r 68 , req_w 0 , top_r_sz 712704 , top_w_sz 0, reqc_rand 6, , fuse_req_cnt 0, 0, pid 0 0
09-16 23:43:57.418 I/eara_io@boost( 1484): [eara_io_boost] init_w_threshold_accu_mb 0 , init_w_threshold_accu_mb_prev 0 , perf_rsc_init_w_to_set -1
09-16 23:43:57.418 I/eara_io@boost( 1484): [eara_io_boost] boost=0 fuse_boost=0
09-16 23:43:57.421 W/HidlServiceManagement(16554): hwservicemanager is not supported on the device.
09-16 23:43:57.422 I/HfLooper( 1192): sensor 33171111 = 424.000000 0.000000  40759829923452
09-16 23:43:57.423 I/HfLooper( 1192): sensor light = 36.101002 40759829923452
09-16 23:43:57.423 I/libsensor-displayalgo( 1557): #### sensorDataCallback  value of event C:424.000000,R:0.000000,G:0.000000,B:0.000000,40759829923452, bl: 516
09-16 23:43:57.423 I/libsensor-displayalgo( 1557): input time 40759829923452 cwbtime:40759647611229, preInput time:40759719907466
09-16 23:43:57.423 I/libsensor-displayalgo( 1557): startCalculateLux: miui or fac not first
09-16 23:43:57.423 I/libsensor-displayalgo( 1557): #### startCalculateLux time of diff: 40759647611229:40759829923452:182312223
09-16 23:43:57.423 I/libsensor-displayalgo( 1557): #### startCalculateLux time of diff: 40759647611229:40759774936389:127325160
09-16 23:43:57.423 I/libsensor-displayalgo( 1557): #### startCalculateLux time of diff: 40759647611229:40759719907466:72296237
09-16 23:43:57.423 I/libsensor-displayalgo( 1557): #### startCalculateLux time of diff: 40759647611229:40759664914486
09-16 23:43:57.423 I/libsensor-displayalgo( 1557): ####startCalculateLuxdiff: 72296237
09-16 23:43:57.423 I/libsensor-displayalgo( 1557): #### startCalculateLux current input event time: 40759719907466 40759719907466
09-16 23:43:57.423 I/libsensor-displayalgo( 1557): #### value of  inputBrightness's brightness_51:516,preBrightness's brightness_51:516,lastPredictedLight :99.645558,brightnessDiff:0.000000,sensorDataDiff:0.000000
09-16 23:43:57.423 I/libsensor-displayalgo( 1557): #### inputBrightness's timestamp:40418240916747,value of brightness time diff:341478990719, index: 60
09-16 23:43:57.424 I/libsensor-displayalgo( 1557): #### inputSensorEventChanged: 0!!!
09-16 23:43:57.424 I/HidlServiceManagement(16554): Trying to get transport of android.hardware.configstore@1.0::ISurfaceFlingerConfigs/default without hwservicemanager
09-16 23:43:57.426 I/ayer.amarplayer(16554): AssetManager2(0xb400007730ae9618) locale list changing from [] to [in-ID]
09-16 23:43:57.445 I/python  (16554): DEBUG 2: QApplication selesai
09-16 23:43:57.450 I/qt.multimedia.ffmpeg(16554): Using Qt multimedia with FFmpeg version 7.1.5 LGPL version 2.1 or later
09-16 23:43:57.459 D/AudioSystem(16554): onNewService: media.audio_policy service obtained 0xb4000076e0a5ff30
09-16 23:43:57.460 D/AudioSystem(16554): getService: checking for service media.audio_policy: 0xb4000076e0a5ff30
09-16 23:43:57.464 D/APM_AudioPolicyManager( 1259): listAudioPorts mAvailableInputDevices 0x80000004, 0x80000040, 0x80000080, 0x80000100, 0x80002000, 0x90000000
09-16 23:43:57.464 D/NativePermissionController( 1259): checkPermission: missing 13 for 10329
09-16 23:43:57.468 D/APM_AudioPolicyManager( 1259): listAudioPorts mAvailableInputDevices 0x80000004, 0x80000040, 0x80000080, 0x80000100, 0x80002000, 0x90000000
09-16 23:43:57.469 D/NativePermissionController( 1259): checkPermission: missing 13 for 10329
09-16 23:43:57.474 D/NativePermissionController( 1259): checkPermission: missing 13 for 10329
09-16 23:43:57.475 D/NativePermissionController( 1259): checkPermission: missing 13 for 10329
09-16 23:43:57.477 I/HfLooper( 1192): sensor 33171111 = 424.000000 0.000000  40759884916072
09-16 23:43:57.478 I/HfLooper( 1192): sensor light = 36.101002 40759884916072
09-16 23:43:57.478 I/libsensor-displayalgo( 1557): #### sensorDataCallback  value of event C:424.000000,R:0.000000,G:0.000000,B:0.000000,40759884916072, bl: 516
09-16 23:43:57.478 I/libsensor-displayalgo( 1557): input time 40759884916072 cwbtime:40759647611229, preInput time:40759719907466
09-16 23:43:57.478 I/libsensor-displayalgo( 1557): startCalculateLux: miui or fac not first
09-16 23:43:57.478 I/libsensor-displayalgo( 1557): #### startCalculateLux time of diff: 40759647611229:40759884916072:237304843
09-16 23:43:57.478 I/libsensor-displayalgo( 1557): #### startCalculateLux time of diff: 40759647611229:40759829923452:182312223
09-16 23:43:57.478 I/libsensor-displayalgo( 1557): #### startCalculateLux time of diff: 40759647611229:40759774936389:127325160
09-16 23:43:57.478 I/libsensor-displayalgo( 1557): #### startCalculateLux time of diff: 40759647611229:40759719907466:72296237
09-16 23:43:57.478 I/libsensor-displayalgo( 1557): #### startCalculateLux time of diff: 40759647611229:40759664914486
09-16 23:43:57.478 I/libsensor-displayalgo( 1557): ####startCalculateLuxdiff: 72296237
09-16 23:43:57.478 I/libsensor-displayalgo( 1557): #### startCalculateLux current input event time: 40759719907466 40759719907466
09-16 23:43:57.479 I/libsensor-displayalgo( 1557): #### value of  inputBrightness's brightness_51:516,preBrightness's brightness_51:516,lastPredictedLight :99.645558,brightnessDiff:0.000000,sensorDataDiff:0.000000
09-16 23:43:57.479 I/libsensor-displayalgo( 1557): #### inputBrightness's timestamp:40418240916747,value of brightness time diff:341478990719, index: 60
09-16 23:43:57.479 I/libsensor-displayalgo( 1557): #### inputSensorEventChanged: 0!!!
09-16 23:43:57.482 W/Finsky  (26693): [2] STU: Failed to get storage stats for package 'com.google.android.uwb' (1601: Error getting stats: android.content.pm.PackageManager.NameNotFoundException)
09-16 23:43:57.484 W/Finsky  (26693): [2] STU: Failed to get storage stats for package 'com.android.wifi' (1601: Error getting stats: android.content.pm.PackageManager.NameNotFoundException)
09-16 23:43:57.500 W/Finsky  (26693): [2] STU: Failed to get storage stats for package 'com.google.android.widevine.nonupdatable' (1601: Error getting stats: android.content.pm.PackageManager.NameNotFoundException)
09-16 23:43:57.515 I/android.hardware.graphics.composer@3.4-service( 1182): Sensor: notify citsensorservice to trigger cwb
09-16 23:43:57.516 I/libsensor-frameBufferManager( 1557): request dump start
09-16 23:43:57.516 I/libsensor-frameBufferManager( 1557): CWB_ALS getDispDump 79 1 400 480 
09-16 23:43:57.516 D/libcomposer_ext( 1557): ClientImplAidl::getDispDump(), dpy 1, dst (400, 480), dump_point 1, release_fence -1
09-16 23:43:57.516 D/libcomposer_ext( 1182): DeviceImplAidl::syncPerform(14), client_handle: 2
09-16 23:43:57.516 D/libcomposer_ext( 1182): DeviceImplAidl::ParseGetDispDump(), dpy 1, dst (400, 480), dump_point 1
09-16 23:43:57.516 I/hwcomposer( 1182): [HWC] getDispDump(), client(2), dpy 1, (79,1,479,481), (400, 480), (1, 2), (-1), (-1), (0xb400007253a0bef0)  
09-16 23:43:57.516 I/hwcomposer( 1182): [DRMDEV] isSupportWbParams(), id_crtc 115, id_connector 33, dump_point 1, src(79, 1, 400, 480), dst(400, 480), config 0  
09-16 23:43:57.516 I/hwcomposer( 1182): [DISP_DUMP] (0 c:2 setDumpBuf():176), client(2), src(79, 1, 479, 481), dst(400, 480), (1, 2), -1, (-1), (0xb400007253a0bef0)  
09-16 23:43:57.516 I/hwcomposer( 1182): [HWC] (0)fire a callback of refresh to SF[9]  
09-16 23:43:57.526 I/hwcomposer( 1182): [HRT] only_has_blit_dev_job:0, run simpleLayeringRule.  
09-16 23:43:57.527 E/HwcComposer( 1282): presentOrValidateDisplay 0 presentFence:-1
09-16 23:43:57.527 D/libcomposer_ext( 1182): DeviceImplAidl::DeviceClientContextAidl::NotifyDispDumpReady(), client_handle:2, buffer:0xb400007253a09550, fence:108, period8333333
09-16 23:43:57.527 D/libcomposer_ext( 1557): ClientCallbackAidl::asyncPerform(15)
09-16 23:43:57.528 I/android.hardware.graphics.composer@3.4-service( 1182): Sensor: notify citsensorservice to trigger cwb
09-16 23:43:57.528 D/libcomposer_ext( 1557): ClientImplAidl::ParseNotifyDispDumpReady()
09-16 23:43:57.528 I/MI-SF   ( 1282): surfaceflinger setAffinity mode=0
09-16 23:43:57.528 I/libsensor-frameBufferManager( 1557): request dump start
09-16 23:43:57.528 I/libsensor-frameBufferManager( 1557): CWB_ALS getDispDump 79 1 400 480 
09-16 23:43:57.528 E/MI-SF   ( 1282): surfaceflinger setAffinity success
09-16 23:43:57.528 D/libcomposer_ext( 1557): ClientImplAidl::getDispDump(), dpy 1, dst (400, 480), dump_point 1, release_fence -1
09-16 23:43:57.529 D/libcomposer_ext( 1182): DeviceImplAidl::syncPerform(14), client_handle: 2
09-16 23:43:57.529 D/libcomposer_ext( 1182): DeviceImplAidl::ParseGetDispDump(), dpy 1, dst (400, 480), dump_point 1
09-16 23:43:57.529 I/hwcomposer( 1182): [HWC] getDispDump(), client(2), dpy 1, (79,1,479,481), (400, 480), (1, 2), (-1), (-1), (0xb400007253a08e90)  
09-16 23:43:57.529 I/hwcomposer( 1182): [DRMDEV] isSupportWbParams(), id_crtc 115, id_connector 33, dump_point 1, src(79, 1, 400, 480), dst(400, 480), config 0  
09-16 23:43:57.529 I/hwcomposer( 1182): [DISP_DUMP] (0 c:2 setDumpBuf():176), client(2), src(79, 1, 479, 481), dst(400, 480), (1, 2), -1, (-1), (0xb400007253a08e90)  
09-16 23:43:57.529 W/libc    ( 1282): Access denied finding property "ro.vendor.display.max_hdr_luminance"
09-16 23:43:57.532 I/HfLooper( 1192): sensor 33171111 = 426.000000 0.000000  40759939908370
09-16 23:43:57.533 I/HfLooper( 1192): sensor light = 36.101002 40759939908370
09-16 23:43:57.533 I/libsensor-displayalgo( 1557): #### sensorDataCallback  value of event C:426.000000,R:0.000000,G:0.000000,B:0.000000,40759939908370, bl: 516
09-16 23:43:57.534 I/libsensor-displayalgo( 1557): input time 40759939908370 cwbtime:40759647611229, preInput time:40759719907466
09-16 23:43:57.534 I/libsensor-displayalgo( 1557): startCalculateLux: miui or fac not first
09-16 23:43:57.534 I/libsensor-displayalgo( 1557): #### startCalculateLux time of diff: 40759647611229:40759939908370:292297141
09-16 23:43:57.534 I/libsensor-displayalgo( 1557): #### startCalculateLux time of diff: 40759647611229:40759884916072:237304843
09-16 23:43:57.534 I/libsensor-displayalgo( 1557): #### startCalculateLux time of diff: 40759647611229:40759829923452:182312223
09-16 23:43:57.534 I/libsensor-displayalgo( 1557): #### startCalculateLux time of diff: 40759647611229:40759774936389:127325160
09-16 23:43:57.534 I/libsensor-displayalgo( 1557): #### startCalculateLux time of diff: 40759647611229:40759719907466:72296237
09-16 23:43:57.534 I/libsensor-displayalgo( 1557): #### startCalculateLux time of diff: 40759647611229:40759664914486
09-16 23:43:57.534 I/libsensor-displayalgo( 1557): ####startCalculateLuxdiff: 72296237
09-16 23:43:57.534 I/libsensor-displayalgo( 1557): #### startCalculateLux current input event time: 40759719907466 40759719907466
09-16 23:43:57.534 I/libsensor-displayalgo( 1557): #### value of  inputBrightness's brightness_51:516,preBrightness's brightness_51:516,lastPredictedLight :99.645558,brightnessDiff:0.000000,sensorDataDiff:0.000000
09-16 23:43:57.534 I/libsensor-displayalgo( 1557): #### inputBrightness's timestamp:40418240916747,value of brightness time diff:341478990719, index: 60
09-16 23:43:57.534 I/libsensor-displayalgo( 1557): #### inputSensorEventChanged: 0!!!
09-16 23:43:57.550 E/libsensor-frameBufferManager( 1557): onCwbSuccess
09-16 23:43:57.553 D/libsensor-parseRGB( 1557): the value of RGB [238.795030 238.000000 244.000000], powPara: 2.152003
09-16 23:43:57.587 I/HfLooper( 1192): sensor 33171111 = 423.000000 0.000000  40759994902739
09-16 23:43:57.587 I/HfLooper( 1192): sensor light = 36.101002 40759994902739
09-16 23:43:57.588 I/libsensor-displayalgo( 1557): #### sensorDataCallback  value of event C:423.000000,R:0.000000,G:0.000000,B:0.000000,40759994902739, bl: 516
09-16 23:43:57.588 I/libsensor-displayalgo( 1557): input time 40759994902739 cwbtime:40759959409998, preInput time:40759719907466
09-16 23:43:57.588 I/libsensor-displayalgo( 1557): startCalculateLux: miui or fac not first
09-16 23:43:57.588 I/libsensor-displayalgo( 1557): #### inputSensorEventChanged set to true!!!
09-16 23:43:57.588 I/libsensor-displayalgo( 1557): #### startCalculateLux time of diff: 40759959409998:40759994902739
09-16 23:43:57.588 I/libsensor-displayalgo( 1557): ####startCalculateLuxdiff: 35492741
09-16 23:43:57.588 I/libsensor-displayalgo( 1557): #### startCalculateLux current input event time: 40759994902739 40759719907466
09-16 23:43:57.592 W/Finsky  (26693): [2] STU: Failed to get storage stats for package 'com.google.android.devicelock' (1601: Error getting stats: android.content.pm.PackageManager.NameNotFoundException)
09-16 23:43:57.606 I/hwcomposer( 1182): [HWC] (0)fire a callback of refresh to SF[4]  
09-16 23:43:57.611 I/hwcomposer( 1182): [HRT] only_has_blit_dev_job:0, run simpleLayeringRule.  
09-16 23:43:57.612 E/HwcComposer( 1282): presentOrValidateDisplay 0 presentFence:-1
09-16 23:43:57.616 D/libcomposer_ext( 1182): DeviceImplAidl::DeviceClientContextAidl::NotifyDispDumpReady(), client_handle:2, buffer:0xb400007253a0c370, fence:36, period8333333
09-16 23:43:57.616 D/libcomposer_ext( 1557): ClientCallbackAidl::asyncPerform(15)
09-16 23:43:57.616 D/libcomposer_ext( 1557): ClientImplAidl::ParseNotifyDispDumpReady()
09-16 23:43:57.617 I/MI-SF   ( 1282): surfaceflinger setAffinity mode=1
09-16 23:43:57.617 E/MI-SF   ( 1282): surfaceflinger setAffinity success
09-16 23:43:57.617 I/MI-SF   ( 1282): surfaceflinger setreAffinity reTid=1352
09-16 23:43:57.617 E/MI-SF   ( 1282): surfaceflinger setAffinity success
09-16 23:43:57.634 E/libsensor-frameBufferManager( 1557): onCwbSuccess
09-16 23:43:57.639 D/libsensor-parseRGB( 1557): the value of RGB [238.763415 238.000000 244.000000], powPara: 2.152003
09-16 23:43:57.642 I/HfLooper( 1192): sensor 33171111 = 421.000000 0.000000  40760049924893
09-16 23:43:57.642 I/HfLooper( 1192): sensor light = 36.101002 40760049924893
09-16 23:43:57.643 I/libsensor-displayalgo( 1557): #### sensorDataCallback  value of event C:421.000000,R:0.000000,G:0.000000,B:0.000000,40760049924893, bl: 516
09-16 23:43:57.643 I/libsensor-displayalgo( 1557): input time 40760049924893 cwbtime:40760043585152, preInput time:40759719907466
09-16 23:43:57.644 I/libsensor-displayalgo( 1557): startCalculateLux: miui or fac not first
09-16 23:43:57.644 I/libsensor-displayalgo( 1557): #### inputSensorEventChanged set to true!!!
09-16 23:43:57.644 I/libsensor-displayalgo( 1557): #### startCalculateLux time of diff: 40760043585152:40760049924893
09-16 23:43:57.644 I/libsensor-displayalgo( 1557): ####startCalculateLuxdiff: 6339741
09-16 23:43:57.644 I/libsensor-displayalgo( 1557): #### startCalculateLux current input event time: 40760049924893 40759719907466
09-16 23:43:57.652 W/Finsky  (26693): [2] STU: Failed to get storage stats for package 'com.android.apex.cts.shim' (1601: Error getting stats: android.content.pm.PackageManager.NameNotFoundException)
09-16 23:43:57.697 I/HfLooper( 1192): sensor 33171111 = 423.000000 0.000000  40760104916970
09-16 23:43:57.698 I/HfLooper( 1192): sensor light = 36.101002 40760104916970
09-16 23:43:57.698 I/libsensor-displayalgo( 1557): #### sensorDataCallback  value of event C:423.000000,R:0.000000,G:0.000000,B:0.000000,40760104916970, bl: 516
09-16 23:43:57.698 I/libsensor-displayalgo( 1557): input time 40760104916970 cwbtime:40760043585152, preInput time:40759719907466
09-16 23:43:57.698 I/libsensor-displayalgo( 1557): startCalculateLux: miui or fac not first
09-16 23:43:57.698 I/libsensor-displayalgo( 1557): #### inputSensorEventChanged set to true!!!
09-16 23:43:57.698 I/libsensor-displayalgo( 1557): #### startCalculateLux time of diff: 40760043585152:40760104916970
09-16 23:43:57.698 I/libsensor-displayalgo( 1557): ####startCalculateLuxdiff: 61331818
09-16 23:43:57.698 I/libsensor-displayalgo( 1557): #### startCalculateLux current input event time: 40760104916970 40759719907466
09-16 23:43:57.711 W/Finsky  (26693): [2] STU: Failed to get storage stats for package 'com.google.android.appsearch' (1601: Error getting stats: android.content.pm.PackageManager.NameNotFoundException)
09-16 23:43:57.719 W/Finsky  (26693): [2] STU: Failed to get storage stats for package 'com.google.android.art' (1601: Error getting stats: android.content.pm.PackageManager.NameNotFoundException)
09-16 23:43:57.739 W/Finsky  (26693): [2] STU: Failed to get storage stats for package 'com.android.bt' (1601: Error getting stats: android.content.pm.PackageManager.NameNotFoundException)
09-16 23:43:57.753 I/HfLooper( 1192): sensor 33171111 = 424.000000 0.000000  40760159915648
09-16 23:43:57.753 I/HfLooper( 1192): sensor light = 36.101002 40760159915648
09-16 23:43:57.753 I/libsensor-displayalgo( 1557): #### sensorDataCallback  value of event C:424.000000,R:0.000000,G:0.000000,B:0.000000,40760159915648, bl: 516
09-16 23:43:57.754 I/libsensor-displayalgo( 1557): input time 40760159915648 cwbtime:40760043585152, preInput time:40759719907466
09-16 23:43:57.754 I/libsensor-displayalgo( 1557): startCalculateLux: miui or fac not first
09-16 23:43:57.754 I/libsensor-displayalgo( 1557): #### startCalculateLux time of diff: 40760043585152:40760159915648:116330496
09-16 23:43:57.754 I/libsensor-displayalgo( 1557): #### inputSensorEventChanged set to true!!!
09-16 23:43:57.754 I/libsensor-displayalgo( 1557): #### startCalculateLux time of diff: 40760043585152:40760104916970
09-16 23:43:57.754 I/libsensor-displayalgo( 1557): ####startCalculateLuxdiff: 116330496
09-16 23:43:57.754 I/libsensor-displayalgo( 1557): #### startCalculateLux current input event time: 40760159915648 40759719907466
09-16 23:43:57.754 I/libsensor-displayalgo( 1557): #### value of  inputBrightness's brightness_51:516,preBrightness's brightness_51:516,lastPredictedLight :99.645558,brightnessDiff:0.000000,sensorDataDiff:0.000000
09-16 23:43:57.754 I/libsensor-displayalgo( 1557): #### inputBrightness's timestamp:40418240916747,value of brightness time diff:341918998901, index: 60
09-16 23:43:57.754 I/libsensor-displayalgo( 1557): #### inputSensorEventChanged: 1!!!
09-16 23:43:57.754 I/libsensor-displayalgo( 1557): getInputData start: input[0]:516.000000,inputBrightness.panel_1.brightness_51:0.000000
09-16 23:43:57.754 I/libsensor-displayalgo( 1557): getInputData end: input[0]:516.000000,inputBrightness.panel_1.brightness_51:0.000000
09-16 23:43:57.754 I/libsensor-displayalgo( 1557): alsAlgo: second panel
09-16 23:43:57.755 I/libsensor-displayalgo( 1557): CWB_ALS: model output raw: 391.658517 0.252655
09-16 23:43:57.755 I/libsensor-displayalgo( 1557): HSV RGB R= 238.166271,G= 237.405241,B= 243.390566
09-16 23:43:57.755 I/libsensor-displayalgo( 1557): HSV RGB maxValue:243.390566, minValue:237.405241
09-16 23:43:57.755 E/libsensor-displayalgo( 1557): the value of tmp1:372.440000 tmp 449.960000
09-16 23:43:57.755 I/libsensor-displayalgo( 1557): the value of ratio1 is 0.827718
09-16 23:43:57.755 E/libsensor-displayalgo( 1557): the value of tmp1:0.000000 tmp 0.000000
09-16 23:43:57.755 I/libsensor-displayalgo( 1557): the value of ratio1 is 1.000000
09-16 23:43:57.755 I/libsensor-displayalgo( 1557): Write:the value of channelCali ALS:324.2, IR:0.3, scales:1.000000, hsv:-1.000000
09-16 23:43:57.755 I/libsensor-displayalgo( 1557): the value of hsv: -1.000000
09-16 23:43:57.755 I/libsensor-displayalgo( 1557): the value of  ir: 0.000000  Coef: 23701.878000 19699.158000 12075.050000 12075.050000 
09-16 23:43:57.755 I/libsensor-displayalgo( 1557): the value of  REAL LUX 46.208099
09-16 23:43:57.755 D/libsensor-displayalgo( 1557): brightness:516.000000,flat_mode:1.000000,R1:131036.961030,G1:130136.988357,B1:137299.855197,EVENT ALS:424.000000,IR:0.000000lux: 46.208099
09-16 23:43:57.755 I/libsensor-displayalgo( 1557): luxAges[0]=0.000000, index=1
09-16 23:43:57.755 I/libsensor-displayalgo( 1557): luxAges[1]=0.000000, index=3
09-16 23:43:57.755 I/libsensor-displayalgo( 1557): luxAges[2]=0.000000, index=2
09-16 23:43:57.755 I/libsensor-displayalgo( 1557): medianFilter[index]=46.128647 46.208099 158.469666
09-16 23:43:57.755 I/libsensor-displayalgo( 1557): ##### the value of lux: 46.208099, cct: 0.000000
09-16 23:43:57.755 E/libsensor-ssccalapi( 1557): Enter calibrateApi process_msg
09-16 23:43:57.755 I/libsensor-ssccalapi( 1557): Sensorgroup get sensor, find 33171111 sensor success
09-16 23:43:57.755 E/HfManager( 1557): successfully try 1 times to wait device ready
09-16 23:43:57.756 E/libsensor-ssccalapi( 1557): [CAL_LUX_VALUE_NOTIFY] 104 201.000000 46.208099 => 46208     0 527332127
09-16 23:43:57.757 E/HfManager( 1557): HfManager::configCalibration sensor = 68 err = 0
09-16 23:43:57.778 W/Finsky  (26693): [2] STU: Failed to get storage stats for package 'com.google.android.mediaprovider' (1601: Error getting stats: android.content.pm.PackageManager.NameNotFoundException)
09-16 23:43:57.784 I/python  (16554): DEBUG 3: AmarPlayer() selesai
09-16 23:43:57.807 I/HfLooper( 1192): sensor 33171111 = 423.000000 1.000000  40760214903648
09-16 23:43:57.807 I/HfLooper( 1192): sensor light = 25.886000 40760214903648
09-16 23:43:57.808 D/AALService( 1511): [CRTC_115] onALIChanged: 36 -> 25
09-16 23:43:57.808 D/AALService( 1511): onALIChanged skip ali evnet since dre off
09-16 23:43:57.808 I/libsensor-displayalgo( 1557): #### sensorDataCallback  value of event C:423.000000,R:1.000000,G:0.000000,B:0.000000,40760214903648, bl: 516
09-16 23:43:57.808 I/libsensor-displayalgo( 1557): input time 40760214903648 cwbtime:40760043585152, preInput time:40760159915648
09-16 23:43:57.809 I/libsensor-displayalgo( 1557): startCalculateLux: miui or fac not first
09-16 23:43:57.809 I/libsensor-displayalgo( 1557): #### startCalculateLux time of diff: 40760043585152:40760214903648:171318496
09-16 23:43:57.809 I/libsensor-displayalgo( 1557): #### startCalculateLux time of diff: 40760043585152:40760159915648:116330496
09-16 23:43:57.809 I/libsensor-displayalgo( 1557): #### startCalculateLux time of diff: 40760043585152:40760104916970
09-16 23:43:57.809 I/libsensor-displayalgo( 1557): ####startCalculateLuxdiff: 116330496
09-16 23:43:57.809 I/libsensor-displayalgo( 1557): #### startCalculateLux current input event time: 40760159915648 40760159915648
09-16 23:43:57.809 I/libsensor-displayalgo( 1557): #### value of  inputBrightness's brightness_51:516,preBrightness's brightness_51:516,lastPredictedLight :99.817188,brightnessDiff:0.000000,sensorDataDiff:0.000000
09-16 23:43:57.809 I/libsensor-displayalgo( 1557): #### inputBrightness's timestamp:40418240916747,value of brightness time diff:341918998901, index: 60
09-16 23:43:57.809 I/libsensor-displayalgo( 1557): #### inputSensorEventChanged: 0!!!
09-16 23:43:57.810 D/HWUI    (16554): ImageDecoder_nDecodeBitmap: width = 104, height = 53, encodedFormat = 4
09-16 23:43:57.811 W/HWUI    (16554): Image decoding logging dropped!
09-16 23:43:57.821 I/Choreographer(16554): first vsync insert message into MessageQueue Head
09-16 23:43:57.822 W/InsetsSource(16554): Has no intersection or mTmpFrame.height(), return Insets.NONE mTmpFrame.height() =0 hasIntersection =false
09-16 23:43:57.822 W/InsetsSource(16554): Has no intersection or mTmpFrame.height(), return Insets.NONE mTmpFrame.height() =0 hasIntersection =false
09-16 23:43:57.822 W/InsetsSource(16554): Has no intersection or mTmpFrame.height(), return Insets.NONE mTmpFrame.height() =0 hasIntersection =false
09-16 23:43:57.822 W/InsetsSource(16554): Has no intersection or mTmpFrame.height(), return Insets.NONE mTmpFrame.height() =0 hasIntersection =false
09-16 23:43:57.836 W/Finsky  (26693): [2] STU: Failed to get storage stats for package 'com.android.virt' (1601: Error getting stats: android.content.pm.PackageManager.NameNotFoundException)
09-16 23:43:57.836 W/Finsky  (26693): [2] STU: Failed to get storage stats for package 'com.google.android.resolv' (1601: Error getting stats: android.content.pm.PackageManager.NameNotFoundException)
09-16 23:43:57.838 I/hwcomposer( 1182): [HRT] only_has_blit_dev_job:0, run simpleLayeringRule.  
09-16 23:43:57.839 E/HwcComposer( 1282): presentOrValidateDisplay 0 presentFence:-1
09-16 23:43:57.839 I/hwcomposer( 1182): [HWCDisplay] (0 updateFps():4143), (type:1, mode:2) fps:46.306587,dur:1036.57,max:223.88,min:4.81  
09-16 23:43:57.840 I/android.hardware.graphics.composer@3.4-service( 1182): Sensor: notify citsensorservice to trigger cwb
09-16 23:43:57.840 I/libsensor-frameBufferManager( 1557): request dump start
09-16 23:43:57.840 I/libsensor-frameBufferManager( 1557): CWB_ALS getDispDump 79 1 400 480 
09-16 23:43:57.840 D/libcomposer_ext( 1557): ClientImplAidl::getDispDump(), dpy 1, dst (400, 480), dump_point 1, release_fence -1
09-16 23:43:57.840 I/MI-SF   ( 1282): surfaceflinger setAffinity mode=0
09-16 23:43:57.840 E/MI-SF   ( 1282): surfaceflinger setAffinity success
09-16 23:43:57.840 D/libcomposer_ext( 1182): DeviceImplAidl::syncPerform(14), client_handle: 2
09-16 23:43:57.840 D/libcomposer_ext( 1182): DeviceImplAidl::ParseGetDispDump(), dpy 1, dst (400, 480), dump_point 1
09-16 23:43:57.840 I/hwcomposer( 1182): [HWC] getDispDump(), client(2), dpy 1, (79,1,479,481), (400, 480), (1, 2), (-1), (-1), (0xb400007253a03c70)  
09-16 23:43:57.840 I/hwcomposer( 1182): [DRMDEV] isSupportWbParams(), id_crtc 115, id_connector 33, dump_point 1, src(79, 1, 400, 480), dst(400, 480), config 0  
09-16 23:43:57.841 I/hwcomposer( 1182): [DISP_DUMP] (0 c:2 setDumpBuf():176), client(2), src(79, 1, 479, 481), dst(400, 480), (1, 2), -1, (-1), (0xb400007253a03c70)  
09-16 23:43:57.841 I/hwcomposer( 1182): [HWC] (0)fire a callback of refresh to SF[9]  
09-16 23:43:57.841 W/libc    ( 1282): Access denied finding property "ro.vendor.display.max_hdr_luminance"
09-16 23:43:57.846 I/hwcomposer( 1182): [HRT] only_has_blit_dev_job:0, run simpleLayeringRule.  
09-16 23:43:57.847 E/HwcComposer( 1282): presentOrValidateDisplay 0 presentFence:-1
09-16 23:43:57.847 D/libcomposer_ext( 1182): DeviceImplAidl::DeviceClientContextAidl::NotifyDispDumpReady(), client_handle:2, buffer:0xb400007253a07db0, fence:119, period8333333
09-16 23:43:57.848 D/libcomposer_ext( 1557): ClientCallbackAidl::asyncPerform(15)
09-16 23:43:57.848 D/libcomposer_ext( 1557): ClientImplAidl::ParseNotifyDispDumpReady()
09-16 23:43:57.858 D/VRI[PythonActivity](16554): getMiuiFreeformStackInfo mTmpFrames.miuiFreeFormStackInfo: null
09-16 23:43:57.859 D/DisplayContentStubImpl( 1956): onNewImeFrame: isImeVisible = false, imeFrame = Rect(0, 0 - 0, 0)
09-16 23:43:57.860 W/InsetsSource( 1956): Has no intersection or mTmpFrame.height(), return Insets.NONE mTmpFrame.height() =0 hasIntersection =false
09-16 23:43:57.860 W/InsetsSource( 1956): Has no intersection or mTmpFrame.height(), return Insets.NONE mTmpFrame.height() =0 hasIntersection =false
09-16 23:43:57.860 D/BarFollowAnimation( 1956): pairAppearanceRegionAndWin win=Window{e7f21f6 u0 org.amarplayer.amarplayer/org.kivy.android.PythonActivity} 0
09-16 23:43:57.860 D/MiuiRefreshRatePolicy( 1956): reset
09-16 23:43:57.862 I/HfLooper( 1192): sensor 33171111 = 423.000000 0.000000  40760269925258
09-16 23:43:57.863 I/HfLooper( 1192): sensor light = 25.886000 40760269925258
09-16 23:43:57.863 W/InsetsSource(16554): Has no intersection or mTmpFrame.height(), return Insets.NONE mTmpFrame.height() =0 hasIntersection =false
09-16 23:43:57.864 I/libsensor-displayalgo( 1557): #### sensorDataCallback  value of event C:423.000000,R:0.000000,G:0.000000,B:0.000000,40760269925258, bl: 516
09-16 23:43:57.864 W/InsetsSource(16554): Has no intersection or mTmpFrame.height(), return Insets.NONE mTmpFrame.height() =0 hasIntersection =false
09-16 23:43:57.864 I/libsensor-displayalgo( 1557): input time 40760269925258 cwbtime:40760043585152, preInput time:40760159915648
09-16 23:43:57.865 I/libsensor-displayalgo( 1557): startCalculateLux: miui or fac not first
09-16 23:43:57.865 I/libsensor-displayalgo( 1557): #### startCalculateLux time of diff: 40760043585152:40760269925258:226340106
09-16 23:43:57.865 I/libsensor-displayalgo( 1557): #### startCalculateLux time of diff: 40760043585152:40760214903648:171318496
09-16 23:43:57.865 I/libsensor-displayalgo( 1557): #### startCalculateLux time of diff: 40760043585152:40760159915648:116330496
09-16 23:43:57.865 I/libsensor-displayalgo( 1557): #### startCalculateLux time of diff: 40760043585152:40760104916970
09-16 23:43:57.865 I/libsensor-displayalgo( 1557): ####startCalculateLuxdiff: 116330496
09-16 23:43:57.865 I/libsensor-displayalgo( 1557): #### startCalculateLux current input event time: 40760159915648 40760159915648
09-16 23:43:57.865 W/InsetsSource(16554): Has no intersection or mTmpFrame.height(), return Insets.NONE mTmpFrame.height() =0 hasIntersection =false
09-16 23:43:57.865 I/libsensor-displayalgo( 1557): #### value of  inputBrightness's brightness_51:516,preBrightness's brightness_51:516,lastPredictedLight :99.817188,brightnessDiff:0.000000,sensorDataDiff:0.000000
09-16 23:43:57.865 I/libsensor-displayalgo( 1557): #### inputBrightness's timestamp:40418240916747,value of brightness time diff:341918998901, index: 60
09-16 23:43:57.865 I/libsensor-displayalgo( 1557): #### inputSensorEventChanged: 0!!!
09-16 23:43:57.865 W/InsetsSource(16554): Has no intersection or mTmpFrame.height(), return Insets.NONE mTmpFrame.height() =0 hasIntersection =false
09-16 23:43:57.869 W/Finsky  (26693): [2] STU: Failed to get storage stats for package 'com.google.android.configinfrastructure' (1601: Error getting stats: android.content.pm.PackageManager.NameNotFoundException)
09-16 23:43:57.869 W/Finsky  (26693): [2] STU: Failed to get storage stats for package 'com.google.android.media' (1601: Error getting stats: android.content.pm.PackageManager.NameNotFoundException)
09-16 23:43:57.870 E/libsensor-frameBufferManager( 1557): onCwbSuccess
09-16 23:43:57.874 I/hwcomposer( 1182): [HRT] only_has_blit_dev_job:0, run simpleLayeringRule.  
09-16 23:43:57.875 D/libsensor-parseRGB( 1557): the value of RGB [238.807173 238.000000 244.000000], powPara: 2.152003
09-16 23:43:57.886 E/HyperSentinel( 1956): ->pid:16554,processName:"usap64",Rss Memory Size Change 50580kb -> 308044kb
09-16 23:43:57.908 I/mtkpower_client( 1956): perf_lock_acq, hdl:38251, dur:3000, num:4, pid:1956, tid:2393
09-16 23:43:57.909 I/mtkpower_client( 1956): ret_hdl:38272
09-16 23:43:57.909 I/mtkpower_client( 1956): perf_lock_rel, hdl:38272, pid: 1956, tid:2393
09-16 23:43:57.910 I/libPowerHal( 1223): cmdSetting - unknown cmd:340c300, scmd:(null) ,param_1:1
09-16 23:43:57.910 I/libPowerHal( 1223): [perfLockAcq] idx:3 hdl:38272 hint:-1 pid:1956 tid:2393 duration:3000 lock_user:system_server => ret_hdl:38272
09-16 23:43:57.910 I/libPowerHal( 1223): end_default_hold_time HindID : 21
09-16 23:43:57.910 I/libPowerHal( 1223): [disableScenarioByHintId] Disable HindID : 21
09-16 23:43:57.910 I/libPowerHal( 1223): [disableScenarioByHintId] disableScenarioByHintId: HindID : 21
09-16 23:43:57.910 I/libPowerHal( 1223): [PD] MTKPOWER_HINT_PROCESS_CREATE update cmd:1408300 param:40, pr:3
09-16 23:43:57.910 I/libPowerHal( 1223): [PD] MTKPOWER_HINT_PROCESS_CREATE update cmd:300c000 param:0, pr:6
09-16 23:43:57.911 I/libPowerHal( 1223): [PD] MTKPOWER_HINT_PROCESS_CREATE update cmd:400000 param:-1 pr:6
09-16 23:43:57.911 I/libPowerHal( 1223): [PD] MTKPOWER_HINT_PROCESS_CREATE update cmd:400100 param:-1 pr:6
09-16 23:43:57.912 I/libPowerHal( 1223): [setDvfsrcDevFreqOpp] opp:2, freq:2400000000
09-16 23:43:57.912 I/libPowerHal( 1223): [PD] MTKPOWER_HINT_PROCESS_CREATE update cmd:1000000 param:2 pr:3
09-16 23:43:57.913 I/libPowerHal( 1223): [PD] MTKPOWER_HINT_PROCESS_CREATE update ONESHOT(unset) cmd:10000700 param:16129 pr:3
09-16 23:43:57.913 I/libPowerHal( 1223): [recordCPUFreqInfo] set cluster[0] min(-1): -1 max(-1): -1 cluster[1] min(-1): -1 max(-1): -1
09-16 23:43:57.913 I/libPowerHal( 1223): [disableScenarioByHintId] Disable HindID : 57
09-16 23:43:57.913 I/libPowerHal( 1223): [PE] system_server update ONESHOT(set) cmd:3410300 param:21 pr:3
09-16 23:43:57.913 I/libPowerHal( 1223): [perfLockAcq] Done for hdl : 38272
09-16 23:43:57.913 I/libPowerHal( 1223): [perfLockRel] hdl:38272, idx:3
09-16 23:43:57.914 I/libPowerHal( 1223): end_default_hold_time HindID : 21
09-16 23:43:57.914 I/libPowerHal( 1223): [disableScenarioByHintId] Disable HindID : 21
09-16 23:43:57.914 I/libPowerHal( 1223): [disableScenarioByHintId] Disable HindID : 57
09-16 23:43:57.914 I/libPowerHal( 1223): [PD] system_server update ONESHOT(unset) cmd:3410300 param:21 pr:3
09-16 23:43:57.914 I/libPowerHal( 1223): [perfLockRel] Done for hdl : 38272
09-16 23:43:57.917 I/HfLooper( 1192): sensor 33171111 = 424.000000 0.000000  40760324919019
09-16 23:43:57.917 I/HfLooper( 1192): sensor light = 25.886000 40760324919019
09-16 23:43:57.918 I/hwcomposer( 1182): [HWC] (0)fire a callback of refresh to SF[4]  
09-16 23:43:57.918 I/libsensor-displayalgo( 1557): #### sensorDataCallback  value of event C:424.000000,R:0.000000,G:0.000000,B:0.000000,40760324919019, bl: 516
09-16 23:43:57.918 I/libsensor-displayalgo( 1557): input time 40760324919019 cwbtime:40760279806613, preInput time:40760159915648
09-16 23:43:57.918 I/libsensor-displayalgo( 1557): startCalculateLux: miui or fac not first
09-16 23:43:57.918 I/libsensor-displayalgo( 1557): #### inputSensorEventChanged set to true!!!
09-16 23:43:57.918 I/libsensor-displayalgo( 1557): #### startCalculateLux time of diff: 40760279806613:40760324919019
09-16 23:43:57.918 I/libsensor-displayalgo( 1557): ####startCalculateLuxdiff: 45112406
09-16 23:43:57.918 I/libsensor-displayalgo( 1557): #### startCalculateLux current input event time: 40760324919019 40760159915648
09-16 23:43:57.920 D/MiuiMultiWindowUtils(16554): freeform resolution args raw data:{  "wide_default":{    "freeform_args": {        "vertical_portrait":{"aspect_ratio":0.626, "original_ratio":0.5643,"original_scale":0.74,"top_margin":0.168,"left_margin":0.484},        "horizontal_portrait":{"aspect_ratio":0.626, "original_ratio":0.5643,"original_scale":0.74,"top_margin":0.1222,"left_margin":0.59745},        "vertical_landscape":{"aspect_ratio":1.6, "original_ratio":0.6992,"original_scale":0.604,"top_margin":0.2596,"left_margin":0.2624},        "horizontal_landscape":{"aspect_ratio":1.6, "original_ratio":0.6992,"original_scale":0.604,"top_margin":0.213,"left_margin":0.3758}    },    "mini_freeform_args":{        "vertical_portrait":{"original_ratio":0.147},        "horizontal_portrait":{"original_ratio":0.147},        "vertical_landscape":{"original_ratio":0.165},        "horizontal_landscape":{"original_ratio":0.165}    }  },  "narrow_default": {    "freeform_args": {        "vertical_portrait":{"aspect_ratio":0.626, "original_ratio":1,"original_scale":0.74,"top_margin":0.0753,"left_margin":-1},        "horizontal_portrait":{"aspect_ratio":0.626, "original_ratio":1,"original_scale":0.5756,"top_margin":-1,"left_margin":0.0753},        "vertical_landscape":{"aspect_ratio":1.6, "original_ratio":1,"original_scale":0.587,"top_margin":0.0753,"left_margin":-1},        "horizontal_landscape":{"aspect_ratio":1.6, "original_ratio":1,"original_scale":0.587,"top_margin":-1,"left_margin":0.0753}    },    "mini_freeform_args":{        "vertical_portrait":{"original_ratio":0.26},        "horizontal_portrait":{"original_ratio":0.26},        "vertical_landscape":{"original_ratio":0.293},        "horizontal_landscape":{"original_ratio":0.293}    }  },  "regular_default": {    "freeform_args": {      "vertical_portrait":{"aspect_ratio":0.625, "original_ratio":1,"original_scale":0.7,"top_margin":0.109,"left_margin":-1},      "horizontal_portrait":{"aspect_ratio":0.6667, "original_ratio":1,"original_scale":0.6102,"top_margin":-1,"left_margin":0.026},      "vertical_landscape":{"aspect_ratio":1.6, "original_ratio":1,"original_scale":0.5899,"top_margin":0.109,"left_margin":-1},      "horizontal_landscape":{"aspect_ratio":1.6, "original_ratio":1,"original_scale":0.5899,"top_margin":-1,"left_margin":0.026}    },    "mini_freeform_args":{      "vertical_portrait":{"original_ratio":0.25},      "horizontal_portrait":{"original_ratio":0.25},      "vertical_landscape":{"original_ratio":0.25},      "horizontal_landscape":{"original_ratio":0.25}    }  },  "pad_default": {    "freeform_args": {      "vertical_portrait":{"aspect_ratio":0.5625, "original_ratio":0.375,"original_scale":0.835,"top_margin":0.049,"left_margin":0.2775},      "horizontal_portrait":{"aspect_ratio":0.5625, "original_ratio":0.375,"original_scale":0.835,"top_margin":-1,"left_margin":0.6525},      "vertical_landscape":{"aspect_ratio":-1, "original_ratio":1,"original_scale":0.468,"top_margin":0.049,"left_margin":-1},      "horizontal_landscape":{"aspect_ratio":-1, "original_ratio":1,"original_scale":0.468,"top_margin":-1,"left_margin":0.4976}    },    "mini_freeform_args":{      "vertical_portrait":{"original_ratio":0.144},      "horizontal_portrait":{"original_ratio":0.144},      "vertical_landscape":{"original_ratio":0.2},      "horizontal_landscape":{"original_ratio":0.2}    }  }}
09-16 23:43:57.923 D/MiuiMultiWindowUtils(16554): initFreeFormResolutionArgs failed, device is spinel
09-16 23:43:57.923 I/hwcomposer( 1182): [HRT] only_has_blit_dev_job:0, run simpleLayeringRule.  
09-16 23:43:57.924 E/HwcComposer( 1282): presentOrValidateDisplay 0 presentFence:-1
09-16 23:43:57.929 I/MI-SF   ( 1282): surfaceflinger setAffinity mode=1
09-16 23:43:57.929 E/MI-SF   ( 1282): surfaceflinger setAffinity success
09-16 23:43:57.929 I/MI-SF   ( 1282): surfaceflinger setreAffinity reTid=1352
09-16 23:43:57.929 E/MI-SF   ( 1282): surfaceflinger setAffinity success
09-16 23:43:57.932 D/VRI[PythonActivity](16554): getMiuiFreeformStackInfo mTmpFrames.miuiFreeFormStackInfo: null
09-16 23:43:57.933 D/SurfaceView(16554): UPDATE null, mIsCastMode = false
09-16 23:43:57.933 D/DisplayContentStubImpl( 1956): onNewImeFrame: isImeVisible = false, imeFrame = Rect(0, 0 - 0, 0)
09-16 23:43:57.933 W/InsetsSource( 1956): Has no intersection or mTmpFrame.height(), return Insets.NONE mTmpFrame.height() =0 hasIntersection =false
09-16 23:43:57.933 W/InsetsSource( 1956): Has no intersection or mTmpFrame.height(), return Insets.NONE mTmpFrame.height() =0 hasIntersection =false
09-16 23:43:57.934 D/SurfaceFlinger( 1282): [SF client] NEW(0xb400007975660e70) for (16554:org.amarplayer.amarplayer)
09-16 23:43:57.934 D/BarFollowAnimation( 1956): pairAppearanceRegionAndWin win=Window{e7f21f6 u0 org.amarplayer.amarplayer/org.kivy.android.PythonActivity} 0
09-16 23:43:57.934 D/MiuiRefreshRatePolicy( 1956): reset
09-16 23:43:57.937 D/ViewRootImplStubImpl(16554): onSurfaceViewAttached:
09-16 23:43:57.937 D/ViewRootImplStubImpl(16554): , vri:android.view.ViewRootImpl@9396fa5, org.amarplayer.amarplayer/org.kivy.android.PythonActivity
09-16 23:43:57.937 D/ViewRootImplStubImpl(16554): , vri size:1080x2392
09-16 23:43:57.937 D/ViewRootImplStubImpl(16554): , surfaceView:org.qtproject.qt.android.QtSurface{9fe232b V.E...... ......ID 0,0-1080,2392}, SurfaceView[org.amarplayer.amarplayer/org.kivy.android.PythonActivity]
09-16 23:43:57.937 D/ViewRootImplStubImpl(16554): , surfaceView size:1080x2392
09-16 23:43:57.937 D/ViewRootImplStubImpl(16554): , surfaceControl:Surface(name=9fe232b SurfaceView[org.amarplayer.amarplayer/org.kivy.android.PythonActivity](BLAST)#10355)/@0xe2e4388
09-16 23:43:57.940 I/hwcomposer( 1182): [HRT] only_has_blit_dev_job:0, run simpleLayeringRule.  
09-16 23:43:57.941 E/HwcComposer( 1282): presentOrValidateDisplay 0 presentFence:-1
09-16 23:43:57.942 I/MI-SF   ( 1282): surfaceflinger setAffinity mode=0
09-16 23:43:57.942 D/BufferQueueConsumer(16554): [](id:40aa00000001,api:0,p:-1,c:16554) connect: controlledByApp=false
09-16 23:43:57.942 E/MI-SF   ( 1282): surfaceflinger setAffinity success
09-16 23:43:57.942 D/BLASTBufferQueue(16554): [9fe232b SurfaceView[org.amarplayer.amarplayer/org.kivy.android.PythonActivity]#1](f:0,a:0) constructor()
09-16 23:43:57.942 D/BLASTBufferQueue(16554): [9fe232b SurfaceView[org.amarplayer.amarplayer/org.kivy.android.PythonActivity]#1](f:0,a:0) update width=1080 height=2392 format=1 mTransformHint=0
09-16 23:43:57.949 D/SurfaceView(16554): UPDATE Surface(name=9fe232b SurfaceView[org.amarplayer.amarplayer/org.kivy.android.PythonActivity]#10354)/@0x5859946, mIsProjectionMode = false
09-16 23:43:57.951 I/hwcomposer( 1182): [HRT] only_has_blit_dev_job:0, run simpleLayeringRule.  
09-16 23:43:57.953 W/Finsky  (26693): [2] STU: Failed to get storage stats for package 'com.android.vndk.v31' (1601: Error getting stats: android.content.pm.PackageManager.NameNotFoundException)
09-16 23:43:57.956 W/Finsky  (26693): [2] STU: Failed to get storage stats for package 'com.android.vndk.v33' (1601: Error getting stats: android.content.pm.PackageManager.NameNotFoundException)
09-16 23:43:57.956 I/SKIA    (16554): CreateGraphicsPipeline pipeline cache hit. elpased time: 6.47 ms.
09-16 23:43:57.960 W/Finsky  (26693): [2] STU: Failed to get storage stats for package 'com.android.vndk.v34' (1601: Error getting stats: android.content.pm.PackageManager.NameNotFoundException)
09-16 23:43:57.966 I/BufferQueueProducer( 1282): [org.amarplayer.amarplayer/org.kivy.android.PythonActivity#10347](this:0xb400007a35906640,id:-1,api:0,p:-1,c:1282) queueBuffer: fps=2.80 dur=1070.54 max=942.12 min=34.16
09-16 23:43:57.969 I/hwcomposer( 1182): [HRT] only_has_blit_dev_job:0, run simpleLayeringRule.  
09-16 23:43:57.972 I/HfLooper( 1192): sensor 33171111 = 424.000000 0.000000  40760379911715
09-16 23:43:57.973 I/HfLooper( 1192): sensor light = 25.886000 40760379911715
09-16 23:43:57.973 I/libsensor-displayalgo( 1557): #### sensorDataCallback  value of event C:424.000000,R:0.000000,G:0.000000,B:0.000000,40760379911715, bl: 516
09-16 23:43:57.974 I/libsensor-displayalgo( 1557): input time 40760379911715 cwbtime:40760279806613, preInput time:40760159915648
09-16 23:43:57.974 I/libsensor-displayalgo( 1557): startCalculateLux: miui or fac not first
09-16 23:43:57.974 I/libsensor-displayalgo( 1557): #### startCalculateLux time of diff: 40760279806613:40760379911715:100105102
09-16 23:43:57.974 I/libsensor-displayalgo( 1557): #### inputSensorEventChanged set to true!!!
09-16 23:43:57.974 I/libsensor-displayalgo( 1557): #### startCalculateLux time of diff: 40760279806613:40760324919019
09-16 23:43:57.974 I/libsensor-displayalgo( 1557): ####startCalculateLuxdiff: 100105102
09-16 23:43:57.974 I/libsensor-displayalgo( 1557): #### startCalculateLux current input event time: 40760379911715 40760159915648
09-16 23:43:57.974 I/libsensor-displayalgo( 1557): #### value of  inputBrightness's brightness_51:516,preBrightness's brightness_51:516,lastPredictedLight :99.817188,brightnessDiff:0.000000,sensorDataDiff:0.000000
09-16 23:43:57.974 I/libsensor-displayalgo( 1557): #### inputBrightness's timestamp:40418240916747,value of brightness time diff:342138994968, index: 60
09-16 23:43:57.974 I/libsensor-displayalgo( 1557): #### inputSensorEventChanged: 1!!!
09-16 23:43:57.974 I/libsensor-displayalgo( 1557): getInputData start: input[0]:516.000000,inputBrightness.panel_1.brightness_51:0.000000
09-16 23:43:57.974 I/libsensor-displayalgo( 1557): getInputData end: input[0]:516.000000,inputBrightness.panel_1.brightness_51:0.000000
09-16 23:43:57.974 I/libsensor-displayalgo( 1557): alsAlgo: second panel
09-16 23:43:57.975 I/libsensor-displayalgo( 1557): CWB_ALS: model output raw: 391.652328 0.252667
09-16 23:43:57.975 I/libsensor-displayalgo( 1557): HSV RGB R= 238.158489,G= 237.404681,B= 243.390121
09-16 23:43:57.975 I/libsensor-displayalgo( 1557): HSV RGB maxValue:243.390121, minValue:237.404681
09-16 23:43:57.975 E/libsensor-displayalgo( 1557): the value of tmp1:372.440000 tmp 449.960000
09-16 23:43:57.975 I/libsensor-displayalgo( 1557): the value of ratio1 is 0.827718
09-16 23:43:57.975 E/libsensor-displayalgo( 1557): the value of tmp1:0.000000 tmp 0.000000
09-16 23:43:57.975 I/libsensor-displayalgo( 1557): the value of ratio1 is 1.000000
09-16 23:43:57.975 I/libsensor-displayalgo( 1557): Write:the value of channelCali ALS:324.2, IR:0.3, scales:1.000000, hsv:-1.000000
09-16 23:43:57.975 I/libsensor-displayalgo( 1557): the value of hsv: -1.000000
09-16 23:43:57.975 I/libsensor-displayalgo( 1557): the value of  ir: 0.000000  Coef: 23701.878000 19699.158000 12075.050000 12075.050000 
09-16 23:43:57.975 I/libsensor-displayalgo( 1557): the value of  REAL LUX 46.210472
09-16 23:43:57.975 D/libsensor-displayalgo( 1557): brightness:516.000000,flat_mode:1.000000,R1:131088.647151,G1:130136.988357,B1:137299.855197,EVENT ALS:424.000000,IR:0.000000lux: 46.210472
09-16 23:43:57.975 I/libsensor-displayalgo( 1557): luxAges[0]=0.000000, index=2
09-16 23:43:57.975 I/libsensor-displayalgo( 1557): luxAges[1]=0.000000, index=1
09-16 23:43:57.975 I/libsensor-displayalgo( 1557): luxAges[2]=0.000000, index=3
09-16 23:43:57.975 I/libsensor-displayalgo( 1557): medianFilter[index]=46.128647 46.208099 46.210472
09-16 23:43:58.006 I/hwcomposer( 1182): [HWC] (0)fire a callback of refresh to SF[4]  
09-16 23:43:58.012 W/Finsky  (26693): [2] STU: Failed to get storage stats for package 'com.android.crashrecovery' (1601: Error getting stats: android.content.pm.PackageManager.NameNotFoundException)
09-16 23:43:58.016 I/hwcomposer( 1182): [HRT] only_has_blit_dev_job:0, run simpleLayeringRule.  
09-16 23:43:58.017 E/HwcComposer( 1282): presentOrValidateDisplay 0 presentFence:-1
09-16 23:43:58.024 I/MI-SF   ( 1282): surfaceflinger setAffinity mode=1
09-16 23:43:58.024 E/MI-SF   ( 1282): surfaceflinger setAffinity success
09-16 23:43:58.024 I/MI-SF   ( 1282): surfaceflinger setreAffinity reTid=1352
09-16 23:43:58.024 E/MI-SF   ( 1282): surfaceflinger setAffinity success
09-16 23:43:58.026 E/frs     ( 3804): Failed to open /sys/kernel/thermal/frs_nl_id: No such file or directory
09-16 23:43:58.026 I/frs     ( 3804): read netlink id fail, reason:No such file or directory
09-16 23:43:58.028 I/HfLooper( 1192): sensor 33171111 = 373.000000 0.000000  40760434904869
09-16 23:43:58.028 I/HfLooper( 1192): sensor light = 25.886000 40760434904869
09-16 23:43:58.029 I/libsensor-displayalgo( 1557): #### sensorDataCallback  value of event C:373.000000,R:0.000000,G:0.000000,B:0.000000,40760434904869, bl: 516
09-16 23:43:58.029 I/libsensor-displayalgo( 1557): input time 40760434904869 cwbtime:40760279806613, preInput time:40760379911715
09-16 23:43:58.029 I/libsensor-displayalgo( 1557): startCalculateLux: miui or fac not first
09-16 23:43:58.029 I/libsensor-displayalgo( 1557): #### startCalculateLux time of diff: 40760279806613:40760434904869:155098256
09-16 23:43:58.029 I/libsensor-displayalgo( 1557): #### startCalculateLux time of diff: 40760279806613:40760379911715:100105102
09-16 23:43:58.029 I/libsensor-displayalgo( 1557): #### startCalculateLux time of diff: 40760279806613:40760324919019
09-16 23:43:58.029 I/libsensor-displayalgo( 1557): ####startCalculateLuxdiff: 100105102
09-16 23:43:58.029 I/libsensor-displayalgo( 1557): #### startCalculateLux current input event time: 40760379911715 40760379911715
09-16 23:43:58.029 I/libsensor-displayalgo( 1557): #### value of  inputBrightness's brightness_51:516,preBrightness's brightness_51:516,lastPredictedLight :99.822311,brightnessDiff:0.000000,sensorDataDiff:0.000000
09-16 23:43:58.029 I/libsensor-displayalgo( 1557): #### inputBrightness's timestamp:40418240916747,value of brightness time diff:342138994968, index: 60
09-16 23:43:58.029 I/libsensor-displayalgo( 1557): #### inputSensorEventChanged: 0!!!
09-16 23:43:58.047 W/adbd    (30336): timed out while waiting for FUNCTIONFS_BIND, trying again
09-16 23:43:58.047 I/adbd    (30336): UsbFfs: connection terminated: monitor thread finished
09-16 23:43:58.070 I/adbd    (30336): opening control endpoint /dev/usb-ffs/adb/ep0
09-16 23:43:58.071 E/Surface (16554): freeAllBuffers: 1 buffers were freed while being dequeued!
09-16 23:43:58.071 W/ayer.amarplayer(16554): Binder 0xb400007830a9b380 destroyed after setInheritRt before being parceled.
09-16 23:43:58.072 W/Finsky  (26693): [2] STU: Failed to get storage stats for package 'com.google.android.sdkext' (1601: Error getting stats: android.content.pm.PackageManager.NameNotFoundException)
09-16 23:43:58.076 D/BLASTBufferQueue(16554): [9fe232b SurfaceView[org.amarplayer.amarplayer/org.kivy.android.PythonActivity]#1](f:0,a:1) acquireNextBufferLocked size=1080x2392 mFrameNumber=1 applyTransaction=true mTimestamp=24411185932839(auto) mPendingTransactions.size=0 graphicBufferId=71098888617992 transform=0
09-16 23:43:58.077 D/InsetsController(16554): hide(ime(), fromIme=false)
09-16 23:43:58.080 I/ImeTracker(16554): org.amarplayer.amarplayer:b3bcd4d0: onRequestHide at ORIGIN_CLIENT reason HIDE_SOFT_INPUT_BY_INSETS_API fromUser false
09-16 23:43:58.080 I/ImeTracker(16554): org.amarplayer.amarplayer:b3bcd4d0: onCancelled at PHASE_CLIENT_ALREADY_HIDDEN
09-16 23:43:58.083 I/HfLooper( 1192): sensor 33171111 = 139.000000 0.000000  40760489895638
09-16 23:43:58.083 I/HfLooper( 1192): sensor light = 25.886000 40760489895638
09-16 23:43:58.084 I/hwcomposer( 1182): [HRT] only_has_blit_dev_job:0, run simpleLayeringRule.  
09-16 23:43:58.084 E/HwcComposer( 1282): presentOrValidateDisplay 0 presentFence:-1
09-16 23:43:58.085 I/libsensor-displayalgo( 1557): #### sensorDataCallback  value of event C:139.000000,R:0.000000,G:0.000000,B:0.000000,40760489895638, bl: 516
09-16 23:43:58.086 I/android.hardware.graphics.composer@3.4-service( 1182): Sensor: notify citsensorservice to trigger cwb
09-16 23:43:58.086 I/MI-SF   ( 1282): surfaceflinger setAffinity mode=0
09-16 23:43:58.086 W/hwcomposer( 1182): [DRMDEV] paramIsSame(), id 2359, w 1080/1080, h 2392/2392, pitch 1088/1088, format 0x2/0x1, secure 0/0  
09-16 23:43:58.086 E/MI-SF   ( 1282): surfaceflinger setAffinity success
09-16 23:43:58.086 I/libsensor-displayalgo( 1557): input time 40760489895638 cwbtime:40760279806613, preInput time:40760379911715
09-16 23:43:58.086 I/libsensor-displayalgo( 1557): startCalculateLux: miui or fac not first
09-16 23:43:58.086 I/libsensor-displayalgo( 1557): #### startCalculateLux time of diff: 40760279806613:40760489895638:210089025
09-16 23:43:58.086 I/libsensor-displayalgo( 1557): #### startCalculateLux time of diff: 40760279806613:40760434904869:155098256
09-16 23:43:58.086 I/libsensor-displayalgo( 1557): #### startCalculateLux time of diff: 40760279806613:40760379911715:100105102
09-16 23:43:58.086 I/libsensor-displayalgo( 1557): #### startCalculateLux time of diff: 40760279806613:40760324919019
09-16 23:43:58.086 I/libsensor-displayalgo( 1557): ####startCalculateLuxdiff: 100105102
09-16 23:43:58.086 I/libsensor-displayalgo( 1557): #### startCalculateLux current input event time: 40760379911715 40760379911715
09-16 23:43:58.086 I/libsensor-displayalgo( 1557): #### value of  inputBrightness's brightness_51:516,preBrightness's brightness_51:516,lastPredictedLight :99.822311,brightnessDiff:0.000000,sensorDataDiff:0.000000
09-16 23:43:58.086 I/libsensor-displayalgo( 1557): #### inputBrightness's timestamp:40418240916747,value of brightness time diff:342138994968, index: 60
09-16 23:43:58.086 I/libsensor-displayalgo( 1557): #### inputSensorEventChanged: 0!!!
09-16 23:43:58.086 I/libsensor-frameBufferManager( 1557): request dump start
09-16 23:43:58.087 I/libsensor-frameBufferManager( 1557): CWB_ALS getDispDump 79 1 400 480 
09-16 23:43:58.087 D/libcomposer_ext( 1557): ClientImplAidl::getDispDump(), dpy 1, dst (400, 480), dump_point 1, release_fence -1
09-16 23:43:58.087 D/libcomposer_ext( 1182): DeviceImplAidl::syncPerform(14), client_handle: 2
09-16 23:43:58.087 D/libcomposer_ext( 1182): DeviceImplAidl::ParseGetDispDump(), dpy 1, dst (400, 480), dump_point 1
09-16 23:43:58.087 W/libc    ( 1282): Access denied finding property "ro.vendor.display.max_hdr_luminance"
09-16 23:43:58.087 I/hwcomposer( 1182): [HWC] getDispDump(), client(2), dpy 1, (79,1,479,481), (400, 480), (1, 2), (-1), (-1), (0xb400007253a07db0)  
09-16 23:43:58.087 I/hwcomposer( 1182): [DRMDEV] isSupportWbParams(), id_crtc 115, id_connector 33, dump_point 1, src(79, 1, 400, 480), dst(400, 480), config 0  
09-16 23:43:58.087 I/hwcomposer( 1182): [DISP_DUMP] (0 c:2 setDumpBuf():176), client(2), src(79, 1, 479, 481), dst(400, 480), (1, 2), -1, (-1), (0xb400007253a07db0)  
09-16 23:43:58.087 I/hwcomposer( 1182): [HWC] (0)fire a callback of refresh to SF[9]  
09-16 23:43:58.092 I/hwcomposer( 1182): [HRT] only_has_blit_dev_job:0, run simpleLayeringRule.  
09-16 23:43:58.092 E/HwcComposer( 1282): presentOrValidateDisplay 0 presentFence:-1
09-16 23:43:58.093 D/libcomposer_ext( 1182): DeviceImplAidl::DeviceClientContextAidl::NotifyDispDumpReady(), client_handle:2, buffer:0xb400007253a04330, fence:143, period8333333
09-16 23:43:58.094 D/libcomposer_ext( 1557): ClientCallbackAidl::asyncPerform(15)
09-16 23:43:58.094 D/libcomposer_ext( 1557): ClientImplAidl::ParseNotifyDispDumpReady()
09-16 23:43:58.096 I/libPerfCtl( 1214): xgfGetFPS pid:1282 fps:-1
09-16 23:43:58.096 I/libPerfCtl( 1214): xgfGetFPS pid:2678 fps:120
09-16 23:43:58.096 I/libPerfCtl( 1214): xgfGetFPS pid:16554 fps:-1
09-16 23:43:58.099 W/Finsky  (26693): [2] STU: Failed to get storage stats for package 'com.google.android.adservices' (1601: Error getting stats: android.content.pm.PackageManager.NameNotFoundException)
09-16 23:43:58.100 W/Finsky  (26693): [2] STU: Failed to get storage stats for package 'com.google.android.tethering' (1601: Error getting stats: android.content.pm.PackageManager.NameNotFoundException)
09-16 23:43:58.114 E/libsensor-frameBufferManager( 1557): onCwbSuccess
09-16 23:43:58.117 I/BufferQueueProducer( 1282): [StatusBar#113](this:0xb400007a35814570,id:-1,api:0,p:-1,c:1282) queueBuffer: fps=16.68 dur=1019.43 max=810.39 min=8.26
09-16 23:43:58.118 D/libsensor-parseRGB( 1557): the value of RGB [0.000000 0.000000 0.000000], powPara: 2.152003
09-16 23:43:58.120 I/hwcomposer( 1182): [HRT] only_has_blit_dev_job:0, run simpleLayeringRule.  
09-16 23:43:58.121 E/HwcComposer( 1282): presentOrValidateDisplay 0 presentFence:-1
09-16 23:43:58.135 I/hwcomposer( 1182): [HRT] only_has_blit_dev_job:0, run simpleLayeringRule.  
09-16 23:43:58.137 I/HfLooper( 1192): sensor 33171111 = 139.000000 0.000000  40760544920037
09-16 23:43:58.138 I/HfLooper( 1192): sensor light = 25.886000 40760544920037
09-16 23:43:58.139 I/libsensor-displayalgo( 1557): #### sensorDataCallback  value of event C:139.000000,R:0.000000,G:0.000000,B:0.000000,40760544920037, bl: 516
09-16 23:43:58.139 I/libsensor-displayalgo( 1557): input time 40760544920037 cwbtime:40760524165690, preInput time:40760379911715
09-16 23:43:58.139 I/libsensor-displayalgo( 1557): startCalculateLux: miui or fac not first
09-16 23:43:58.139 I/libsensor-displayalgo( 1557): #### inputSensorEventChanged set to true!!!
09-16 23:43:58.139 I/libsensor-displayalgo( 1557): #### startCalculateLux time of diff: 40760524165690:40760544920037
09-16 23:43:58.139 I/libsensor-displayalgo( 1557): ####startCalculateLuxdiff: 20754347
09-16 23:43:58.139 I/libsensor-displayalgo( 1557): #### startCalculateLux current input event time: 40760544920037 40760379911715
09-16 23:43:58.144 I/hwcomposer( 1182): [HRT] only_has_blit_dev_job:0, run simpleLayeringRule.  
09-16 23:43:58.152 I/hwcomposer( 1182): [HRT] only_has_blit_dev_job:0, run simpleLayeringRule.  
09-16 23:43:58.160 I/hwcomposer( 1182): [HRT] only_has_blit_dev_job:0, run simpleLayeringRule.  
09-16 23:43:58.170 I/hwcomposer( 1182): [HRT] only_has_blit_dev_job:0, run simpleLayeringRule.  
09-16 23:43:58.177 I/hwcomposer( 1182): [HRT] only_has_blit_dev_job:0, run simpleLayeringRule.  
09-16 23:43:58.182 W/Finsky  (26693): [2] STU: Failed to get storage stats for package 'com.android.runtime' (1601: Error getting stats: android.content.pm.PackageManager.NameNotFoundException)
09-16 23:43:58.187 I/hwcomposer( 1182): [HRT] only_has_blit_dev_job:0, run simpleLayeringRule.  
09-16 23:43:58.193 I/python  (16554): DEBUG 4: window.show() selesai
09-16 23:43:58.193 I/HfLooper( 1192): sensor 33171111 = 143.000000 0.000000  40760599913215
09-16 23:43:58.193 I/HfLooper( 1192): sensor light = 25.886000 40760599913215
09-16 23:43:58.193 I/python  (16554): DEBUG 5: masuk app.exec()
09-16 23:43:58.193 I/libsensor-displayalgo( 1557): #### sensorDataCallback  value of event C:143.000000,R:0.000000,G:0.000000,B:0.000000,40760599913215, bl: 516
09-16 23:43:58.193 I/libsensor-displayalgo( 1557): input time 40760599913215 cwbtime:40760524165690, preInput time:40760379911715
09-16 23:43:58.194 I/libsensor-displayalgo( 1557): startCalculateLux: miui or fac not first
09-16 23:43:58.194 I/libsensor-displayalgo( 1557): #### startCalculateLux time of diff: 40760524165690:40760599913215:75747525
09-16 23:43:58.194 I/libsensor-displayalgo( 1557): #### inputSensorEventChanged set to true!!!
09-16 23:43:58.194 I/libsensor-displayalgo( 1557): #### startCalculateLux time of diff: 40760524165690:40760544920037
09-16 23:43:58.194 I/libsensor-displayalgo( 1557): ####startCalculateLuxdiff: 75747525
09-16 23:43:58.194 I/libsensor-displayalgo( 1557): #### startCalculateLux current input event time: 40760599913215 40760379911715
09-16 23:43:58.194 I/libsensor-displayalgo( 1557): #### value of  inputBrightness's brightness_51:516,preBrightness's brightness_51:516,lastPredictedLight :99.822311,brightnessDiff:0.000000,sensorDataDiff:0.866809
09-16 23:43:58.194 I/libsensor-displayalgo( 1557): #### inputBrightness's timestamp:40418240916747,value of brightness time diff:342358996468, index: 60
09-16 23:43:58.194 I/libsensor-displayalgo( 1557): #### inputSensorEventChanged: 1!!!
09-16 23:43:58.194 I/libsensor-displayalgo( 1557): getInputData start: input[0]:516.000000,inputBrightness.panel_1.brightness_51:0.000000
09-16 23:43:58.194 I/libsensor-displayalgo( 1557): getInputData end: input[0]:516.000000,inputBrightness.panel_1.brightness_51:0.000000
09-16 23:43:58.194 I/libsensor-displayalgo( 1557): alsAlgo: second panel
09-16 23:43:58.194 I/hwcomposer( 1182): [HRT] only_has_blit_dev_job:0, run simpleLayeringRule.  
09-16 23:43:58.195 I/libsensor-displayalgo( 1557): CWB_ALS: model output raw: 2.341418 0.048564
09-16 23:43:58.195 I/libsensor-displayalgo( 1557): HSV RGB R= 0.000000,G= 0.000000,B= 0.000000
09-16 23:43:58.195 I/libsensor-displayalgo( 1557): HSV RGB maxValue:0.000000, minValue:0.000000
09-16 23:43:58.195 E/libsensor-displayalgo( 1557): the value of tmp1:372.440000 tmp 449.960000
09-16 23:43:58.195 I/libsensor-displayalgo( 1557): the value of ratio1 is 0.827718
09-16 23:43:58.195 E/libsensor-displayalgo( 1557): the value of tmp1:0.000000 tmp 0.000000
09-16 23:43:58.195 I/libsensor-displayalgo( 1557): the value of ratio1 is 1.000000
09-16 23:43:58.195 I/libsensor-displayalgo( 1557): Write:the value of channelCali ALS:1.9, IR:0.0, scales:1.000000, hsv:-1.000000
09-16 23:43:58.195 I/libsensor-displayalgo( 1557): the value of hsv: -1.000000
09-16 23:43:58.195 I/libsensor-displayalgo( 1557): the value of  ir: 0.000000  Coef: 23701.878000 19699.158000 12075.050000 12075.050000 
09-16 23:43:58.195 I/libsensor-displayalgo( 1557): the value of  REAL LUX 65.301437
09-16 23:43:58.195 D/libsensor-displayalgo( 1557): brightness:516.000000,flat_mode:1.000000,R1:0.000000,G1:0.000000,B1:0.000000,EVENT ALS:143.000000,IR:0.000000lux: 65.301437
09-16 23:43:58.195 I/libsensor-displayalgo( 1557): dbv:516,lux:65.3,hsv:-1.0,dc:0CWB R:0.0,G:0.0,B:0.0Event ALS:143.0,IR:0.0Cali ALS:0.0,IR:0.0
09-16 23:43:58.195 I/libsensor-displayalgo( 1557): luxAges[0]=0.000000, index=3
09-16 23:43:58.195 I/libsensor-displayalgo( 1557): luxAges[1]=0.000000, index=2
09-16 23:43:58.195 I/libsensor-displayalgo( 1557): luxAges[2]=0.000000, index=1
09-16 23:43:58.195 I/libsensor-displayalgo( 1557): medianFilter[index]=65.301437 46.208099 46.210472
09-16 23:43:58.203 I/hwcomposer( 1182): [HRT] only_has_blit_dev_job:0, run simpleLayeringRule.  
09-16 23:43:58.211 I/hwcomposer( 1182): [HRT] only_has_blit_dev_job:0, run simpleLayeringRule.  
09-16 23:43:58.219 I/hwcomposer( 1182): [HRT] only_has_blit_dev_job:0, run simpleLayeringRule.  
09-16 23:43:58.220 W/Finsky  (26693): [2] STU: Failed to get storage stats for package 'com.google.android.cellbroadcast' (1601: Error getting stats: android.content.pm.PackageManager.NameNotFoundException)
09-16 23:43:58.228 D/DynamicIslandWindowViewController( 2678): handleDynamicIsland: action_update_light
09-16 23:43:58.229 D/DynamicIslandWindowViewController( 2678): handleDynamicIsland: isLight false
09-16 23:43:58.229 I/hwcomposer( 1182): [HRT] only_has_blit_dev_job:0, run simpleLayeringRule.  
09-16 23:43:58.237 I/hwcomposer( 1182): [HRT] only_has_blit_dev_job:0, run simpleLayeringRule.  
09-16 23:43:58.238 D/ControlCenterHeaderExpandController( 2678): onExpansionChanged: progress =  0.0
09-16 23:43:58.242 W/Finsky  (26693): [2] STU: Failed to get storage stats for package 'com.google.android.rkpd' (1601: Error getting stats: android.content.pm.PackageManager.NameNotFoundException)
09-16 23:43:58.245 I/hwcomposer( 1182): [HRT] only_has_blit_dev_job:0, run simpleLayeringRule.  
09-16 23:43:58.247 I/HfLooper( 1192): sensor 33171111 = 144.000000 0.000000  40760654904984
09-16 23:43:58.247 I/HfLooper( 1192): sensor light = 25.886000 40760654904984
09-16 23:43:58.248 I/libsensor-displayalgo( 1557): #### sensorDataCallback  value of event C:144.000000,R:0.000000,G:0.000000,B:0.000000,40760654904984, bl: 516
09-16 23:43:58.248 I/libsensor-displayalgo( 1557): input time 40760654904984 cwbtime:40760524165690, preInput time:40760599913215
09-16 23:43:58.248 I/libsensor-displayalgo( 1557): startCalculateLux: miui or fac not first
09-16 23:43:58.248 I/libsensor-displayalgo( 1557): #### startCalculateLux time of diff: 40760524165690:40760654904984:130739294
09-16 23:43:58.248 I/libsensor-displayalgo( 1557): #### startCalculateLux time of diff: 40760524165690:40760599913215:75747525
09-16 23:43:58.248 I/libsensor-displayalgo( 1557): #### startCalculateLux time of diff: 40760524165690:40760544920037
09-16 23:43:58.248 I/libsensor-displayalgo( 1557): ####startCalculateLuxdiff: 75747525
09-16 23:43:58.248 I/libsensor-displayalgo( 1557): #### startCalculateLux current input event time: 40760599913215 40760599913215
09-16 23:43:58.248 I/libsensor-displayalgo( 1557): #### value of  inputBrightness's brightness_51:516,preBrightness's brightness_51:516,lastPredictedLight :141.061966,brightnessDiff:0.000000,sensorDataDiff:0.000000
09-16 23:43:58.248 I/libsensor-displayalgo( 1557): #### inputBrightness's timestamp:40418240916747,value of brightness time diff:342358996468, index: 60
09-16 23:43:58.248 I/libsensor-displayalgo( 1557): #### inputSensorEventChanged: 0!!!
09-16 23:43:58.253 I/hwcomposer( 1182): [HRT] only_has_blit_dev_job:0, run simpleLayeringRule.  
09-16 23:43:58.270 I/hwcomposer( 1182): [HRT] only_has_blit_dev_job:0, run simpleLayeringRule.  
09-16 23:43:58.296 E/eara_io@service( 1484): [main] notify: boost=1
09-16 23:43:58.297 I/eara_io@boost( 1484): [eara_io_boost] [earaio_ufs0] wl 78 , top 83 , req_r 49 , req_w 123 , top_r_sz 0 , top_w_sz 42971136, reqc_rand 0, , fuse_req_cnt 0, 0, pid 0 0
09-16 23:43:58.297 I/eara_io@boost( 1484): [eara_io_boost] init_w_threshold_accu_mb 0 , init_w_threshold_accu_mb_prev 0 , perf_rsc_init_w_to_set -1
09-16 23:43:58.297 I/eara_io@boost( 1484): [eara_io_boost] boost=0 fuse_boost=0
09-16 23:43:58.303 I/HfLooper( 1192): sensor 33171111 = 145.000000 0.000000  40760709897918
09-16 23:43:58.303 I/HfLooper( 1192): sensor light = 25.886000 40760709897918
09-16 23:43:58.305 I/libsensor-displayalgo( 1557): #### sensorDataCallback  value of event C:145.000000,R:0.000000,G:0.000000,B:0.000000,40760709897918, bl: 516
09-16 23:43:58.305 I/libsensor-displayalgo( 1557): input time 40760709897918 cwbtime:40760524165690, preInput time:40760599913215
09-16 23:43:58.305 I/libsensor-displayalgo( 1557): startCalculateLux: miui or fac not first
09-16 23:43:58.305 I/libsensor-displayalgo( 1557): #### startCalculateLux time of diff: 40760524165690:40760709897918:185732228
09-16 23:43:58.305 I/libsensor-displayalgo( 1557): #### startCalculateLux time of diff: 40760524165690:40760654904984:130739294
09-16 23:43:58.305 I/libsensor-displayalgo( 1557): #### startCalculateLux time of diff: 40760524165690:40760599913215:75747525
09-16 23:43:58.305 I/libsensor-displayalgo( 1557): #### startCalculateLux time of diff: 40760524165690:40760544920037
09-16 23:43:58.305 I/libsensor-displayalgo( 1557): ####startCalculateLuxdiff: 75747525
09-16 23:43:58.305 I/libsensor-displayalgo( 1557): #### startCalculateLux current input event time: 40760599913215 40760599913215
09-16 23:43:58.305 I/libsensor-displayalgo( 1557): #### value of  inputBrightness's brightness_51:516,preBrightness's brightness_51:516,lastPredictedLight :141.061966,brightnessDiff:0.000000,sensorDataDiff:0.000000
09-16 23:43:58.305 I/libsensor-displayalgo( 1557): #### inputBrightness's timestamp:40418240916747,value of brightness time diff:342358996468, index: 60
09-16 23:43:58.305 I/libsensor-displayalgo( 1557): #### inputSensorEventChanged: 0!!!
09-16 23:43:58.322 I/hwcomposer( 1182): [HWC] (0)fire a callback of refresh to SF[4]  
09-16 23:43:58.328 I/hwcomposer( 1182): [HRT] only_has_blit_dev_job:0, run simpleLayeringRule.  
09-16 23:43:58.329 E/HwcComposer( 1282): presentOrValidateDisplay 0 presentFence:-1
09-16 23:43:58.335 I/android.hardware.graphics.composer@3.4-service( 1182): Sensor: notify citsensorservice to trigger cwb
09-16 23:43:58.336 I/libsensor-frameBufferManager( 1557): request dump start
09-16 23:43:58.337 I/MI-SF   ( 1282): surfaceflinger setAffinity mode=1
09-16 23:43:58.337 I/libsensor-frameBufferManager( 1557): CWB_ALS getDispDump 79 1 400 480 
09-16 23:43:58.337 D/libcomposer_ext( 1557): ClientImplAidl::getDispDump(), dpy 1, dst (400, 480), dump_point 1, release_fence -1
09-16 23:43:58.338 E/MI-SF   ( 1282): surfaceflinger setAffinity success
09-16 23:43:58.338 I/MI-SF   ( 1282): surfaceflinger setreAffinity reTid=1352
09-16 23:43:58.338 E/MI-SF   ( 1282): surfaceflinger setAffinity success
09-16 23:43:58.338 D/libcomposer_ext( 1182): DeviceImplAidl::syncPerform(14), client_handle: 2
09-16 23:43:58.338 D/libcomposer_ext( 1182): DeviceImplAidl::ParseGetDispDump(), dpy 1, dst (400, 480), dump_point 1
09-16 23:43:58.338 I/hwcomposer( 1182): [HWC] getDispDump(), client(2), dpy 1, (79,1,479,481), (400, 480), (1, 2), (-1), (-1), (0xb400007253a07c90)  
09-16 23:43:58.338 I/hwcomposer( 1182): [DRMDEV] isSupportWbParams(), id_crtc 115, id_connector 33, dump_point 1, src(79, 1, 400, 480), dst(400, 480), config 0  
09-16 23:43:58.338 I/hwcomposer( 1182): [DISP_DUMP] (0 c:2 setDumpBuf():176), client(2), src(79, 1, 479, 481), dst(400, 480), (1, 2), -1, (-1), (0xb400007253a07c90)  
09-16 23:43:58.338 I/hwcomposer( 1182): [HWC] (0)fire a callback of refresh to SF[9]  
09-16 23:43:58.338 W/libc    ( 1282): Access denied finding property "ro.vendor.display.max_hdr_luminance"
09-16 23:43:58.344 I/hwcomposer( 1182): [HRT] only_has_blit_dev_job:0, run simpleLayeringRule.  
09-16 23:43:58.344 E/HwcComposer( 1282): presentOrValidateDisplay 0 presentFence:-1
09-16 23:43:58.345 D/libcomposer_ext( 1182): DeviceImplAidl::DeviceClientContextAidl::NotifyDispDumpReady(), client_handle:2, buffer:0xb400007253a0b050, fence:152, period8333333
09-16 23:43:58.345 D/libcomposer_ext( 1557): ClientCallbackAidl::asyncPerform(15)
09-16 23:43:58.346 D/libcomposer_ext( 1557): ClientImplAidl::ParseNotifyDispDumpReady()
09-16 23:43:58.346 I/MI-SF   ( 1282): surfaceflinger setAffinity mode=0
09-16 23:43:58.346 E/MI-SF   ( 1282): surfaceflinger setAffinity success
09-16 23:43:58.350 E/WifiStandalone( 1443): conditional wait timedout
09-16 23:43:58.357 I/HfLooper( 1192): sensor 33171111 = 144.000000 0.000000  40760764891672
09-16 23:43:58.358 I/HfLooper( 1192): sensor light = 25.886000 40760764891672
09-16 23:43:58.359 I/libsensor-displayalgo( 1557): #### sensorDataCallback  value of event C:144.000000,R:0.000000,G:0.000000,B:0.000000,40760764891672, bl: 516
09-16 23:43:58.359 I/libsensor-displayalgo( 1557): input time 40760764891672 cwbtime:40760524165690, preInput time:40760599913215
09-16 23:43:58.359 I/libsensor-displayalgo( 1557): startCalculateLux: miui or fac not first
09-16 23:43:58.359 I/libsensor-displayalgo( 1557): #### startCalculateLux time of diff: 40760524165690:40760764891672:240725982
09-16 23:43:58.359 I/libsensor-displayalgo( 1557): #### startCalculateLux time of diff: 40760524165690:40760709897918:185732228
09-16 23:43:58.359 I/libsensor-displayalgo( 1557): #### startCalculateLux time of diff: 40760524165690:40760654904984:130739294
09-16 23:43:58.359 I/libsensor-displayalgo( 1557): #### startCalculateLux time of diff: 40760524165690:40760599913215:75747525
09-16 23:43:58.359 I/libsensor-displayalgo( 1557): #### startCalculateLux time of diff: 40760524165690:40760544920037
09-16 23:43:58.359 I/libsensor-displayalgo( 1557): ####startCalculateLuxdiff: 75747525
09-16 23:43:58.359 I/libsensor-displayalgo( 1557): #### startCalculateLux current input event time: 40760599913215 40760599913215
09-16 23:43:58.359 I/libsensor-displayalgo( 1557): #### value of  inputBrightness's brightness_51:516,preBrightness's brightness_51:516,lastPredictedLight :141.061966,brightnessDiff:0.000000,sensorDataDiff:0.000000
09-16 23:43:58.359 I/libsensor-displayalgo( 1557): #### inputBrightness's timestamp:40418240916747,value of brightness time diff:342358996468, index: 60
09-16 23:43:58.359 I/libsensor-displayalgo( 1557): #### inputSensorEventChanged: 0!!!
09-16 23:43:58.368 E/libsensor-frameBufferManager( 1557): onCwbSuccess
09-16 23:43:58.371 D/libsensor-parseRGB( 1557): the value of RGB [16.000000 16.000000 19.000000], powPara: 2.152003
09-16 23:43:58.397 I/eara_io@boost( 1484): [eara_io_boost] [earaio_ufs0] wl 64 , top 92 , req_r 34 , req_w 486 , top_r_sz 0 , top_w_sz 38932480, reqc_rand 284, , fuse_req_cnt 0, 0, pid 0 0
09-16 23:43:58.397 I/eara_io@boost( 1484): [eara_io_boost] init_w_threshold_accu_mb 0 , init_w_threshold_accu_mb_prev 0 , perf_rsc_init_w_to_set -1
09-16 23:43:58.398 I/eara_io@boost( 1484): [eara_io_boost] boost=1 fuse_boost=0
09-16 23:43:58.398 I/mtkpower_client( 1484): perf_lock_acq, hdl:38268, dur:120, num:12, pid:1484, tid:1484
09-16 23:43:58.398 I/mtkpower_client( 1484): ret_hdl:38273
09-16 23:43:58.398 I/eara_io@boost( 1484): [eara_io_boost] Light eara_io prev_affinity_level 0
09-16 23:43:58.399 I/libPowerHal( 1223): [perfLockAcq] idx:3 hdl:38273 hint:-1 pid:1484 tid:1484 duration:120 lock_user:eara_io_service => ret_hdl:38273
09-16 23:43:58.406 I/libPowerHal( 1223): [PE] eara_io_service update cmd:1408100, param:70, pr:3
09-16 23:43:58.406 I/libPowerHal( 1223): [PE] eara_io_service update cmd:1438300, param:0, pr:3
09-16 23:43:58.406 I/libPowerHal( 1223): [PE] eara_io_service update cmd:1438400, param:0, pr:3
09-16 23:43:58.406 I/libPowerHal( 1223): [PE] eara_io_service update cmd:1438600, param:100000, pr:3
09-16 23:43:58.406 I/libPowerHal( 1223): [PE] eara_io_service update cmd:1438700, param:100000, pr:3
09-16 23:43:58.406 I/libPowerHal( 1223): [perfLockAcq] Done for hdl : 38273
09-16 23:43:58.412 I/HfLooper( 1192): sensor 33171111 = 145.000000 0.000000  40760819913518
09-16 23:43:58.412 I/HfLooper( 1192): sensor light = 25.886000 40760819913518
09-16 23:43:58.413 I/libsensor-displayalgo( 1557): #### sensorDataCallback  value of event C:145.000000,R:0.000000,G:0.000000,B:0.000000,40760819913518, bl: 516
09-16 23:43:58.413 I/libsensor-displayalgo( 1557): input time 40760819913518 cwbtime:40760777268229, preInput time:40760599913215
09-16 23:43:58.413 I/libsensor-displayalgo( 1557): startCalculateLux: miui or fac not first
09-16 23:43:58.413 I/libsensor-displayalgo( 1557): #### inputSensorEventChanged set to true!!!
09-16 23:43:58.413 I/libsensor-displayalgo( 1557): #### startCalculateLux time of diff: 40760777268229:40760819913518
09-16 23:43:58.413 I/libsensor-displayalgo( 1557): ####startCalculateLuxdiff: 42645289
09-16 23:43:58.413 I/libsensor-displayalgo( 1557): #### startCalculateLux current input event time: 40760819913518 40760599913215
09-16 23:43:58.414 I/hwcomposer( 1182): [HWC] (0)fire a callback of refresh to SF[4]  
09-16 23:43:58.421 I/hwcomposer( 1182): [HRT] only_has_blit_dev_job:0, run simpleLayeringRule.  
09-16 23:43:58.421 E/HwcComposer( 1282): presentOrValidateDisplay 0 presentFence:-1
09-16 23:43:58.425 I/BufferQueueProducer( 1282): [FramebufferSurface](this:0xb400007925609940,id:-1,api:1,p:1282,c:1282) queueBuffer: fps=4.71 dur=1062.16 max=312.14 min=91.05
09-16 23:43:58.426 I/MI-SF   ( 1282): surfaceflinger setAffinity mode=1
09-16 23:43:58.427 E/MI-SF   ( 1282): surfaceflinger setAffinity success
09-16 23:43:58.427 I/MI-SF   ( 1282): surfaceflinger setreAffinity reTid=1352
09-16 23:43:58.427 E/MI-SF   ( 1282): surfaceflinger setAffinity success
09-16 23:43:58.427 W/Finsky  (26693): [2] STU: Failed to get storage stats for package 'com.android.compos' (1601: Error getting stats: android.content.pm.PackageManager.NameNotFoundException)
09-16 23:43:58.443 W/Finsky  (26693): [2] STU: Failed to get storage stats for package 'com.google.android.tzdata6' (1601: Error getting stats: android.content.pm.PackageManager.NameNotFoundException)
09-16 23:43:58.463 W/Finsky  (26693): [2] STU: Failed to get storage stats for package 'com.google.android.permission' (1601: Error getting stats: android.content.pm.PackageManager.NameNotFoundException)
09-16 23:43:58.467 I/HfLooper( 1192): sensor 33171111 = 144.000000 0.000000  40760874906217
09-16 23:43:58.467 I/HfLooper( 1192): sensor light = 25.886000 40760874906217
09-16 23:43:58.468 I/libsensor-displayalgo( 1557): #### sensorDataCallback  value of event C:144.000000,R:0.000000,G:0.000000,B:0.000000,40760874906217, bl: 516
09-16 23:43:58.468 I/libsensor-displayalgo( 1557): input time 40760874906217 cwbtime:40760777268229, preInput time:40760599913215
09-16 23:43:58.468 I/libsensor-displayalgo( 1557): startCalculateLux: miui or fac not first
09-16 23:43:58.468 I/libsensor-displayalgo( 1557): #### startCalculateLux time of diff: 40760777268229:40760874906217:97637988
09-16 23:43:58.468 I/libsensor-displayalgo( 1557): #### inputSensorEventChanged set to true!!!
09-16 23:43:58.468 I/libsensor-displayalgo( 1557): #### startCalculateLux time of diff: 40760777268229:40760819913518
09-16 23:43:58.468 I/libsensor-displayalgo( 1557): ####startCalculateLuxdiff: 97637988
09-16 23:43:58.468 I/libsensor-displayalgo( 1557): #### startCalculateLux current input event time: 40760874906217 40760599913215
09-16 23:43:58.468 I/libsensor-displayalgo( 1557): #### value of  inputBrightness's brightness_51:516,preBrightness's brightness_51:516,lastPredictedLight :141.061966,brightnessDiff:0.000000,sensorDataDiff:-0.515987
09-16 23:43:58.468 I/libsensor-displayalgo( 1557): #### inputBrightness's timestamp:40418240916747,value of brightness time diff:342633989470, index: 60
09-16 23:43:58.468 I/libsensor-displayalgo( 1557): #### inputSensorEventChanged: 1!!!
09-16 23:43:58.468 I/libsensor-displayalgo( 1557): getInputData start: input[0]:516.000000,inputBrightness.panel_1.brightness_51:0.000000
09-16 23:43:58.468 I/libsensor-displayalgo( 1557): getInputData end: input[0]:516.000000,inputBrightness.panel_1.brightness_51:0.000000
09-16 23:43:58.468 I/libsensor-displayalgo( 1557): alsAlgo: second panel
09-16 23:43:58.468 I/libsensor-displayalgo( 1557): CWB_ALS: model output raw: 5.926806 0.000000
09-16 23:43:58.468 I/libsensor-displayalgo( 1557): HSV RGB R= 33.082875,G= 33.085984,B= 34.718650
09-16 23:43:58.468 I/libsensor-displayalgo( 1557): HSV RGB maxValue:34.718650, minValue:33.082875
09-16 23:43:58.468 E/libsensor-displayalgo( 1557): the value of tmp1:372.440000 tmp 449.960000
09-16 23:43:58.468 I/libsensor-displayalgo( 1557): the value of ratio1 is 0.827718
09-16 23:43:58.468 E/libsensor-displayalgo( 1557): the value of tmp1:0.000000 tmp 0.000000
09-16 23:43:58.468 I/libsensor-displayalgo( 1557): the value of ratio1 is 1.000000
09-16 23:43:58.468 I/libsensor-displayalgo( 1557): Write:the value of channelCali ALS:4.9, IR:0.0, scales:1.000000, hsv:-1.000000
09-16 23:43:58.468 I/libsensor-displayalgo( 1557): the value of hsv: -1.000000
09-16 23:43:58.468 I/libsensor-displayalgo( 1557): the value of  ir: 0.000000  Coef: 23701.878000 19699.158000 12075.050000 12075.050000 
09-16 23:43:58.468 I/libsensor-displayalgo( 1557): the value of  REAL LUX 64.390533
09-16 23:43:58.468 D/libsensor-displayalgo( 1557): brightness:516.000000,flat_mode:1.000000,R1:390.184327,G1:390.184327,B1:564.782968,EVENT ALS:144.000000,IR:0.000000lux: 64.390533
09-16 23:43:58.468 I/libsensor-displayalgo( 1557): luxAges[0]=0.000000, index=3
09-16 23:43:58.468 I/libsensor-displayalgo( 1557): luxAges[1]=0.000000, index=2
09-16 23:43:58.468 I/libsensor-displayalgo( 1557): luxAges[2]=0.000000, index=1
09-16 23:43:58.468 I/libsensor-displayalgo( 1557): medianFilter[index]=64.390533 46.210472 65.301437
09-16 23:43:58.468 I/libsensor-displayalgo( 1557): ##### the value of lux: 64.390533, cct: 0.000000
09-16 23:43:58.468 E/libsensor-ssccalapi( 1557): Enter calibrateApi process_msg
09-16 23:43:58.468 I/libsensor-ssccalapi( 1557): Sensorgroup get sensor, find 33171111 sensor success
09-16 23:43:58.468 E/HfManager( 1557): successfully try 1 times to wait device ready
09-16 23:43:58.469 E/libsensor-ssccalapi( 1557): [CAL_LUX_VALUE_NOTIFY] 104 201.000000 64.390533 => 64391     0 527332127
09-16 23:43:58.470 E/HfManager( 1557): HfManager::configCalibration sensor = 68 err = 0
09-16 23:43:58.497 I/eara_io@boost( 1484): [eara_io_boost] [earaio_ufs0] wl 58 , top 98 , req_r 86 , req_w 2266 , top_r_sz 12288 , top_w_sz 26333184, reqc_rand 1908, , fuse_req_cnt 0, 0, pid 0 0
09-16 23:43:58.497 I/eara_io@boost( 1484): [eara_io_boost] init_w_threshold_accu_mb 0 , init_w_threshold_accu_mb_prev 0 , perf_rsc_init_w_to_set -1
09-16 23:43:58.497 I/eara_io@boost( 1484): [eara_io_boost] boost=1 fuse_boost=0
09-16 23:43:58.497 I/mtkpower_client( 1484): perf_lock_acq, hdl:38273, dur:120, num:12, pid:1484, tid:1484
09-16 23:43:58.498 I/mtkpower_client( 1484): ret_hdl:38273
09-16 23:43:58.498 I/eara_io@boost( 1484): [eara_io_boost] Light eara_io prev_affinity_level 0
09-16 23:43:58.498 I/libPowerHal( 1223): [perfLockAcq] idx:3 hdl:38273 hint:-1 pid:1484 tid:1484 duration:120 lock_user:eara_io_service => ret_hdl:38273
09-16 23:43:58.500 I/libPowerHal( 1223): [perfLockAcq] Done for hdl : 38273
09-16 23:43:58.522 I/HfLooper( 1192): sensor 33171111 = 145.000000 0.000000  40760929901289
09-16 23:43:58.522 I/HfLooper( 1192): sensor light = 36.073002 40760929901289
09-16 23:43:58.523 D/AALService( 1511): [CRTC_115] onALIChanged: 25 -> 36
09-16 23:43:58.523 I/libsensor-displayalgo( 1557): #### sensorDataCallback  value of event C:145.000000,R:0.000000,G:0.000000,B:0.000000,40760929901289, bl: 516
09-16 23:43:58.523 I/libsensor-displayalgo( 1557): input time 40760929901289 cwbtime:40760777268229, preInput time:40760874906217
09-16 23:43:58.523 D/AALService( 1511): onALIChanged skip ali evnet since dre off
09-16 23:43:58.523 I/libsensor-displayalgo( 1557): startCalculateLux: miui or fac not first
09-16 23:43:58.523 I/libsensor-displayalgo( 1557): #### startCalculateLux time of diff: 40760777268229:40760929901289:152633060
09-16 23:43:58.523 I/libsensor-displayalgo( 1557): #### startCalculateLux time of diff: 40760777268229:40760874906217:97637988
09-16 23:43:58.523 I/libsensor-displayalgo( 1557): #### startCalculateLux time of diff: 40760777268229:40760819913518
09-16 23:43:58.523 I/libsensor-displayalgo( 1557): ####startCalculateLuxdiff: 97637988
09-16 23:43:58.523 I/libsensor-displayalgo( 1557): #### startCalculateLux current input event time: 40760874906217 40760874906217
09-16 23:43:58.523 I/libsensor-displayalgo( 1557): #### value of  inputBrightness's brightness_51:516,preBrightness's brightness_51:516,lastPredictedLight :139.094276,brightnessDiff:0.000000,sensorDataDiff:0.000000
09-16 23:43:58.523 I/libsensor-displayalgo( 1557): #### inputBrightness's timestamp:40418240916747,value of brightness time diff:342633989470, index: 60
09-16 23:43:58.523 I/libsensor-displayalgo( 1557): #### inputSensorEventChanged: 0!!!
09-16 23:43:58.576 I/android.hardware.graphics.composer@3.4-service( 1182): Sensor: notify citsensorservice to trigger cwb
09-16 23:43:58.576 I/libsensor-frameBufferManager( 1557): request dump start
09-16 23:43:58.576 I/libsensor-frameBufferManager( 1557): CWB_ALS getDispDump 79 1 400 480 
09-16 23:43:58.576 D/libcomposer_ext( 1557): ClientImplAidl::getDispDump(), dpy 1, dst (400, 480), dump_point 1, release_fence -1
09-16 23:43:58.576 D/libcomposer_ext( 1182): DeviceImplAidl::syncPerform(14), client_handle: 2
09-16 23:43:58.577 D/libcomposer_ext( 1182): DeviceImplAidl::ParseGetDispDump(), dpy 1, dst (400, 480), dump_point 1
09-16 23:43:58.577 I/hwcomposer( 1182): [HWC] getDispDump(), client(2), dpy 1, (79,1,479,481), (400, 480), (1, 2), (-1), (-1), (0xb400007253a0c370)  
09-16 23:43:58.577 I/hwcomposer( 1182): [DRMDEV] isSupportWbParams(), id_crtc 115, id_connector 33, dump_point 1, src(79, 1, 400, 480), dst(400, 480), config 0  
09-16 23:43:58.577 I/hwcomposer( 1182): [DISP_DUMP] (0 c:2 setDumpBuf():176), client(2), src(79, 1, 479, 481), dst(400, 480), (1, 2), -1, (-1), (0xb400007253a0c370)  
09-16 23:43:58.577 I/hwcomposer( 1182): [HWC] (0)fire a callback of refresh to SF[9]  
09-16 23:43:58.578 I/HfLooper( 1192): sensor 33171111 = 144.000000 0.000000  40760985137587
09-16 23:43:58.578 I/HfLooper( 1192): sensor light = 36.073002 40760985137587
09-16 23:43:58.578 I/libsensor-displayalgo( 1557): #### sensorDataCallback  value of event C:144.000000,R:0.000000,G:0.000000,B:0.000000,40760985137587, bl: 516
09-16 23:43:58.578 I/libsensor-displayalgo( 1557): input time 40760985137587 cwbtime:40760777268229, preInput time:40760874906217
09-16 23:43:58.578 I/libsensor-displayalgo( 1557): startCalculateLux: miui or fac not first
09-16 23:43:58.578 I/libsensor-displayalgo( 1557): #### startCalculateLux time of diff: 40760777268229:40760985137587:207869358
09-16 23:43:58.578 I/libsensor-displayalgo( 1557): #### startCalculateLux time of diff: 40760777268229:40760929901289:152633060
09-16 23:43:58.578 I/libsensor-displayalgo( 1557): #### startCalculateLux time of diff: 40760777268229:40760874906217:97637988
09-16 23:43:58.578 I/libsensor-displayalgo( 1557): #### startCalculateLux time of diff: 40760777268229:40760819913518
09-16 23:43:58.578 I/libsensor-displayalgo( 1557): ####startCalculateLuxdiff: 97637988
09-16 23:43:58.578 I/libsensor-displayalgo( 1557): #### startCalculateLux current input event time: 40760874906217 40760874906217
09-16 23:43:58.578 I/libsensor-displayalgo( 1557): #### value of  inputBrightness's brightness_51:516,preBrightness's brightness_51:516,lastPredictedLight :139.094276,brightnessDiff:0.000000,sensorDataDiff:0.000000
09-16 23:43:58.578 I/libsensor-displayalgo( 1557): #### inputBrightness's timestamp:40418240916747,value of brightness time diff:342633989470, index: 60
09-16 23:43:58.578 I/libsensor-displayalgo( 1557): #### inputSensorEventChanged: 0!!!
09-16 23:43:58.580 I/hwcomposer( 1182): [HRT] only_has_blit_dev_job:0, run simpleLayeringRule.  
09-16 23:43:58.580 E/HwcComposer( 1282): presentOrValidateDisplay 0 presentFence:-1
09-16 23:43:58.581 D/libcomposer_ext( 1182): DeviceImplAidl::DeviceClientContextAidl::NotifyDispDumpReady(), client_handle:2, buffer:0xb400007253a051d0, fence:152, period8333333
09-16 23:43:58.581 D/libcomposer_ext( 1557): ClientCallbackAidl::asyncPerform(15)
09-16 23:43:58.581 D/libcomposer_ext( 1557): ClientImplAidl::ParseNotifyDispDumpReady()
09-16 23:43:58.581 I/android.hardware.graphics.composer@3.4-service( 1182): Sensor: notify citsensorservice to trigger cwb
09-16 23:43:58.581 I/libsensor-frameBufferManager( 1557): request dump start
09-16 23:43:58.581 I/libsensor-frameBufferManager( 1557): CWB_ALS getDispDump 79 1 400 480 
09-16 23:43:58.581 D/libcomposer_ext( 1557): ClientImplAidl::getDispDump(), dpy 1, dst (400, 480), dump_point 1, release_fence -1
09-16 23:43:58.582 I/MI-SF   ( 1282): surfaceflinger setAffinity mode=0
09-16 23:43:58.582 E/MI-SF   ( 1282): surfaceflinger setAffinity success
09-16 23:43:58.582 D/libcomposer_ext( 1182): DeviceImplAidl::syncPerform(14), client_handle: 2
09-16 23:43:58.582 D/libcomposer_ext( 1182): DeviceImplAidl::ParseGetDispDump(), dpy 1, dst (400, 480), dump_point 1
09-16 23:43:58.582 I/hwcomposer( 1182): [HWC] getDispDump(), client(2), dpy 1, (79,1,479,481), (400, 480), (1, 2), (-1), (-1), (0xb400007253a0bdd0)  
09-16 23:43:58.582 I/hwcomposer( 1182): [DRMDEV] isSupportWbParams(), id_crtc 115, id_connector 33, dump_point 1, src(79, 1, 400, 480), dst(400, 480), config 0  
09-16 23:43:58.582 I/hwcomposer( 1182): [DISP_DUMP] (0 c:2 setDumpBuf():176), client(2), src(79, 1, 479, 481), dst(400, 480), (1, 2), -1, (-1), (0xb400007253a0bdd0)  
09-16 23:43:58.583 W/libc    ( 1282): Access denied finding property "ro.vendor.display.max_hdr_luminance"
09-16 23:43:58.597 I/eara_io@boost( 1484): [eara_io_boost] [earaio_ufs0] wl 22 , top 87 , req_r 78 , req_w 92 , top_r_sz 0 , top_w_sz 4448256, reqc_rand 27, , fuse_req_cnt 0, 0, pid 0 0
09-16 23:43:58.597 I/eara_io@boost( 1484): [eara_io_boost] init_w_threshold_accu_mb 0 , init_w_threshold_accu_mb_prev 0 , perf_rsc_init_w_to_set -1
09-16 23:43:58.597 I/eara_io@boost( 1484): [eara_io_boost] boost=1 fuse_boost=0
09-16 23:43:58.597 I/mtkpower_client( 1484): perf_lock_acq, hdl:38273, dur:120, num:12, pid:1484, tid:1484
09-16 23:43:58.598 I/mtkpower_client( 1484): ret_hdl:38273
09-16 23:43:58.598 I/eara_io@boost( 1484): [eara_io_boost] Light eara_io prev_affinity_level 0
09-16 23:43:58.598 I/libPowerHal( 1223): [perfLockAcq] idx:3 hdl:38273 hint:-1 pid:1484 tid:1484 duration:120 lock_user:eara_io_service => ret_hdl:38273
09-16 23:43:58.600 I/libPowerHal( 1223): [perfLockAcq] Done for hdl : 38273
09-16 23:43:58.603 E/libsensor-frameBufferManager( 1557): onCwbSuccess
09-16 23:43:58.605 D/libsensor-parseRGB( 1557): the value of RGB [16.000000 16.000000 19.000000], powPara: 2.152003
09-16 23:43:58.606 D/AudioFlinger( 1259): updateActiveAudioState mLastActiveAudioState=1 isActiveAudio=1
09-16 23:43:58.610 D/AudioFlinger( 1259): updateActiveAudioState mLastActiveAudioState=1 isActiveAudio=1
09-16 23:43:58.610 D/AudioFlinger( 1259): updateActiveAudioState mLastActiveAudioState=1 isActiveAudio=1
09-16 23:43:58.610 D/AudioFlinger( 1259): updateActiveAudioState mLastActiveAudioState=1 isActiveAudio=1
09-16 23:43:58.615 D/AudioFlinger( 1259): updateActiveAudioState mLastActiveAudioState=1 isActiveAudio=0
09-16 23:43:58.632 I/HfLooper( 1192): sensor 33171111 = 144.000000 0.000000  40761039915428
09-16 23:43:58.632 I/HfLooper( 1192): sensor light = 36.073002 40761039915428
09-16 23:43:58.633 I/libsensor-displayalgo( 1557): #### sensorDataCallback  value of event C:144.000000,R:0.000000,G:0.000000,B:0.000000,40761039915428, bl: 516
09-16 23:43:58.633 I/libsensor-displayalgo( 1557): input time 40761039915428 cwbtime:40761013078998, preInput time:40760874906217
09-16 23:43:58.633 I/libsensor-displayalgo( 1557): startCalculateLux: miui or fac not first
09-16 23:43:58.633 I/libsensor-displayalgo( 1557): #### inputSensorEventChanged set to true!!!
09-16 23:43:58.633 I/libsensor-displayalgo( 1557): #### startCalculateLux time of diff: 40761013078998:40761039915428
09-16 23:43:58.633 I/libsensor-displayalgo( 1557): ####startCalculateLuxdiff: 26836430
09-16 23:43:58.633 I/libsensor-displayalgo( 1557): #### startCalculateLux current input event time: 40761039915428 40760874906217
09-16 23:43:58.658 I/hwcomposer( 1182): [HWC] (0)fire a callback of refresh to SF[4]  
09-16 23:43:58.665 I/hwcomposer( 1182): [HRT] only_has_blit_dev_job:0, run simpleLayeringRule.  
09-16 23:43:58.665 E/HwcComposer( 1282): presentOrValidateDisplay 0 presentFence:-1
09-16 23:43:58.669 D/libcomposer_ext( 1182): DeviceImplAidl::DeviceClientContextAidl::NotifyDispDumpReady(), client_handle:2, buffer:0xb400007253a090d0, fence:125, period8333333
09-16 23:43:58.670 D/libcomposer_ext( 1557): ClientCallbackAidl::asyncPerform(15)
09-16 23:43:58.670 D/libcomposer_ext( 1557): ClientImplAidl::ParseNotifyDispDumpReady()
09-16 23:43:58.670 I/MI-SF   ( 1282): surfaceflinger setAffinity mode=1
09-16 23:43:58.671 E/MI-SF   ( 1282): surfaceflinger setAffinity success
09-16 23:43:58.671 I/MI-SF   ( 1282): surfaceflinger setreAffinity reTid=1352
09-16 23:43:58.671 E/MI-SF   ( 1282): surfaceflinger setAffinity success
09-16 23:43:58.687 I/HfLooper( 1192): sensor 33171111 = 144.000000 0.000000  40761094906726
09-16 23:43:58.687 I/HfLooper( 1192): sensor light = 36.073002 40761094906726
09-16 23:43:58.688 E/libsensor-frameBufferManager( 1557): onCwbSuccess
09-16 23:43:58.692 D/libsensor-parseRGB( 1557): the value of RGB [16.000000 16.000000 19.000000], powPara: 2.152003
09-16 23:43:58.692 I/libsensor-displayalgo( 1557): #### sensorDataCallback  value of event C:144.000000,R:0.000000,G:0.000000,B:0.000000,40761094906726, bl: 516
09-16 23:43:58.692 I/libsensor-displayalgo( 1557): input time 40761094906726 cwbtime:40761097352537, preInput time:40760874906217
09-16 23:43:58.692 I/libsensor-displayalgo( 1557): startCalculateLux: miui or fac not first
09-16 23:43:58.692 I/libsensor-displayalgo( 1557): #### inputSensorEventChanged set to true!!!
09-16 23:43:58.692 I/libsensor-displayalgo( 1557): #### startCalculateLux time of diff: 40761097352537:40761094906726
09-16 23:43:58.692 I/libsensor-displayalgo( 1557): ####startCalculateLuxdiff: -2445811
09-16 23:43:58.692 I/libsensor-displayalgo( 1557): #### startCalculateLux current input event time: 40761094906726 40760874906217
09-16 23:43:58.697 I/eara_io@boost( 1484): [eara_io_boost] [earaio_ufs0] wl 33 , top 0 , req_r 168 , req_w 0 , top_r_sz 0 , top_w_sz 0, reqc_rand 0, , fuse_req_cnt 0, 0, pid 0 0
09-16 23:43:58.697 I/eara_io@boost( 1484): [eara_io_boost] init_w_threshold_accu_mb 0 , init_w_threshold_accu_mb_prev 0 , perf_rsc_init_w_to_set -1
09-16 23:43:58.697 I/eara_io@boost( 1484): [eara_io_boost] boost=0 fuse_boost=0
09-16 23:43:58.699 W/Finsky  (26693): [2] STU: Failed to get storage stats for package 'com.google.android.media.swcodec' (1601: Error getting stats: android.content.pm.PackageManager.NameNotFoundException)
09-16 23:43:58.701 W/Finsky  (26693): [2] STU: Failed to get storage stats for package 'com.android.uprobestats' (1601: Error getting stats: android.content.pm.PackageManager.NameNotFoundException)
09-16 23:43:58.712 W/Finsky  (26693): [2] STU: Failed to get storage stats for package 'com.android.profiling' (1601: Error getting stats: android.content.pm.PackageManager.NameNotFoundException)
09-16 23:43:58.720 I/mtkpower@impl( 1223): [powerd_req] TIMER_MSG_PERF_LOCK_TIMEOUT hdl:38273
09-16 23:43:58.720 I/libPowerHal( 1223): [perfLockRel] hdl:38273, idx:3
09-16 23:43:58.720 I/libPowerHal( 1223): [PD] eara_io_service update cmd:1408100 param:0, pr:6
09-16 23:43:58.724 I/libPowerHal( 1223): [PD] eara_io_service update cmd:1438300, param:1000, pr:6
09-16 23:43:58.724 I/libPowerHal( 1223): [PD] eara_io_service update cmd:1438400, param:1000, pr:6
09-16 23:43:58.724 I/libPowerHal( 1223): [PD] eara_io_service update cmd:1438600 param:1000, pr:6
09-16 23:43:58.724 I/libPowerHal( 1223): [PD] eara_io_service update cmd:1438700 param:1000, pr:6
09-16 23:43:58.727 I/libPowerHal( 1223): [perfLockRel] Done for hdl : 38273
09-16 23:43:58.743 I/HfLooper( 1192): sensor 33171111 = 143.000000 0.000000  40761149899659
09-16 23:43:58.743 I/HfLooper( 1192): sensor light = 36.073002 40761149899659
09-16 23:43:58.744 I/libsensor-displayalgo( 1557): #### sensorDataCallback  value of event C:143.000000,R:0.000000,G:0.000000,B:0.000000,40761149899659, bl: 516
09-16 23:43:58.745 I/libsensor-displayalgo( 1557): input time 40761149899659 cwbtime:40761097352537, preInput time:40760874906217
09-16 23:43:58.745 I/libsensor-displayalgo( 1557): startCalculateLux: miui or fac not first
09-16 23:43:58.745 I/libsensor-displayalgo( 1557): #### inputSensorEventChanged set to true!!!
09-16 23:43:58.745 I/libsensor-displayalgo( 1557): #### startCalculateLux time of diff: 40761097352537:40761149899659
09-16 23:43:58.745 I/libsensor-displayalgo( 1557): ####startCalculateLuxdiff: 52547122
09-16 23:43:58.745 I/libsensor-displayalgo( 1557): #### startCalculateLux current input event time: 40761149899659 40760874906217
09-16 23:43:58.795 W/Finsky  (26693): [2] STU: Failed to get storage stats for package 'com.google.android.adbd' (1601: Error getting stats: android.content.pm.PackageManager.NameNotFoundException)
09-16 23:43:58.797 I/eara_io@boost( 1484): [eara_io_boost] [earaio_ufs0] wl 22 , top 0 , req_r 54 , req_w 0 , top_r_sz 0 , top_w_sz 0, reqc_rand 0, , fuse_req_cnt 0, 0, pid 0 0
09-16 23:43:58.798 I/HfLooper( 1192): sensor 33171111 = 144.000000 0.000000  40761204923914
09-16 23:43:58.798 I/eara_io@boost( 1484): [eara_io_boost] init_w_threshold_accu_mb 0 , init_w_threshold_accu_mb_prev 0 , perf_rsc_init_w_to_set -1
09-16 23:43:58.798 I/eara_io@boost( 1484): [eara_io_boost] boost=0 fuse_boost=0
09-16 23:43:58.798 I/HfLooper( 1192): sensor light = 36.073002 40761204923914
09-16 23:43:58.800 I/libsensor-displayalgo( 1557): #### sensorDataCallback  value of event C:144.000000,R:0.000000,G:0.000000,B:0.000000,40761204923914, bl: 516
09-16 23:43:58.800 I/libsensor-displayalgo( 1557): input time 40761204923914 cwbtime:40761097352537, preInput time:40760874906217
09-16 23:43:58.801 I/libsensor-displayalgo( 1557): startCalculateLux: miui or fac not first
09-16 23:43:58.801 I/libsensor-displayalgo( 1557): #### startCalculateLux time of diff: 40761097352537:40761204923914:107571377
09-16 23:43:58.801 I/libsensor-displayalgo( 1557): #### inputSensorEventChanged set to true!!!
09-16 23:43:58.801 I/libsensor-displayalgo( 1557): #### startCalculateLux time of diff: 40761097352537:40761149899659
09-16 23:43:58.801 I/libsensor-displayalgo( 1557): ####startCalculateLuxdiff: 107571377
09-16 23:43:58.802 I/libsensor-displayalgo( 1557): #### startCalculateLux current input event time: 40761204923914 40760874906217
09-16 23:43:58.802 I/libsensor-displayalgo( 1557): #### value of  inputBrightness's brightness_51:516,preBrightness's brightness_51:516,lastPredictedLight :139.094276,brightnessDiff:0.000000,sensorDataDiff:0.000000
09-16 23:43:58.802 I/libsensor-displayalgo( 1557): #### inputBrightness's timestamp:40418240916747,value of brightness time diff:342964007167, index: 60
09-16 23:43:58.802 I/libsensor-displayalgo( 1557): #### inputSensorEventChanged: 1!!!
09-16 23:43:58.803 I/libsensor-displayalgo( 1557): getInputData start: input[0]:516.000000,inputBrightness.panel_1.brightness_51:0.000000
09-16 23:43:58.803 I/libsensor-displayalgo( 1557): getInputData end: input[0]:516.000000,inputBrightness.panel_1.brightness_51:0.000000
09-16 23:43:58.803 I/libsensor-displayalgo( 1557): alsAlgo: second panel
09-16 23:43:58.805 I/libsensor-displayalgo( 1557): CWB_ALS: model output raw: 5.928485 0.000000
09-16 23:43:58.806 I/libsensor-displayalgo( 1557): HSV RGB R= 33.086189,G= 33.089049,B= 34.724303
09-16 23:43:58.806 I/libsensor-displayalgo( 1557): HSV RGB maxValue:34.724303, minValue:33.086189
09-16 23:43:58.806 E/libsensor-displayalgo( 1557): the value of tmp1:372.440000 tmp 449.960000
09-16 23:43:58.807 I/libsensor-displayalgo( 1557): the value of ratio1 is 0.827718
09-16 23:43:58.807 E/libsensor-displayalgo( 1557): the value of tmp1:0.000000 tmp 0.000000
09-16 23:43:58.807 I/libsensor-displayalgo( 1557): the value of ratio1 is 1.000000
09-16 23:43:58.807 I/libsensor-displayalgo( 1557): Write:the value of channelCali ALS:4.9, IR:0.0, scales:1.000000, hsv:-1.000000
09-16 23:43:58.808 I/libsensor-displayalgo( 1557): the value of hsv: -1.000000
09-16 23:43:58.808 I/libsensor-displayalgo( 1557): the value of  ir: 0.000000  Coef: 23701.878000 19699.158000 12075.050000 12075.050000 
09-16 23:43:58.808 I/libsensor-displayalgo( 1557): the value of  REAL LUX 64.389900
09-16 23:43:58.808 D/JavaheapMonitor(  419): Java heap used=3M max=256M, proc: com.xiaomi.mi_connect_service
09-16 23:43:58.808 V/JavaheapMonitor(  419): Check java heap usage finished! Next check delay: 300000
09-16 23:43:58.808 D/libsensor-displayalgo( 1557): brightness:516.000000,flat_mode:1.000000,R1:390.184327,G1:390.184327,B1:564.782968,EVENT ALS:144.000000,IR:0.000000lux: 64.389900
09-16 23:43:58.809 I/libsensor-displayalgo( 1557): luxAges[0]=0.000000, index=3
09-16 23:43:58.809 I/libsensor-displayalgo( 1557): luxAges[1]=0.000000, index=1
09-16 23:43:58.809 I/libsensor-displayalgo( 1557): luxAges[2]=0.000000, index=2
09-16 23:43:58.809 I/libsensor-displayalgo( 1557): medianFilter[index]=64.389900 64.390533 65.301437
09-16 23:43:58.818 W/Finsky  (26693): [2] STU: Failed to get storage stats for package 'com.android.i18n' (1601: Error getting stats: android.content.pm.PackageManager.NameNotFoundException)
09-16 23:43:58.828 W/Finsky  (26693): [2] STU: Failed to get storage stats for package 'com.google.android.conscrypt' (1601: Error getting stats: android.content.pm.PackageManager.NameNotFoundException)
09-16 23:43:58.853 I/HfLooper( 1192): sensor 33171111 = 144.000000 0.000000  40761259916236
09-16 23:43:58.853 I/HfLooper( 1192): sensor light = 36.073002 40761259916236
09-16 23:43:58.854 I/libsensor-displayalgo( 1557): #### sensorDataCallback  value of event C:144.000000,R:0.000000,G:0.000000,B:0.000000,40761259916236, bl: 516
09-16 23:43:58.854 I/libsensor-displayalgo( 1557): input time 40761259916236 cwbtime:40761097352537, preInput time:40761204923914
09-16 23:43:58.855 I/libsensor-displayalgo( 1557): startCalculateLux: miui or fac not first
09-16 23:43:58.855 I/libsensor-displayalgo( 1557): #### startCalculateLux time of diff: 40761097352537:40761259916236:162563699
09-16 23:43:58.855 I/libsensor-displayalgo( 1557): #### startCalculateLux time of diff: 40761097352537:40761204923914:107571377
09-16 23:43:58.855 I/libsensor-displayalgo( 1557): #### startCalculateLux time of diff: 40761097352537:40761149899659
09-16 23:43:58.855 I/libsensor-displayalgo( 1557): ####startCalculateLuxdiff: 107571377
09-16 23:43:58.855 I/libsensor-displayalgo( 1557): #### startCalculateLux current input event time: 40761204923914 40761204923914
09-16 23:43:58.855 I/libsensor-displayalgo( 1557): #### value of  inputBrightness's brightness_51:516,preBrightness's brightness_51:516,lastPredictedLight :139.092886,brightnessDiff:0.000000,sensorDataDiff:0.000000
09-16 23:43:58.855 I/libsensor-displayalgo( 1557): #### inputBrightness's timestamp:40418240916747,value of brightness time diff:342964007167, index: 60
09-16 23:43:58.855 I/libsensor-displayalgo( 1557): #### inputSensorEventChanged: 0!!!
09-16 23:43:58.861 W/Finsky  (26693): [2] STU: Failed to get storage stats for package 'com.android.hardware.cas' (1601: Error getting stats: android.content.pm.PackageManager.NameNotFoundException)
09-16 23:43:58.877 W/Finsky  (26693): [2] STU: Failed to get storage stats for package 'com.google.android.neuralnetworks' (1601: Error getting stats: android.content.pm.PackageManager.NameNotFoundException)
09-16 23:43:58.886 W/Finsky  (26693): [2] STU: Failed to get storage stats for package 'com.google.android.ipsec' (1601: Error getting stats: android.content.pm.PackageManager.NameNotFoundException)
09-16 23:43:58.897 I/eara_io@boost( 1484): [eara_io_boost] [earaio_ufs0] wl 20 , top 0 , req_r 51 , req_w 0 , top_r_sz 0 , top_w_sz 0, reqc_rand 0, , fuse_req_cnt 0, 0, pid 0 0
09-16 23:43:58.898 I/eara_io@boost( 1484): [eara_io_boost] init_w_threshold_accu_mb 0 , init_w_threshold_accu_mb_prev 0 , perf_rsc_init_w_to_set -1
09-16 23:43:58.898 I/eara_io@boost( 1484): [eara_io_boost] boost=0 fuse_boost=0
09-16 23:43:58.906 W/Finsky  (26693): [2] STU: Failed to get storage stats for package 'com.google.android.ondevicepersonalization' (1601: Error getting stats: android.content.pm.PackageManager.NameNotFoundException)
09-16 23:43:58.907 D/ActivityThread(16554): invoke error.
09-16 23:43:58.908 I/HfLooper( 1192): sensor 33171111 = 143.000000 0.000000  40761314908231
09-16 23:43:58.908 I/HfLooper( 1192): sensor light = 36.073002 40761314908231
09-16 23:43:58.909 I/libsensor-displayalgo( 1557): #### sensorDataCallback  value of event C:143.000000,R:0.000000,G:0.000000,B:0.000000,40761314908231, bl: 516
09-16 23:43:58.910 I/libsensor-displayalgo( 1557): input time 40761314908231 cwbtime:40761097352537, preInput time:40761204923914
09-16 23:43:58.910 I/libsensor-displayalgo( 1557): startCalculateLux: miui or fac not first
09-16 23:43:58.910 I/libsensor-displayalgo( 1557): #### startCalculateLux time of diff: 40761097352537:40761314908231:217555694
09-16 23:43:58.910 I/libsensor-displayalgo( 1557): #### startCalculateLux time of diff: 40761097352537:40761259916236:162563699
09-16 23:43:58.910 I/libsensor-displayalgo( 1557): #### startCalculateLux time of diff: 40761097352537:40761204923914:107571377
09-16 23:43:58.910 I/libsensor-displayalgo( 1557): #### startCalculateLux time of diff: 40761097352537:40761149899659
09-16 23:43:58.910 I/libsensor-displayalgo( 1557): ####startCalculateLuxdiff: 107571377
09-16 23:43:58.910 I/libsensor-displayalgo( 1557): #### startCalculateLux current input event time: 40761204923914 40761204923914
09-16 23:43:58.910 I/libsensor-displayalgo( 1557): #### value of  inputBrightness's brightness_51:516,preBrightness's brightness_51:516,lastPredictedLight :139.092886,brightnessDiff:0.000000,sensorDataDiff:0.000000
09-16 23:43:58.910 I/libsensor-displayalgo( 1557): #### inputBrightness's timestamp:40418240916747,value of brightness time diff:342964007167, index: 60
09-16 23:43:58.910 I/libsensor-displayalgo( 1557): #### inputSensorEventChanged: 0!!!
09-16 23:43:58.911 W/Finsky  (26693): [2] STU: Failed to get storage stats for package 'com.google.android.healthfitness' (1601: Error getting stats: android.content.pm.PackageManager.NameNotFoundException)
09-16 23:43:58.912 I/DexOptHelperImpl( 1956): Skip dexopt, pkg is already speed-profile or run-from-apk
09-16 23:43:58.921 D/MIUIScout App( 4303): reportAppScoutEvent: AppScoutEvent { mType=APP_SCOUT_NORMALLY mTimeStamp=1789577038918 Pid=16554 Uid=10329 processName=org.amarplayer.amarplayer PackageName=org.amarplayer.amarplayer mTargetActivity= CurrentMsg:{ (Current message:null)} mInputLatency=0 mProcessType= mIsReportAppLaunch=false mIsMainProcess=false}
09-16 23:43:58.924 W/ScoutManager( 4303): APP_SCOUT_NORMALLY
09-16 23:43:58.962 I/HfLooper( 1192): sensor 33171111 = 144.000000 0.000000  40761369901754
09-16 23:43:58.963 I/HfLooper( 1192): sensor light = 36.073002 40761369901754
09-16 23:43:58.964 I/libsensor-displayalgo( 1557): #### sensorDataCallback  value of event C:144.000000,R:0.000000,G:0.000000,B:0.000000,40761369901754, bl: 516
09-16 23:43:58.965 I/libsensor-displayalgo( 1557): input time 40761369901754 cwbtime:40761097352537, preInput time:40761204923914
09-16 23:43:58.965 I/libsensor-displayalgo( 1557): startCalculateLux: miui or fac not first
09-16 23:43:58.965 I/libsensor-displayalgo( 1557): #### startCalculateLux time of diff: 40761097352537:40761369901754:272549217
09-16 23:43:58.965 I/libsensor-displayalgo( 1557): #### startCalculateLux time of diff: 40761097352537:40761314908231:217555694
09-16 23:43:58.966 I/libsensor-displayalgo( 1557): #### startCalculateLux time of diff: 40761097352537:40761259916236:162563699
09-16 23:43:58.966 I/libsensor-displayalgo( 1557): #### startCalculateLux time of diff: 40761097352537:40761204923914:107571377
09-16 23:43:58.966 I/libsensor-displayalgo( 1557): #### startCalculateLux time of diff: 40761097352537:40761149899659
09-16 23:43:58.966 I/libsensor-displayalgo( 1557): ####startCalculateLuxdiff: 107571377
09-16 23:43:58.966 W/Finsky  (26693): [2] STU: Failed to get storage stats for package 'com.google.android.extservices' (1601: Error getting stats: android.content.pm.PackageManager.NameNotFoundException)
09-16 23:43:58.967 I/libsensor-displayalgo( 1557): #### startCalculateLux current input event time: 40761204923914 40761204923914
09-16 23:43:58.967 I/libsensor-displayalgo( 1557): #### value of  inputBrightness's brightness_51:516,preBrightness's brightness_51:516,lastPredictedLight :139.092886,brightnessDiff:0.000000,sensorDataDiff:0.000000
09-16 23:43:58.967 I/libsensor-displayalgo( 1557): #### inputBrightness's timestamp:40418240916747,value of brightness time diff:342964007167, index: 60
09-16 23:43:58.967 I/libsensor-displayalgo( 1557): #### inputSensorEventChanged: 0!!!
09-16 23:43:58.984 D/MiuiWifiCommonBase( 1956): band: 0, compensate: 0
09-16 23:43:58.988 E/AmlWifiScoreReportInjector( 1956): AmlWifiScoreReportInjector was cleared
09-16 23:43:58.988 D/WifiOptimizationImpl( 1956): AmlWifiScoreReportInjector.get() = null, stop reportTxBadOrRetryEvent
09-16 23:43:58.997 I/eara_io@boost( 1484): [eara_io_boost] [earaio_ufs0] wl 23 , top 22 , req_r 83 , req_w 0 , top_r_sz 77824 , top_w_sz 0, reqc_rand 19, , fuse_req_cnt 0, 0, pid 0 0
09-16 23:43:58.997 I/eara_io@boost( 1484): [eara_io_boost] init_w_threshold_accu_mb 0 , init_w_threshold_accu_mb_prev 0 , perf_rsc_init_w_to_set -1
09-16 23:43:58.997 I/eara_io@boost( 1484): [eara_io_boost] boost=0 fuse_boost=0
09-16 23:43:59.018 I/HfLooper( 1192): sensor 33171111 = 145.000000 0.000000  40761424923678
09-16 23:43:59.018 I/HfLooper( 1192): sensor light = 36.073002 40761424923678
09-16 23:43:59.020 I/libsensor-displayalgo( 1557): #### sensorDataCallback  value of event C:145.000000,R:0.000000,G:0.000000,B:0.000000,40761424923678, bl: 516
09-16 23:43:59.020 I/libsensor-displayalgo( 1557): input time 40761424923678 cwbtime:40761097352537, preInput time:40761204923914
09-16 23:43:59.020 I/libsensor-displayalgo( 1557): startCalculateLux: miui or fac not first
09-16 23:43:59.020 I/libsensor-displayalgo( 1557): #### startCalculateLux time of diff: 40761097352537:40761424923678:327571141
09-16 23:43:59.020 I/libsensor-displayalgo( 1557): #### startCalculateLux time of diff: 40761097352537:40761369901754:272549217
09-16 23:43:59.020 I/libsensor-displayalgo( 1557): #### startCalculateLux time of diff: 40761097352537:40761314908231:217555694
09-16 23:43:59.020 I/libsensor-displayalgo( 1557): #### startCalculateLux time of diff: 40761097352537:40761259916236:162563699
09-16 23:43:59.020 I/libsensor-displayalgo( 1557): #### startCalculateLux time of diff: 40761097352537:40761204923914:107571377
09-16 23:43:59.020 I/libsensor-displayalgo( 1557): #### startCalculateLux time of diff: 40761097352537:40761149899659
09-16 23:43:59.021 I/libsensor-displayalgo( 1557): ####startCalculateLuxdiff: 107571377
09-16 23:43:59.021 I/libsensor-displayalgo( 1557): #### startCalculateLux current input event time: 40761204923914 40761204923914
09-16 23:43:59.021 I/libsensor-displayalgo( 1557): #### value of  inputBrightness's brightness_51:516,preBrightness's brightness_51:516,lastPredictedLight :139.092886,brightnessDiff:0.000000,sensorDataDiff:0.000000
09-16 23:43:59.021 I/libsensor-displayalgo( 1557): #### inputBrightness's timestamp:40418240916747,value of brightness time diff:342964007167, index: 60
09-16 23:43:59.021 I/libsensor-displayalgo( 1557): #### inputSensorEventChanged: 0!!!
09-16 23:43:59.024 W/Finsky  (26693): [2] STU: Failed to get storage stats for package 'com.google.android.os.statsd' (1601: Error getting stats: android.content.pm.PackageManager.NameNotFoundException)
09-16 23:43:59.051 W/Finsky  (26693): [2] STU: Failed to get storage stats for package 'com.google.android.scheduling' (1601: Error getting stats: android.content.pm.PackageManager.NameNotFoundException)
09-16 23:43:59.073 I/HfLooper( 1192): sensor 33171111 = 144.000000 0.000000  40761479917726
09-16 23:43:59.073 I/HfLooper( 1192): sensor light = 36.073002 40761479917726
09-16 23:43:59.074 W/adbd    (30336): timed out while waiting for FUNCTIONFS_BIND, trying again
09-16 23:43:59.074 I/adbd    (30336): UsbFfs: connection terminated: monitor thread finished
09-16 23:43:59.075 I/libsensor-displayalgo( 1557): #### sensorDataCallback  value of event C:144.000000,R:0.000000,G:0.000000,B:0.000000,40761479917726, bl: 516
09-16 23:43:59.075 I/libsensor-displayalgo( 1557): input time 40761479917726 cwbtime:40761097352537, preInput time:40761204923914
09-16 23:43:59.075 I/libsensor-displayalgo( 1557): startCalculateLux: miui or fac not first
09-16 23:43:59.075 I/libsensor-displayalgo( 1557): #### startCalculateLux time of diff: 40761097352537:40761479917726:382565189
09-16 23:43:59.076 I/libsensor-displayalgo( 1557): #### startCalculateLux time of diff: 40761097352537:40761424923678:327571141
09-16 23:43:59.076 I/libsensor-displayalgo( 1557): #### startCalculateLux time of diff: 40761097352537:40761369901754:272549217
09-16 23:43:59.076 I/libsensor-displayalgo( 1557): #### startCalculateLux time of diff: 40761097352537:40761314908231:217555694
09-16 23:43:59.076 I/libsensor-displayalgo( 1557): #### startCalculateLux time of diff: 40761097352537:40761259916236:162563699
09-16 23:43:59.076 I/libsensor-displayalgo( 1557): #### startCalculateLux time of diff: 40761097352537:40761204923914:107571377
09-16 23:43:59.076 I/libsensor-displayalgo( 1557): #### startCalculateLux time of diff: 40761097352537:40761149899659
09-16 23:43:59.076 I/libsensor-displayalgo( 1557): ####startCalculateLuxdiff: 107571377
09-16 23:43:59.076 I/libsensor-displayalgo( 1557): #### startCalculateLux current input event time: 40761204923914 40761204923914
09-16 23:43:59.076 I/libsensor-displayalgo( 1557): #### value of  inputBrightness's brightness_51:516,preBrightness's brightness_51:516,lastPredictedLight :139.092886,brightnessDiff:0.000000,sensorDataDiff:0.000000
09-16 23:43:59.076 I/libsensor-displayalgo( 1557): #### inputBrightness's timestamp:40418240916747,value of brightness time diff:342964007167, index: 60
09-16 23:43:59.076 I/libsensor-displayalgo( 1557): #### inputSensorEventChanged: 0!!!
09-16 23:43:59.086 I/Finsky  (26693): [2] App states replicator found 65 unowned apps
09-16 23:43:59.096 I/libPerfCtl( 1214): xgfGetFPS pid:1282 fps:-1
09-16 23:43:59.096 I/libPerfCtl( 1214): xgfGetFPS pid:2678 fps:120
09-16 23:43:59.096 I/libPerfCtl( 1214): xgfGetFPS pid:16554 fps:-1
09-16 23:43:59.097 I/eara_io@boost( 1484): [eara_io_boost] [earaio_ufs0] wl 19 , top 11 , req_r 33 , req_w 2 , top_r_sz 16384 , top_w_sz 0, reqc_rand 4, , fuse_req_cnt 0, 0, pid 0 0
09-16 23:43:59.097 I/eara_io@boost( 1484): [eara_io_boost] init_w_threshold_accu_mb 0 , init_w_threshold_accu_mb_prev 0 , perf_rsc_init_w_to_set -1
09-16 23:43:59.097 I/eara_io@boost( 1484): [eara_io_boost] boost=0 fuse_boost=0
09-16 23:43:59.097 D/JavaheapMonitor( 4148): Java heap used=16M max=256M, proc: com.google.android.inputmethod.latin
09-16 23:43:59.097 V/JavaheapMonitor( 4148): Check java heap usage finished! Next check delay: 300000
09-16 23:43:59.098 D/SatelliteController( 2654): iisInCarrierRoamingNbIotNtn: satellite is disabled
09-16 23:43:59.099 I/adbd    (30336): opening control endpoint /dev/usb-ffs/adb/ep0
09-16 23:43:59.102 W/Settings( 2654): Setting airplane_mode_on has moved from android.provider.Settings.System to android.provider.Settings.Global, returning read-only value.
09-16 23:43:59.105 D/MiuiTelephonyDFS( 2654): msg.what = 2
09-16 23:43:59.105 D/MiuiTelephonyDFS( 2654): getVoiceRat = 13
09-16 23:43:59.105 D/MiuiTelephonyDFS( 2654): getRsrp = -106
09-16 23:43:59.105 D/MiuiTelephonyDFS( 2654): getVoiceRat = 13
09-16 23:43:59.105 D/MiuiTelephonyDFS( 2654): getSnr = 6
09-16 23:43:59.105 D/MiSight:( 2654):  constructEvent id=915100004
09-16 23:43:59.105 D/HyperComm_TelephonyMonitor( 2612): onSignalStrengthsChanged[1]: SignalStrength:{mCdma=invalid,mGsm=invalid,mWcdma=invalid,mTdscdma=invalid,mLte=CellSignalStrengthLte: rssi=-99 rsrp=-106 rsrq=-9 rssnr=6 cqiTableIndex=2147483647 cqi=0 ta=0 miuiLevel=3 mOptimizedLevel=0 level=3 parametersUseForLevel=0,mNr=invalid,primary=CellSignalStrengthLte,mNrAsPrimaryInNrNsa=false}
09-16 23:43:59.106 I/SceneObserver( 2612): notify event: EVENT_SIGNAL_STRENGTHS_CHANGED
09-16 23:43:59.106 D/HighSpeedTrainModeController( 2654): msg.what = 10
09-16 23:43:59.106 D/NetworkSpeedTracker( 2654): updateNwSignalInfo not allowed ,ignore
09-16 23:43:59.108 I/Finsky  (26693): [2253] Completed 0 account content syncs with 0 successful.
09-16 23:43:59.108 D/MiSight:( 2654):  sendEvent id=915100004
09-16 23:43:59.108 D/MiSightJni( 2654): MiSight: Java_com_miui_misight_MiSight_nativeSendEvent enter called. '{"rsrpValue":-106}'
09-16 23:43:59.108 D/MiEvent ( 2654): MiEvent: this 0x74e95e7df0, paylod=0xb4000076e0a68590
09-16 23:43:59.108 D/MiEvent ( 2654): flatten EventId 915100004 -t 1789577039 -paraList {"rsrpValue":-106}
09-16 23:43:59.108 I/Finsky  (26693): [2] [ContentSync] Installation state replication succeeded.
09-16 23:43:59.108 I/Finsky  (26693): [2] SCH: jobFinished: 12-1. TimeElapsed: 2108ms.
09-16 23:43:59.108 D/MiEvent ( 2654): report:EventId 915100004 -t 1789577039 -paraList {"rsrpValue":-106} success
09-16 23:43:59.108 D/MiEvent ( 2654): ~MiEvent: this 0x74e95e7df0, paylod=0xb4000076e0a68590
09-16 23:43:59.108 I/Finsky  (26693): [2] WM::SCH: Logging work end for 12-1
09-16 23:43:59.109 I/misight ( 1417): OnEvent EventPrivacyCompliance event=915100004
09-16 23:43:59.109 D/misight ( 1417): ProcessEvent devVersion==OS3.0.301.0.WPGIDXM,faultLevel=2,prv=3 region=eea
09-16 23:43:59.109 I/misight ( 1417): OnEvent EventStorageManager event=915100004,3
09-16 23:43:59.109 D/misight ( 1417): ProcessNewDayEvent event happen time 1789577039,start time=1789491600,restart=1
09-16 23:43:59.109 D/misight ( 1417): ProcessNewDayEvent event happen time 1789577039, last=1789577036,start time=1789491600,next day =1789578000, interval=1305
09-16 23:43:59.109 D/misight ( 1417): Execute start execute sql /data/miuilog/misight/event.db:select id,event_id,daily_cnt,over_cnt,hour_cnt,next_expire_time,last_happen_time,last_log_time from event_daily where event_id = '915100004' limit 1
09-16 23:43:59.109 D/misight ( 1417): DetectDropByTime event 915100004 parser maxCnt=200 lastTime=1789576943 same=0, overCnt=6442,dailyCnt=103,hourCnt=3
09-16 23:43:59.109 I/misight ( 1417): DetectDropEvent event 915100004 over hour cnt drop it, hourCnt=4 halfCnt=3, maxCnt=200 punishSecond=432,space=96
09-16 23:43:59.109 D/misight ( 1417): Execute start execute sql /data/miuilog/misight/event.db:update event_daily set  daily_cnt=103, hour_cnt=3, next_expire_time=1789580536, over_cnt=6443, last_happen_time=1789576943, last_log_time=0  where id = '3'
09-16 23:43:59.112 I/misight ( 1417): OnEvent EventInfoPack event 915100004
09-16 23:43:59.115 D/ThemeValues( 2678): customized theme has contain this value: |com.android.systemui/bool/battery_meter_use_legacy_drawable/true
09-16 23:43:59.123 I/Finsky  (26693): [2253] SCH: Scheduling phonesky job Id: 1-1337, CT: 1789536426585, Constraints: [{ L: 41738943, D: 84938943, C: CHARGING_NONE, I: IDLE_NONE, N: NET_ANY, B: BATTERY_ANY }]
09-16 23:43:59.123 I/Finsky  (26693): [2253] SCH: Scheduling phonesky job Id: 34-656, CT: 1789538949209, Constraints: [{ L: 79199686, D: 1375199686, C: CHARGING_NONE, I: IDLE_NONE, N: NET_ANY, B: BATTERY_ANY }]
09-16 23:43:59.123 I/Finsky  (26693): [2253] SCH: Scheduling phonesky job Id: 34-657, CT: 1789538949472, Constraints: [{ L: 604800000, D: 2591999825, C: CHARGING_NONE, I: IDLE_NONE, N: NET_ANY, B: BATTERY_ANY }]
09-16 23:43:59.128 I/HfLooper( 1192): sensor 33171111 = 145.000000 0.000000  40761534910105
09-16 23:43:59.128 I/HfLooper( 1192): sensor light = 36.073002 40761534910105
09-16 23:43:59.129 I/libsensor-displayalgo( 1557): #### sensorDataCallback  value of event C:145.000000,R:0.000000,G:0.000000,B:0.000000,40761534910105, bl: 516
09-16 23:43:59.130 I/libsensor-displayalgo( 1557): input time 40761534910105 cwbtime:40761097352537, preInput time:40761204923914
09-16 23:43:59.130 I/libsensor-displayalgo( 1557): startCalculateLux: miui or fac not first
09-16 23:43:59.130 I/libsensor-displayalgo( 1557): #### startCalculateLux time of diff: 40761097352537:40761534910105:437557568
09-16 23:43:59.130 I/libsensor-displayalgo( 1557): #### startCalculateLux time of diff: 40761097352537:40761479917726:382565189
09-16 23:43:59.131 I/libsensor-displayalgo( 1557): #### startCalculateLux time of diff: 40761097352537:40761424923678:327571141
09-16 23:43:59.131 I/libsensor-displayalgo( 1557): #### startCalculateLux time of diff: 40761097352537:40761369901754:272549217
09-16 23:43:59.131 I/libsensor-displayalgo( 1557): #### startCalculateLux time of diff: 40761097352537:40761314908231:217555694
09-16 23:43:59.131 I/libsensor-displayalgo( 1557): #### startCalculateLux time of diff: 40761097352537:40761259916236:162563699
09-16 23:43:59.131 I/libsensor-displayalgo( 1557): #### startCalculateLux time of diff: 40761097352537:40761204923914:107571377
09-16 23:43:59.131 I/libsensor-displayalgo( 1557): #### startCalculateLux time of diff: 40761097352537:40761149899659
09-16 23:43:59.132 I/libsensor-displayalgo( 1557): ####startCalculateLuxdiff: 107571377
09-16 23:43:59.132 I/libsensor-displayalgo( 1557): #### startCalculateLux current input event time: 40761204923914 40761204923914
09-16 23:43:59.132 I/libsensor-displayalgo( 1557): #### value of  inputBrightness's brightness_51:516,preBrightness's brightness_51:516,lastPredictedLight :139.092886,brightnessDiff:0.000000,sensorDataDiff:0.000000
09-16 23:43:59.132 I/libsensor-displayalgo( 1557): #### inputBrightness's timestamp:40418240916747,value of brightness time diff:342964007167, index: 60
09-16 23:43:59.132 I/libsensor-displayalgo( 1557): #### inputSensorEventChanged: 0!!!
09-16 23:43:59.134 I/Finsky  (26693): [2252] SCH: Scheduling 1 system job(s)
09-16 23:43:59.134 I/Finsky  (26693): [2252] SCH: Scheduling system job Id: 9703, L: 1126394, D: 44326394, C: false, I: false, N: 1
09-16 23:43:59.150 I/Finsky  (26693): [2475] SCH: job service finished with id 9698.
09-16 23:43:59.152 I/whetstone.activity( 1956): Power Event callback listener is empty for resId=256
09-16 23:43:59.152 D/BatteryStatsManagerStub( 1956): notifyEvent for resId=256 used 0ms
09-16 23:43:59.155 I/ActivityManager( 1956): unbindService com.android.server.am.ActiveServices@d157864 conn=android.app.LoadedApk$ServiceDispatcher$InnerConnection@79ef971 callingPid=1956 callers: com.android.server.job.JobServiceContext.handleFinishedLocked:1412 com.android.server.job.JobServiceContext.doCallbackLocked:1288 com.android.server.job.JobServiceContext.doJobFinished:848 com.android.server.job.JobServiceContext$JobCallback.jobFinished:315 android.app.job.IJobCallback$Stub.onTransact:313 android.os.Binder.execTransactInternal:1428 android.os.Binder.execTransact:1372 <bottom of call stack> <bottom of call stack> <bottom of call stack> 
09-16 23:43:59.160 I/MiuiNetworkPolicy( 1956): updateUidState uid = 10157, uidState = 10
09-16 23:43:59.167 E/AlarmManager( 1956): not align this alarm: Alarm{f5485c3 type 3 origWhen 40824272 whenElapsed 40824272 android}, reason=0
09-16 23:43:59.170 I/MiuiNetworkPolicy( 1956): updateUidState uid = 10157, uidState = 19
09-16 23:43:59.183 I/HfLooper( 1192): sensor 33171111 = 144.000000 0.000000  40761589933408
09-16 23:43:59.183 I/HfLooper( 1192): sensor light = 36.073002 40761589933408
09-16 23:43:59.185 I/libsensor-displayalgo( 1557): #### sensorDataCallback  value of event C:144.000000,R:0.000000,G:0.000000,B:0.000000,40761589933408, bl: 516
09-16 23:43:59.186 I/libsensor-displayalgo( 1557): input time 40761589933408 cwbtime:40761097352537, preInput time:40761204923914
09-16 23:43:59.186 I/libsensor-displayalgo( 1557): startCalculateLux: miui or fac not first
09-16 23:43:59.186 I/libsensor-displayalgo( 1557): #### startCalculateLux time of diff: 40761097352537:40761589933408:492580871
09-16 23:43:59.186 I/libsensor-displayalgo( 1557): #### startCalculateLux time of diff: 40761097352537:40761534910105:437557568
09-16 23:43:59.186 I/libsensor-displayalgo( 1557): #### startCalculateLux time of diff: 40761097352537:40761479917726:382565189
09-16 23:43:59.186 I/libsensor-displayalgo( 1557): #### startCalculateLux time of diff: 40761097352537:40761424923678:327571141
09-16 23:43:59.186 I/libsensor-displayalgo( 1557): #### startCalculateLux time of diff: 40761097352537:40761369901754:272549217
09-16 23:43:59.186 I/libsensor-displayalgo( 1557): #### startCalculateLux time of diff: 40761097352537:40761314908231:217555694
09-16 23:43:59.186 I/libsensor-displayalgo( 1557): #### startCalculateLux time of diff: 40761097352537:40761259916236:162563699
09-16 23:43:59.186 I/libsensor-displayalgo( 1557): #### startCalculateLux time of diff: 40761097352537:40761204923914:107571377
09-16 23:43:59.186 I/libsensor-displayalgo( 1557): #### startCalculateLux time of diff: 40761097352537:40761149899659
09-16 23:43:59.186 I/libsensor-displayalgo( 1557): ####startCalculateLuxdiff: 107571377
09-16 23:43:59.186 I/libsensor-displayalgo( 1557): #### startCalculateLux current input event time: 40761204923914 40761204923914
09-16 23:43:59.186 I/libsensor-displayalgo( 1557): #### value of  inputBrightness's brightness_51:516,preBrightness's brightness_51:516,lastPredictedLight :139.092886,brightnessDiff:0.000000,sensorDataDiff:0.000000
09-16 23:43:59.186 I/libsensor-displayalgo( 1557): #### inputBrightness's timestamp:40418240916747,value of brightness time diff:342964007167, index: 60
09-16 23:43:59.186 I/libsensor-displayalgo( 1557): #### inputSensorEventChanged: 0!!!
09-16 23:43:59.198 I/eara_io@boost( 1484): [eara_io_boost] [earaio_ufs0] wl 16 , top 0 , req_r 39 , req_w 16 , top_r_sz 0 , top_w_sz 0, reqc_rand 0, , fuse_req_cnt 0, 0, pid 0 0
09-16 23:43:59.198 I/eara_io@boost( 1484): [eara_io_boost] init_w_threshold_accu_mb 0 , init_w_threshold_accu_mb_prev 0 , perf_rsc_init_w_to_set -1
09-16 23:43:59.198 I/eara_io@boost( 1484): [eara_io_boost] boost=0 fuse_boost=0
09-16 23:43:59.238 I/HfLooper( 1192): sensor 33171111 = 144.000000 0.000000  40761644894087
09-16 23:43:59.238 I/HfLooper( 1192): sensor light = 36.073002 40761644894087
09-16 23:43:59.239 I/libsensor-displayalgo( 1557): #### sensorDataCallback  value of event C:144.000000,R:0.000000,G:0.000000,B:0.000000,40761644894087, bl: 516
09-16 23:43:59.239 I/libsensor-displayalgo( 1557): input time 40761644894087 cwbtime:40761097352537, preInput time:40761204923914
09-16 23:43:59.239 I/libsensor-displayalgo( 1557): startCalculateLux: miui or fac not first
09-16 23:43:59.239 I/libsensor-displayalgo( 1557): #### startCalculateLux time of diff: 40761097352537:40761644894087:547541550
09-16 23:43:59.239 I/libsensor-displayalgo( 1557): #### startCalculateLux time of diff: 40761097352537:40761589933408:492580871
09-16 23:43:59.239 I/libsensor-displayalgo( 1557): #### startCalculateLux time of diff: 40761097352537:40761534910105:437557568
09-16 23:43:59.239 I/libsensor-displayalgo( 1557): #### startCalculateLux time of diff: 40761097352537:40761479917726:382565189
09-16 23:43:59.239 I/libsensor-displayalgo( 1557): #### startCalculateLux time of diff: 40761097352537:40761424923678:327571141
09-16 23:43:59.239 I/libsensor-displayalgo( 1557): #### startCalculateLux time of diff: 40761097352537:40761369901754:272549217
09-16 23:43:59.239 I/libsensor-displayalgo( 1557): #### startCalculateLux time of diff: 40761097352537:40761314908231:217555694
09-16 23:43:59.239 I/libsensor-displayalgo( 1557): #### startCalculateLux time of diff: 40761097352537:40761259916236:162563699
09-16 23:43:59.239 I/libsensor-displayalgo( 1557): #### startCalculateLux time of diff: 40761097352537:40761204923914:107571377
09-16 23:43:59.239 I/libsensor-displayalgo( 1557): #### startCalculateLux time of diff: 40761097352537:40761149899659
09-16 23:43:59.239 I/libsensor-displayalgo( 1557): ####startCalculateLuxdiff: 107571377
09-16 23:43:59.239 I/libsensor-displayalgo( 1557): #### startCalculateLux current input event time: 40761204923914 40761204923914
09-16 23:43:59.239 I/libsensor-displayalgo( 1557): #### value of  inputBrightness's brightness_51:516,preBrightness's brightness_51:516,lastPredictedLight :139.092886,brightnessDiff:0.000000,sensorDataDiff:0.000000
09-16 23:43:59.239 I/libsensor-displayalgo( 1557): #### inputBrightness's timestamp:40418240916747,value of brightness time diff:342964007167, index: 60
09-16 23:43:59.239 I/libsensor-displayalgo( 1557): #### inputSensorEventChanged: 0!!!
09-16 23:43:59.293 I/HfLooper( 1192): sensor 33171111 = 144.000000 0.000000  40761699918297
09-16 23:43:59.293 I/HfLooper( 1192): sensor light = 36.073002 40761699918297
09-16 23:43:59.294 I/libsensor-displayalgo( 1557): #### sensorDataCallback  value of event C:144.000000,R:0.000000,G:0.000000,B:0.000000,40761699918297, bl: 516
09-16 23:43:59.294 I/libsensor-displayalgo( 1557): input time 40761699918297 cwbtime:40761097352537, preInput time:40761204923914
09-16 23:43:59.294 I/libsensor-displayalgo( 1557): startCalculateLux: miui or fac not first
09-16 23:43:59.294 I/libsensor-displayalgo( 1557): #### startCalculateLux current input event time: 40761699918297 40761204923914
09-16 23:43:59.295 I/libsensor-displayalgo( 1557): #### value of  inputBrightness's brightness_51:516,preBrightness's brightness_51:516,lastPredictedLight :139.092886,brightnessDiff:0.000000,sensorDataDiff:0.000000
09-16 23:43:59.295 I/libsensor-displayalgo( 1557): #### inputBrightness's timestamp:40418240916747,value of brightness time diff:343459001550, index: 60
09-16 23:43:59.295 I/libsensor-displayalgo( 1557): #### inputSensorEventChanged: 1!!!
09-16 23:43:59.295 I/libsensor-displayalgo( 1557): getInputData start: input[0]:516.000000,inputBrightness.panel_1.brightness_51:0.000000
09-16 23:43:59.295 I/libsensor-displayalgo( 1557): getInputData end: input[0]:516.000000,inputBrightness.panel_1.brightness_51:0.000000
09-16 23:43:59.295 I/libsensor-displayalgo( 1557): alsAlgo: second panel
09-16 23:43:59.295 I/libsensor-displayalgo( 1557): CWB_ALS: model output raw: 5.928485 0.000000
09-16 23:43:59.295 I/libsensor-displayalgo( 1557): HSV RGB R= 33.086189,G= 33.089049,B= 34.724303
09-16 23:43:59.295 I/libsensor-displayalgo( 1557): HSV RGB maxValue:34.724303, minValue:33.086189
09-16 23:43:59.295 E/libsensor-displayalgo( 1557): the value of tmp1:372.440000 tmp 449.960000
09-16 23:43:59.295 I/libsensor-displayalgo( 1557): the value of ratio1 is 0.827718
09-16 23:43:59.295 E/libsensor-displayalgo( 1557): the value of tmp1:0.000000 tmp 0.000000
09-16 23:43:59.295 I/libsensor-displayalgo( 1557): the value of ratio1 is 1.000000
09-16 23:43:59.295 I/libsensor-displayalgo( 1557): Write:the value of channelCali ALS:4.9, IR:0.0, scales:1.000000, hsv:-1.000000
09-16 23:43:59.295 I/libsensor-displayalgo( 1557): the value of hsv: -1.000000
09-16 23:43:59.295 I/libsensor-displayalgo( 1557): the value of  ir: 0.000000  Coef: 23701.878000 19699.158000 12075.050000 12075.050000 
09-16 23:43:59.295 I/libsensor-displayalgo( 1557): the value of  REAL LUX 64.389900
09-16 23:43:59.295 D/libsensor-displayalgo( 1557): brightness:516.000000,flat_mode:1.000000,R1:390.184327,G1:390.184327,B1:564.782968,EVENT ALS:144.000000,IR:0.000000lux: 64.389900
09-16 23:43:59.295 I/libsensor-displayalgo( 1557): luxAges[0]=0.000000, index=1
09-16 23:43:59.295 I/libsensor-displayalgo( 1557): luxAges[1]=0.000000, index=2
09-16 23:43:59.295 I/libsensor-displayalgo( 1557): luxAges[2]=0.000000, index=3
09-16 23:43:59.295 I/libsensor-displayalgo( 1557): medianFilter[index]=64.389900 64.390533 64.389900
09-16 23:43:59.343 D/DisplayModeController( 1282): setDesiredMode 4627039422300187648 {mode={fps=60.00 Hz, modePtr={id=2, vsyncRate=60.00 Hz, peakRefreshRate=60.00 Hz}}, emitEvent=false, force=false}
09-16 23:43:59.343 D/Scheduler( 1282): MtkOverrideDuration: update vsync 60
09-16 23:43:59.343 D/Scheduler( 1282): MtkOverrideDuration: reset override duration
09-16 23:43:59.343 I/PowerHalWrapper( 1282): updateFps(): 60
09-16 23:43:59.347 I/hwcomposer( 1182): [HWCDisplay] (0 setActiveConfigWithConstraints():4595), config:2  
09-16 23:43:59.348 I/hwcomposer( 1182): [HWCDisplay] (0 setActiveConfigWithConstraints():4645), now 24412458082993, diff 933616, estimated_applied_time 8333333 queued_size:0  
09-16 23:43:59.350 I/hwcomposer( 1182): [HRT] only_has_blit_dev_job:0, run simpleLayeringRule.  
09-16 23:43:59.350 I/HfLooper( 1192): sensor 33171111 = 144.000000 0.000000  40761754503519
09-16 23:43:59.350 I/HfLooper( 1192): sensor light = 36.073002 40761754503519
09-16 23:43:59.351 E/HwcComposer( 1282): presentOrValidateDisplay 0 presentFence:-1
09-16 23:43:59.352 I/hwcomposer( 1182): [HWCDisplay] (0 updateFps():4143), (type:1, mode:2) fps:21.157900,dur:1512.44,max:682.57,min:7.10  
09-16 23:43:59.352 I/libsensor-displayalgo( 1557): #### sensorDataCallback  value of event C:144.000000,R:0.000000,G:0.000000,B:0.000000,40761754503519, bl: 516
09-16 23:43:59.353 I/libsensor-displayalgo( 1557): input time 40761754503519 cwbtime:40761097352537, preInput time:40761699918297
09-16 23:43:59.353 I/libsensor-displayalgo( 1557): startCalculateLux: miui or fac not first
09-16 23:43:59.353 I/libsensor-displayalgo( 1557): #### startCalculateLux current input event time: 40761754503519 40761699918297
09-16 23:43:59.353 I/libsensor-displayalgo( 1557): #### value of  inputBrightness's brightness_51:516,preBrightness's brightness_51:516,lastPredictedLight :139.092886,brightnessDiff:0.000000,sensorDataDiff:0.000000
09-16 23:43:59.353 I/libsensor-displayalgo( 1557): #### inputBrightness's timestamp:40418240916747,value of brightness time diff:343513586772, index: 60
09-16 23:43:59.353 I/libsensor-displayalgo( 1557): #### inputSensorEventChanged: 1!!!
09-16 23:43:59.353 I/libsensor-displayalgo( 1557): getInputData start: input[0]:516.000000,inputBrightness.panel_1.brightness_51:0.000000
09-16 23:43:59.353 I/libsensor-displayalgo( 1557): getInputData end: input[0]:516.000000,inputBrightness.panel_1.brightness_51:0.000000
09-16 23:43:59.353 I/libsensor-displayalgo( 1557): alsAlgo: second panel
09-16 23:43:59.354 I/android.hardware.graphics.composer@3.4-service( 1182): Sensor: notify citsensorservice to trigger cwb
09-16 23:43:59.354 I/MI-SF   ( 1282): surfaceflinger setAffinity mode=0
09-16 23:43:59.354 I/libsensor-frameBufferManager( 1557): request dump start
09-16 23:43:59.354 I/libsensor-frameBufferManager( 1557): CWB_ALS getDispDump 79 1 400 480 
09-16 23:43:59.354 D/libcomposer_ext( 1557): ClientImplAidl::getDispDump(), dpy 1, dst (400, 480), dump_point 1, release_fence -1
09-16 23:43:59.355 E/MI-SF   ( 1282): surfaceflinger setAffinity success
09-16 23:43:59.355 D/libcomposer_ext( 1182): DeviceImplAidl::syncPerform(14), client_handle: 2
09-16 23:43:59.355 D/libcomposer_ext( 1182): DeviceImplAidl::ParseGetDispDump(), dpy 1, dst (400, 480), dump_point 1
09-16 23:43:59.355 I/hwcomposer( 1182): [HWC] getDispDump(), client(2), dpy 1, (79,1,479,481), (400, 480), (1, 2), (-1), (-1), (0xb400007253a0c910)  
09-16 23:43:59.356 I/hwcomposer( 1182): [DRMDEV] isSupportWbParams(), id_crtc 115, id_connector 33, dump_point 1, src(79, 1, 400, 480), dst(400, 480), config 2  
09-16 23:43:59.356 I/PowerHalWrapper( 1282): updateFps(): 60
09-16 23:43:59.356 I/hwcomposer( 1182): [DISP_DUMP] (0 c:2 setDumpBuf():176), client(2), src(79, 1, 479, 481), dst(400, 480), (1, 2), -1, (-1), (0xb400007253a0c910)  
09-16 23:43:59.356 D/SurfaceFlinger( 1282): finalizeDisplayModeChange: display size = 1
09-16 23:43:59.356 I/libsensor-displayalgo( 1557): CWB_ALS: model output raw: 5.928485 0.000000
09-16 23:43:59.356 I/PowerHalWrapper( 1282): mEnableMultiDisplayMode enable=0 fps=60
09-16 23:43:59.356 I/libsensor-displayalgo( 1557): HSV RGB R= 33.086189,G= 33.089049,B= 34.724303
09-16 23:43:59.356 I/mtkpower_client( 1282): PowerHal_Wrap_EnableMultiDisplayMode, enable:0 fps:60 CurMultiDisplayMode:-1
09-16 23:43:59.356 I/libsensor-displayalgo( 1557): HSV RGB maxValue:34.724303, minValue:33.086189
09-16 23:43:59.356 I/hwcomposer( 1182): [HWC] (0)fire a callback of refresh to SF[9]  
09-16 23:43:59.356 E/libsensor-displayalgo( 1557): the value of tmp1:372.440000 tmp 449.960000
09-16 23:43:59.356 I/libsensor-displayalgo( 1557): the value of ratio1 is 0.827718
09-16 23:43:59.356 E/libsensor-displayalgo( 1557): the value of tmp1:0.000000 tmp 0.000000
09-16 23:43:59.356 I/libsensor-displayalgo( 1557): the value of ratio1 is 1.000000
09-16 23:43:59.356 I/libsensor-displayalgo( 1557): Write:the value of channelCali ALS:4.9, IR:0.0, scales:1.000000, hsv:-1.000000
09-16 23:43:59.356 I/libsensor-displayalgo( 1557): the value of hsv: -1.000000
09-16 23:43:59.356 I/libsensor-displayalgo( 1557): the value of  ir: 0.000000  Coef: 23701.878000 19699.158000 12075.050000 12075.050000 
09-16 23:43:59.356 I/libsensor-displayalgo( 1557): the value of  REAL LUX 64.389900
09-16 23:43:59.356 D/libsensor-displayalgo( 1557): brightness:516.000000,flat_mode:1.000000,R1:390.184327,G1:390.184327,B1:564.782968,EVENT ALS:144.000000,IR:0.000000lux: 64.389900
09-16 23:43:59.356 I/libsensor-displayalgo( 1557): luxAges[0]=0.000000, index=2
09-16 23:43:59.356 I/libsensor-displayalgo( 1557): luxAges[1]=0.000000, index=1
09-16 23:43:59.356 I/libsensor-displayalgo( 1557): luxAges[2]=0.000000, index=3
09-16 23:43:59.356 I/libsensor-displayalgo( 1557): medianFilter[index]=64.389900 64.389900 64.389900
09-16 23:43:59.357 I/PowerHalWrapper( 1282): updateFps(): 60
09-16 23:43:59.359 I/hwcomposer( 1182): [HRT] only_has_blit_dev_job:0, run simpleLayeringRule.  
09-16 23:43:59.360 E/HwcComposer( 1282): presentOrValidateDisplay 0 presentFence:-1
09-16 23:43:59.361 D/libcomposer_ext( 1182): DeviceImplAidl::DeviceClientContextAidl::NotifyDispDumpReady(), client_handle:2, buffer:0xb400007253a0ae10, fence:159, period16666667
09-16 23:43:59.363 I/hwcomposer( 1182): [HWCDisplay] (0 updateAppliedConfigState():4842), applied config complete[idx:24412466416326, config:2]  
09-16 23:43:59.363 D/libcomposer_ext( 1557): ClientCallbackAidl::asyncPerform(15)
09-16 23:43:59.363 D/libcomposer_ext( 1557): ClientImplAidl::ParseNotifyDispDumpReady()
09-16 23:43:59.366 W/libc    ( 1282): Access denied finding property "ro.vendor.display.max_hdr_luminance"
09-16 23:43:59.375 I/hwcomposer( 1182): [HRT] only_has_blit_dev_job:0, run simpleLayeringRule.  
09-16 23:43:59.389 E/libsensor-frameBufferManager( 1557): onCwbSuccess
09-16 23:43:59.401 D/libsensor-parseRGB( 1557): the value of RGB [16.000000 16.000000 19.000000], powPara: 2.152003
09-16 23:43:59.404 I/HfLooper( 1192): sensor 33171111 = 145.000000 0.000000  40761809935202
09-16 23:43:59.405 I/HfLooper( 1192): sensor light = 36.073002 40761809935202
09-16 23:43:59.407 I/libsensor-displayalgo( 1557): #### sensorDataCallback  value of event C:145.000000,R:0.000000,G:0.000000,B:0.000000,40761809935202, bl: 516
09-16 23:43:59.407 I/libsensor-displayalgo( 1557): input time 40761809935202 cwbtime:40761798685998, preInput time:40761754503519
09-16 23:43:59.407 I/libsensor-displayalgo( 1557): startCalculateLux: miui or fac not first
09-16 23:43:59.408 I/libsensor-displayalgo( 1557): #### inputSensorEventChanged set to true!!!
09-16 23:43:59.408 I/libsensor-displayalgo( 1557): #### startCalculateLux time of diff: 40761798685998:40761809935202
09-16 23:43:59.408 I/libsensor-displayalgo( 1557): ####startCalculateLuxdiff: 11249204
09-16 23:43:59.408 I/libsensor-displayalgo( 1557): #### startCalculateLux current input event time: 40761809935202 40761754503519
09-16 23:43:59.440 D/JavaheapMonitor(16153): Java heap used=86M max=512M, proc: com.miui.gallery
09-16 23:43:59.440 V/JavaheapMonitor(16153): Check java heap usage finished! Next check delay: 300000
09-16 23:43:59.458 I/HfLooper( 1192): sensor 33171111 = 143.000000 0.000000  40761864926980
09-16 23:43:59.458 I/HfLooper( 1192): sensor light = 36.073002 40761864926980
09-16 23:43:59.460 I/libsensor-displayalgo( 1557): #### sensorDataCallback  value of event C:143.000000,R:0.000000,G:0.000000,B:0.000000,40761864926980, bl: 516
09-16 23:43:59.461 I/libsensor-displayalgo( 1557): input time 40761864926980 cwbtime:40761798685998, preInput time:40761754503519
09-16 23:43:59.461 I/libsensor-displayalgo( 1557): startCalculateLux: miui or fac not first
09-16 23:43:59.461 I/libsensor-displayalgo( 1557): #### inputSensorEventChanged set to true!!!
09-16 23:43:59.461 I/libsensor-displayalgo( 1557): #### startCalculateLux time of diff: 40761798685998:40761864926980
09-16 23:43:59.462 I/libsensor-displayalgo( 1557): ####startCalculateLuxdiff: 66240982
09-16 23:43:59.462 I/libsensor-displayalgo( 1557): #### startCalculateLux current input event time: 40761864926980 40761754503519
09-16 23:43:59.515 I/HfLooper( 1192): sensor 33171111 = 143.000000 0.000000  40761919920134
09-16 23:43:59.515 I/HfLooper( 1192): sensor light = 36.073002 40761919920134
09-16 23:43:59.517 I/libsensor-displayalgo( 1557): #### sensorDataCallback  value of event C:143.000000,R:0.000000,G:0.000000,B:0.000000,40761919920134, bl: 516
09-16 23:43:59.518 I/libsensor-displayalgo( 1557): input time 40761919920134 cwbtime:40761798685998, preInput time:40761754503519
09-16 23:43:59.518 I/libsensor-displayalgo( 1557): startCalculateLux: miui or fac not first
09-16 23:43:59.518 I/libsensor-displayalgo( 1557): #### startCalculateLux time of diff: 40761798685998:40761919920134:121234136
09-16 23:43:59.518 I/libsensor-displayalgo( 1557): #### inputSensorEventChanged set to true!!!
09-16 23:43:59.518 I/libsensor-displayalgo( 1557): #### startCalculateLux time of diff: 40761798685998:40761864926980
09-16 23:43:59.518 I/libsensor-displayalgo( 1557): ####startCalculateLuxdiff: 121234136
09-16 23:43:59.518 I/libsensor-displayalgo( 1557): #### startCalculateLux current input event time: 40761919920134 40761754503519
09-16 23:43:59.519 I/libsensor-displayalgo( 1557): #### value of  inputBrightness's brightness_51:516,preBrightness's brightness_51:516,lastPredictedLight :139.092886,brightnessDiff:0.000000,sensorDataDiff:0.203786
09-16 23:43:59.519 I/libsensor-displayalgo( 1557): #### inputBrightness's timestamp:40418240916747,value of brightness time diff:343679003387, index: 60
09-16 23:43:59.519 I/libsensor-displayalgo( 1557): #### inputSensorEventChanged: 1!!!
09-16 23:43:59.519 I/libsensor-displayalgo( 1557): getInputData start: input[0]:516.000000,inputBrightness.panel_1.brightness_51:0.000000
09-16 23:43:59.519 I/libsensor-displayalgo( 1557): getInputData end: input[0]:516.000000,inputBrightness.panel_1.brightness_51:0.000000
09-16 23:43:59.519 I/libsensor-displayalgo( 1557): alsAlgo: second panel
09-16 23:43:59.521 I/libsensor-displayalgo( 1557): CWB_ALS: model output raw: 5.926661 0.000000
09-16 23:43:59.521 I/libsensor-displayalgo( 1557): HSV RGB R= 33.082697,G= 33.085771,B= 34.719215
09-16 23:43:59.521 I/libsensor-displayalgo( 1557): HSV RGB maxValue:34.719215, minValue:33.082697
09-16 23:43:59.521 E/libsensor-displayalgo( 1557): the value of tmp1:372.440000 tmp 449.960000
09-16 23:43:59.521 I/libsensor-displayalgo( 1557): the value of ratio1 is 0.827718
09-16 23:43:59.521 E/libsensor-displayalgo( 1557): the value of tmp1:0.000000 tmp 0.000000
09-16 23:43:59.521 I/libsensor-displayalgo( 1557): the value of ratio1 is 1.000000
09-16 23:43:59.521 I/libsensor-displayalgo( 1557): Write:the value of channelCali ALS:4.9, IR:0.0, scales:1.000000, hsv:-1.000000
09-16 23:43:59.521 I/libsensor-displayalgo( 1557): the value of hsv: -1.000000
09-16 23:43:59.521 I/libsensor-displayalgo( 1557): the value of  ir: 0.000000  Coef: 23701.878000 19699.158000 12075.050000 12075.050000 
09-16 23:43:59.521 I/libsensor-displayalgo( 1557): the value of  REAL LUX 63.927666
09-16 23:43:59.521 D/libsensor-displayalgo( 1557): brightness:516.000000,flat_mode:1.000000,R1:390.184327,G1:390.184327,B1:564.782968,EVENT ALS:143.000000,IR:0.000000lux: 63.927666
09-16 23:43:59.521 I/libsensor-displayalgo( 1557): luxAges[0]=0.000000, index=3
09-16 23:43:59.521 I/libsensor-displayalgo( 1557): luxAges[1]=0.000000, index=2
09-16 23:43:59.521 I/libsensor-displayalgo( 1557): luxAges[2]=0.000000, index=1
09-16 23:43:59.521 I/libsensor-displayalgo( 1557): medianFilter[index]=63.927666 64.389900 64.389900
09-16 23:43:59.568 I/HfLooper( 1192): sensor 33171111 = 144.000000 0.000000  40761974913649
09-16 23:43:59.569 I/HfLooper( 1192): sensor light = 36.073002 40761974913649
09-16 23:43:59.569 W/libc    ( 1282): Access denied finding property "ro.vendor.display.max_hdr_luminance"
09-16 23:43:59.571 I/libsensor-displayalgo( 1557): #### sensorDataCallback  value of event C:144.000000,R:0.000000,G:0.000000,B:0.000000,40761974913649, bl: 516
09-16 23:43:59.571 I/libsensor-displayalgo( 1557): input time 40761974913649 cwbtime:40761798685998, preInput time:40761919920134
09-16 23:43:59.572 I/libsensor-displayalgo( 1557): startCalculateLux: miui or fac not first
09-16 23:43:59.572 I/libsensor-displayalgo( 1557): #### startCalculateLux time of diff: 40761798685998:40761974913649:176227651
09-16 23:43:59.572 I/libsensor-displayalgo( 1557): #### startCalculateLux time of diff: 40761798685998:40761919920134:121234136
09-16 23:43:59.572 I/libsensor-displayalgo( 1557): #### startCalculateLux time of diff: 40761798685998:40761864926980
09-16 23:43:59.572 I/libsensor-displayalgo( 1557): ####startCalculateLuxdiff: 121234136
09-16 23:43:59.572 I/libsensor-displayalgo( 1557): #### startCalculateLux current input event time: 40761919920134 40761919920134
09-16 23:43:59.572 I/libsensor-displayalgo( 1557): #### value of  inputBrightness's brightness_51:516,preBrightness's brightness_51:516,lastPredictedLight :138.094396,brightnessDiff:0.000000,sensorDataDiff:0.000000
09-16 23:43:59.572 I/libsensor-displayalgo( 1557): #### inputBrightness's timestamp:40418240916747,value of brightness time diff:343679003387, index: 60
09-16 23:43:59.572 I/libsensor-displayalgo( 1557): #### inputSensorEventChanged: 0!!!
09-16 23:43:59.610 I/hwcomposer( 1182): [HWC] (0)fire a callback of refresh to SF[4]  
09-16 23:43:59.624 I/HfLooper( 1192): sensor 33171111 = 144.000000 0.000000  40762029463254
09-16 23:43:59.624 I/HfLooper( 1192): sensor light = 36.073002 40762029463254
09-16 23:43:59.626 I/libsensor-displayalgo( 1557): #### sensorDataCallback  value of event C:144.000000,R:0.000000,G:0.000000,B:0.000000,40762029463254, bl: 516
09-16 23:43:59.627 I/libsensor-displayalgo( 1557): input time 40762029463254 cwbtime:40761798685998, preInput time:40761919920134
09-16 23:43:59.627 I/libsensor-displayalgo( 1557): startCalculateLux: miui or fac not first
09-16 23:43:59.628 I/hwcomposer( 1182): [HRT] only_has_blit_dev_job:0, run simpleLayeringRule.  
09-16 23:43:59.628 I/libsensor-displayalgo( 1557): #### startCalculateLux time of diff: 40761798685998:40762029463254:230777256
09-16 23:43:59.628 I/libsensor-displayalgo( 1557): #### startCalculateLux time of diff: 40761798685998:40761974913649:176227651
09-16 23:43:59.628 I/libsensor-displayalgo( 1557): #### startCalculateLux time of diff: 40761798685998:40761919920134:121234136
09-16 23:43:59.628 I/libsensor-displayalgo( 1557): #### startCalculateLux time of diff: 40761798685998:40761864926980
09-16 23:43:59.628 I/libsensor-displayalgo( 1557): ####startCalculateLuxdiff: 121234136
09-16 23:43:59.628 I/libsensor-displayalgo( 1557): #### startCalculateLux current input event time: 40761919920134 40761919920134
09-16 23:43:59.628 I/libsensor-displayalgo( 1557): #### value of  inputBrightness's brightness_51:516,preBrightness's brightness_51:516,lastPredictedLight :138.094396,brightnessDiff:0.000000,sensorDataDiff:0.000000
09-16 23:43:59.628 I/libsensor-displayalgo( 1557): #### inputBrightness's timestamp:40418240916747,value of brightness time diff:343679003387, index: 60
09-16 23:43:59.628 I/libsensor-displayalgo( 1557): #### inputSensorEventChanged: 0!!!
09-16 23:43:59.629 E/HwcComposer( 1282): presentOrValidateDisplay 0 presentFence:-1
09-16 23:43:59.631 I/BufferQueueProducer( 1282): [FramebufferSurface](this:0xb400007925609940,id:-1,api:1,p:1282,c:1282) queueBuffer: fps=1.66 dur=1205.86 max=961.84 min=244.02
09-16 23:43:59.632 I/android.hardware.graphics.composer@3.4-service( 1182): Sensor: notify citsensorservice to trigger cwb
09-16 23:43:59.633 I/libsensor-frameBufferManager( 1557): request dump start
09-16 23:43:59.634 I/libsensor-frameBufferManager( 1557): CWB_ALS getDispDump 79 1 400 480 
09-16 23:43:59.634 D/libcomposer_ext( 1557): ClientImplAidl::getDispDump(), dpy 1, dst (400, 480), dump_point 1, release_fence -1
09-16 23:43:59.634 I/MI-SF   ( 1282): surfaceflinger setAffinity mode=1
09-16 23:43:59.634 D/libcomposer_ext( 1182): DeviceImplAidl::syncPerform(14), client_handle: 2
09-16 23:43:59.635 D/libcomposer_ext( 1182): DeviceImplAidl::ParseGetDispDump(), dpy 1, dst (400, 480), dump_point 1
09-16 23:43:59.635 I/hwcomposer( 1182): [HWC] getDispDump(), client(2), dpy 1, (79,1,479,481), (400, 480), (1, 2), (-1), (-1), (0xb400007253a0c250)  
09-16 23:43:59.635 I/hwcomposer( 1182): [DRMDEV] isSupportWbParams(), id_crtc 115, id_connector 33, dump_point 1, src(79, 1, 400, 480), dst(400, 480), config 2  
09-16 23:43:59.635 E/MI-SF   ( 1282): surfaceflinger setAffinity success
09-16 23:43:59.635 I/MI-SF   ( 1282): surfaceflinger setreAffinity reTid=1352
09-16 23:43:59.635 E/MI-SF   ( 1282): surfaceflinger setAffinity success
09-16 23:43:59.635 I/hwcomposer( 1182): [DISP_DUMP] (0 c:2 setDumpBuf():176), client(2), src(79, 1, 479, 481), dst(400, 480), (1, 2), -1, (-1), (0xb400007253a0c250)  
09-16 23:43:59.635 I/hwcomposer( 1182): [HWC] (0)fire a callback of refresh to SF[9]  
09-16 23:43:59.641 I/hwcomposer( 1182): [HRT] only_has_blit_dev_job:0, run simpleLayeringRule.  
09-16 23:43:59.642 E/HwcComposer( 1282): presentOrValidateDisplay 0 presentFence:-1
09-16 23:43:59.644 D/libcomposer_ext( 1182): DeviceImplAidl::DeviceClientContextAidl::NotifyDispDumpReady(), client_handle:2, buffer:0xb400007253a0a510, fence:151, period16666667
09-16 23:43:59.645 D/libcomposer_ext( 1557): ClientCallbackAidl::asyncPerform(15)
09-16 23:43:59.645 D/libcomposer_ext( 1557): ClientImplAidl::ParseNotifyDispDumpReady()
09-16 23:43:59.645 I/MI-SF   ( 1282): surfaceflinger setAffinity mode=0
09-16 23:43:59.646 E/MI-SF   ( 1282): surfaceflinger setAffinity success
09-16 23:43:59.680 I/HfLooper( 1192): sensor 33171111 = 144.000000 0.000000  40762084897971
09-16 23:43:59.680 I/HfLooper( 1192): sensor light = 36.073002 40762084897971
09-16 23:43:59.681 E/libsensor-frameBufferManager( 1557): onCwbSuccess
09-16 23:43:59.694 D/libsensor-parseRGB( 1557): the value of RGB [16.000000 16.000000 19.000000], powPara: 2.152003
09-16 23:43:59.695 I/libsensor-displayalgo( 1557): #### sensorDataCallback  value of event C:144.000000,R:0.000000,G:0.000000,B:0.000000,40762084897971, bl: 516
09-16 23:43:59.696 I/libsensor-displayalgo( 1557): input time 40762084897971 cwbtime:40762091337998, preInput time:40761919920134
09-16 23:43:59.696 I/libsensor-displayalgo( 1557): startCalculateLux: miui or fac not first
09-16 23:43:59.696 I/libsensor-displayalgo( 1557): #### inputSensorEventChanged set to true!!!
09-16 23:43:59.696 I/libsensor-displayalgo( 1557): #### startCalculateLux time of diff: 40762091337998:40762084897971
09-16 23:43:59.696 I/libsensor-displayalgo( 1557): ####startCalculateLuxdiff: -6440027
09-16 23:43:59.696 I/libsensor-displayalgo( 1557): #### startCalculateLux current input event time: 40762084897971 40761919920134
09-16 23:43:59.717 D/JavaheapMonitor( 2421): Java heap used=3M max=256M, proc: com.miui.miwallpaper
09-16 23:43:59.717 V/JavaheapMonitor( 2421): Check java heap usage finished! Next check delay: 300000
09-16 23:43:59.735 I/HfLooper( 1192): sensor 33171111 = 143.000000 0.000000  40762139921721
09-16 23:43:59.735 I/HfLooper( 1192): sensor light = 36.073002 40762139921721
09-16 23:43:59.738 I/libsensor-displayalgo( 1557): #### sensorDataCallback  value of event C:143.000000,R:0.000000,G:0.000000,B:0.000000,40762139921721, bl: 516
09-16 23:43:59.738 I/libsensor-displayalgo( 1557): input time 40762139921721 cwbtime:40762091337998, preInput time:40761919920134
09-16 23:43:59.738 I/libsensor-displayalgo( 1557): startCalculateLux: miui or fac not first
09-16 23:43:59.738 I/libsensor-displayalgo( 1557): #### inputSensorEventChanged set to true!!!
09-16 23:43:59.738 I/libsensor-displayalgo( 1557): #### startCalculateLux time of diff: 40762091337998:40762139921721
09-16 23:43:59.739 I/libsensor-displayalgo( 1557): ####startCalculateLuxdiff: 48583723
09-16 23:43:59.739 I/libsensor-displayalgo( 1557): #### startCalculateLux current input event time: 40762139921721 40761919920134
09-16 23:43:59.739 D/ControlCenterHeaderExpandController( 2678): onExpansionChanged: progress =  0.0
09-16 23:43:59.740 D/ControlCenterHeaderExpandController( 2678): onExpansionChanged: progress =  0.0
09-16 23:43:59.755 I/BufferQueueProducer( 1282): [StatusBar#113](this:0xb400007a35814570,id:-1,api:0,p:-1,c:1282) queueBuffer: fps=10.38 dur=1637.74 max=1487.08 min=8.11
09-16 23:43:59.755 I/ClockDeviceConfig( 2678): get bounds = Rect(0, 0 - 1080, 2392)
09-16 23:43:59.758 I/hwcomposer( 1182): [HRT] only_has_blit_dev_job:0, run simpleLayeringRule.  
09-16 23:43:59.759 D/ControlCenterHeaderExpandController( 2678): onExpansionChanged: progress =  0.0
09-16 23:43:59.788 I/HfLooper( 1192): sensor 33171111 = 143.000000 0.000000  40762194914658
09-16 23:43:59.788 I/HfLooper( 1192): sensor light = 36.073002 40762194914658
09-16 23:43:59.790 I/libsensor-displayalgo( 1557): #### sensorDataCallback  value of event C:143.000000,R:0.000000,G:0.000000,B:0.000000,40762194914658, bl: 516
09-16 23:43:59.791 I/libsensor-displayalgo( 1557): input time 40762194914658 cwbtime:40762091337998, preInput time:40761919920134
09-16 23:43:59.791 I/libsensor-displayalgo( 1557): startCalculateLux: miui or fac not first
09-16 23:43:59.791 I/libsensor-displayalgo( 1557): #### startCalculateLux time of diff: 40762091337998:40762194914658:103576660
09-16 23:43:59.791 I/libsensor-displayalgo( 1557): #### inputSensorEventChanged set to true!!!
09-16 23:43:59.791 I/libsensor-displayalgo( 1557): #### startCalculateLux time of diff: 40762091337998:40762139921721
09-16 23:43:59.791 I/libsensor-displayalgo( 1557): ####startCalculateLuxdiff: 103576660
09-16 23:43:59.791 I/libsensor-displayalgo( 1557): #### startCalculateLux current input event time: 40762194914658 40761919920134
09-16 23:43:59.791 I/libsensor-displayalgo( 1557): #### value of  inputBrightness's brightness_51:516,preBrightness's brightness_51:516,lastPredictedLight :138.094396,brightnessDiff:0.000000,sensorDataDiff:0.000000
09-16 23:43:59.791 I/libsensor-displayalgo( 1557): #### inputBrightness's timestamp:40418240916747,value of brightness time diff:343953997911, index: 60
09-16 23:43:59.791 I/libsensor-displayalgo( 1557): #### inputSensorEventChanged: 1!!!
09-16 23:43:59.791 I/libsensor-displayalgo( 1557): getInputData start: input[0]:516.000000,inputBrightness.panel_1.brightness_51:0.000000
09-16 23:43:59.791 I/libsensor-displayalgo( 1557): getInputData end: input[0]:516.000000,inputBrightness.panel_1.brightness_51:0.000000
09-16 23:43:59.791 I/libsensor-displayalgo( 1557): alsAlgo: second panel
09-16 23:43:59.793 I/libsensor-displayalgo( 1557): CWB_ALS: model output raw: 5.926865 0.000000
09-16 23:43:59.793 I/libsensor-displayalgo( 1557): HSV RGB R= 33.083668,G= 33.086740,B= 34.719008
09-16 23:43:59.793 I/libsensor-displayalgo( 1557): HSV RGB maxValue:34.719008, minValue:33.083668
09-16 23:43:59.794 E/libsensor-displayalgo( 1557): the value of tmp1:372.440000 tmp 449.960000
09-16 23:43:59.794 I/libsensor-displayalgo( 1557): the value of ratio1 is 0.827718
09-16 23:43:59.794 E/libsensor-displayalgo( 1557): the value of tmp1:0.000000 tmp 0.000000
09-16 23:43:59.794 I/libsensor-displayalgo( 1557): the value of ratio1 is 1.000000
09-16 23:43:59.794 I/libsensor-displayalgo( 1557): Write:the value of channelCali ALS:4.9, IR:0.0, scales:1.000000, hsv:-1.000000
09-16 23:43:59.795 I/libsensor-displayalgo( 1557): the value of hsv: -1.000000
09-16 23:43:59.795 I/libsensor-displayalgo( 1557): the value of  ir: 0.000000  Coef: 23701.878000 19699.158000 12075.050000 12075.050000 
09-16 23:43:59.795 I/libsensor-displayalgo( 1557): the value of  REAL LUX 63.927589
09-16 23:43:59.795 D/libsensor-displayalgo( 1557): brightness:516.000000,flat_mode:1.000000,R1:390.184327,G1:390.184327,B1:564.782968,EVENT ALS:143.000000,IR:0.000000lux: 63.927589
09-16 23:43:59.795 I/libsensor-displayalgo( 1557): luxAges[0]=0.000000, index=1
09-16 23:43:59.796 I/libsensor-displayalgo( 1557): luxAges[1]=0.000000, index=3
09-16 23:43:59.796 I/libsensor-displayalgo( 1557): luxAges[2]=0.000000, index=2
09-16 23:43:59.796 I/libsensor-displayalgo( 1557): medianFilter[index]=63.927666 63.927589 64.389900
09-16 23:43:59.799 D/JavaheapMonitor( 2654): Java heap used=12M max=256M, proc: com.android.phone
09-16 23:43:59.800 V/JavaheapMonitor( 2654): Check java heap usage finished! Next check delay: 300000
09-16 23:43:59.812 D/SatelliteController( 2654): iisInCarrierRoamingNbIotNtn: satellite is disabled
09-16 23:43:59.813 W/Settings( 2654): Setting airplane_mode_on has moved from android.provider.Settings.System to android.provider.Settings.Global, returning read-only value.
09-16 23:43:59.818 D/HyperComm_TelephonyMonitor( 2612): onSignalStrengthsChanged[0]: SignalStrength:{mCdma=invalid,mGsm=invalid,mWcdma=invalid,mTdscdma=invalid,mLte=CellSignalStrengthLte: rssi=-93 rsrp=-104 rsrq=-12 rssnr=5 cqiTableIndex=2147483647 cqi=0 ta=0 miuiLevel=3 mOptimizedLevel=0 level=3 parametersUseForLevel=0,mNr=invalid,primary=CellSignalStrengthLte,mNrAsPrimaryInNrNsa=false}
09-16 23:43:59.819 I/SceneObserver( 2612): notify event: EVENT_SIGNAL_STRENGTHS_CHANGED
09-16 23:43:59.821 D/NetworkSpeedTracker( 2654): updateSignalInfo lteRsrp=-104lteSnr=5,phoneId=0
09-16 23:43:59.822 D/HighSpeedTrainModeController( 2654): msg.what = 10
09-16 23:43:59.822 D/MiuiTelephonyDFS( 2654): msg.what = 2
09-16 23:43:59.822 D/MiuiTelephonyDFS( 2654): getVoiceRat = 13
09-16 23:43:59.822 D/MiuiTelephonyDFS( 2654): getRsrp = -104
09-16 23:43:59.822 D/MiuiTelephonyDFS( 2654): getVoiceRat = 13
09-16 23:43:59.822 D/MiuiTelephonyDFS( 2654): getSnr = 5
09-16 23:43:59.834 I/SmartPower: com.miui.thirdappassistant/10315(23263)( 1956): background->idle(3004ms) R(content provider start ContentProviderRecord{9d91db9 u0 com.miui.thirdappassistant/.ui.exceptionresult.ERHeaderItemViewHolder$SharedPreferencesProvider}) adj=0.
09-16 23:43:59.843 I/HfLooper( 1192): sensor 33171111 = 143.000000 0.000000  40762249906351
09-16 23:43:59.843 I/HfLooper( 1192): sensor light = 36.073002 40762249906351
09-16 23:43:59.845 I/libsensor-displayalgo( 1557): #### sensorDataCallback  value of event C:143.000000,R:0.000000,G:0.000000,B:0.000000,40762249906351, bl: 516
09-16 23:43:59.846 I/libsensor-displayalgo( 1557): input time 40762249906351 cwbtime:40762091337998, preInput time:40762194914658
09-16 23:43:59.846 I/libsensor-displayalgo( 1557): startCalculateLux: miui or fac not first
09-16 23:43:59.846 I/libsensor-displayalgo( 1557): #### startCalculateLux time of diff: 40762091337998:40762249906351:158568353
09-16 23:43:59.847 I/libsensor-displayalgo( 1557): #### startCalculateLux time of diff: 40762091337998:40762194914658:103576660
09-16 23:43:59.847 I/libsensor-displayalgo( 1557): #### startCalculateLux time of diff: 40762091337998:40762139921721
09-16 23:43:59.847 I/libsensor-displayalgo( 1557): ####startCalculateLuxdiff: 103576660
09-16 23:43:59.847 I/libsensor-displayalgo( 1557): #### startCalculateLux current input event time: 40762194914658 40762194914658
09-16 23:43:59.848 I/libsensor-displayalgo( 1557): #### value of  inputBrightness's brightness_51:516,preBrightness's brightness_51:516,lastPredictedLight :138.094227,brightnessDiff:0.000000,sensorDataDiff:0.000000
09-16 23:43:59.848 I/libsensor-displayalgo( 1557): #### inputBrightness's timestamp:40418240916747,value of brightness time diff:343953997911, index: 60
09-16 23:43:59.848 I/libsensor-displayalgo( 1557): #### inputSensorEventChanged: 0!!!
09-16 23:43:59.898 I/HfLooper( 1192): sensor 33171111 = 145.000000 0.000000  40762304898596
09-16 23:43:59.899 I/HfLooper( 1192): sensor light = 36.073002 40762304898596
09-16 23:43:59.901 I/libsensor-displayalgo( 1557): #### sensorDataCallback  value of event C:145.000000,R:0.000000,G:0.000000,B:0.000000,40762304898596, bl: 516
09-16 23:43:59.902 I/libsensor-displayalgo( 1557): input time 40762304898596 cwbtime:40762091337998, preInput time:40762194914658
09-16 23:43:59.902 I/libsensor-displayalgo( 1557): startCalculateLux: miui or fac not first
09-16 23:43:59.902 I/libsensor-displayalgo( 1557): #### startCalculateLux time of diff: 40762091337998:40762304898596:213560598
09-16 23:43:59.902 I/libsensor-displayalgo( 1557): #### startCalculateLux time of diff: 40762091337998:40762249906351:158568353
09-16 23:43:59.902 I/libsensor-displayalgo( 1557): #### startCalculateLux time of diff: 40762091337998:40762194914658:103576660
09-16 23:43:59.902 I/libsensor-displayalgo( 1557): #### startCalculateLux time of diff: 40762091337998:40762139921721
09-16 23:43:59.902 I/libsensor-displayalgo( 1557): ####startCalculateLuxdiff: 103576660
09-16 23:43:59.902 I/libsensor-displayalgo( 1557): #### startCalculateLux current input event time: 40762194914658 40762194914658
09-16 23:43:59.902 I/libsensor-displayalgo( 1557): #### value of  inputBrightness's brightness_51:516,preBrightness's brightness_51:516,lastPredictedLight :138.094227,brightnessDiff:0.000000,sensorDataDiff:0.000000
09-16 23:43:59.902 I/libsensor-displayalgo( 1557): #### inputBrightness's timestamp:40418240916747,value of brightness time diff:343953997911, index: 60
09-16 23:43:59.902 I/libsensor-displayalgo( 1557): #### inputSensorEventChanged: 0!!!
09-16 23:43:59.911 I/hwcomposer( 1182): [HWC] (0)fire a callback of refresh to SF[4]  
09-16 23:43:59.930 I/hwcomposer( 1182): [HRT] only_has_blit_dev_job:0, run simpleLayeringRule.  
09-16 23:43:59.931 E/HwcComposer( 1282): presentOrValidateDisplay 0 presentFence:-1
09-16 23:43:59.940 I/android.hardware.graphics.composer@3.4-service( 1182): Sensor: notify citsensorservice to trigger cwb
09-16 23:43:59.940 I/libsensor-frameBufferManager( 1557): request dump start
09-16 23:43:59.941 I/libsensor-frameBufferManager( 1557): CWB_ALS getDispDump 79 1 400 480 
09-16 23:43:59.941 D/libcomposer_ext( 1557): ClientImplAidl::getDispDump(), dpy 1, dst (400, 480), dump_point 1, release_fence -1
09-16 23:43:59.942 D/libcomposer_ext( 1182): DeviceImplAidl::syncPerform(14), client_handle: 2
09-16 23:43:59.942 I/MI-SF   ( 1282): surfaceflinger setAffinity mode=1
09-16 23:43:59.942 D/libcomposer_ext( 1182): DeviceImplAidl::ParseGetDispDump(), dpy 1, dst (400, 480), dump_point 1
09-16 23:43:59.942 I/hwcomposer( 1182): [HWC] getDispDump(), client(2), dpy 1, (79,1,479,481), (400, 480), (1, 2), (-1), (-1), (0xb400007253a08b30)  
09-16 23:43:59.942 I/hwcomposer( 1182): [DRMDEV] isSupportWbParams(), id_crtc 115, id_connector 33, dump_point 1, src(79, 1, 400, 480), dst(400, 480), config 2  
09-16 23:43:59.942 I/hwcomposer( 1182): [DISP_DUMP] (0 c:2 setDumpBuf():176), client(2), src(79, 1, 479, 481), dst(400, 480), (1, 2), -1, (-1), (0xb400007253a08b30)  
09-16 23:43:59.942 E/MI-SF   ( 1282): surfaceflinger setAffinity success
09-16 23:43:59.942 I/MI-SF   ( 1282): surfaceflinger setreAffinity reTid=1352
09-16 23:43:59.942 E/MI-SF   ( 1282): surfaceflinger setAffinity success
09-16 23:43:59.942 I/hwcomposer( 1182): [HWC] (0)fire a callback of refresh to SF[9]  
09-16 23:43:59.944 W/libc    ( 1282): Access denied finding property "ro.vendor.display.max_hdr_luminance"
09-16 23:43:59.953 I/HfLooper( 1192): sensor 33171111 = 143.000000 0.000000  40762359927855
09-16 23:43:59.953 I/HfLooper( 1192): sensor light = 36.073002 40762359927855
09-16 23:43:59.955 I/libsensor-displayalgo( 1557): #### sensorDataCallback  value of event C:143.000000,R:0.000000,G:0.000000,B:0.000000,40762359927855, bl: 516
09-16 23:43:59.956 I/libsensor-displayalgo( 1557): input time 40762359927855 cwbtime:40762091337998, preInput time:40762194914658
09-16 23:43:59.956 I/libsensor-displayalgo( 1557): startCalculateLux: miui or fac not first
09-16 23:43:59.956 I/libsensor-displayalgo( 1557): #### startCalculateLux time of diff: 40762091337998:40762359927855:268589857
09-16 23:43:59.956 I/libsensor-displayalgo( 1557): #### startCalculateLux time of diff: 40762091337998:40762304898596:213560598
09-16 23:43:59.956 I/libsensor-displayalgo( 1557): #### startCalculateLux time of diff: 40762091337998:40762249906351:158568353
09-16 23:43:59.956 I/libsensor-displayalgo( 1557): #### startCalculateLux time of diff: 40762091337998:40762194914658:103576660
09-16 23:43:59.956 I/libsensor-displayalgo( 1557): #### startCalculateLux time of diff: 40762091337998:40762139921721
09-16 23:43:59.956 I/libsensor-displayalgo( 1557): ####startCalculateLuxdiff: 103576660
09-16 23:43:59.956 I/libsensor-displayalgo( 1557): #### startCalculateLux current input event time: 40762194914658 40762194914658
09-16 23:43:59.956 I/libsensor-displayalgo( 1557): #### value of  inputBrightness's brightness_51:516,preBrightness's brightness_51:516,lastPredictedLight :138.094227,brightnessDiff:0.000000,sensorDataDiff:0.000000
09-16 23:43:59.956 I/libsensor-displayalgo( 1557): #### inputBrightness's timestamp:40418240916747,value of brightness time diff:343953997911, index: 60
09-16 23:43:59.956 I/libsensor-displayalgo( 1557): #### inputSensorEventChanged: 0!!!
09-16 23:43:59.961 I/hwcomposer( 1182): [HRT] only_has_blit_dev_job:0, run simpleLayeringRule.  
09-16 23:43:59.962 E/HwcComposer( 1282): presentOrValidateDisplay 0 presentFence:-1
09-16 23:43:59.963 D/libcomposer_ext( 1182): DeviceImplAidl::DeviceClientContextAidl::NotifyDispDumpReady(), client_handle:2, buffer:0xb400007253a0d7b0, fence:152, period16666667
09-16 23:43:59.964 D/libcomposer_ext( 1557): ClientCallbackAidl::asyncPerform(15)
09-16 23:43:59.964 D/libcomposer_ext( 1557): ClientImplAidl::ParseNotifyDispDumpReady()
09-16 23:43:59.965 I/MI-SF   ( 1282): surfaceflinger setAffinity mode=0
09-16 23:43:59.966 E/MI-SF   ( 1282): surfaceflinger setAffinity success
09-16 23:43:59.987 I/SmartPower: com.android.vending/10157(26693)( 1956): background->idle(3007ms) R(service create com.android.vending/com.google.android.finsky.scheduler.process.mainimpl.PhoneskyJobServiceMain) adj=905.
09-16 23:43:59.988 W/ActivityManager( 1956): Idling uid u0a157 from package com.android.vending user 0
09-16 23:43:59.990 I/MiuiNetworkPolicy( 1956): updateUidState uid = 10157, uidState = 19
09-16 23:43:59.994 E/libsensor-frameBufferManager( 1557): onCwbSuccess
09-16 23:44:00.000 E/AlarmManager( 1956): not align this alarm: Alarm{f908e40 type 3 origWhen 40822409 whenElapsed 40822409 android}, reason=0
09-16 23:44:00.001 D/AlarmManager( 1956): mBroadcastRefCount -> 1
09-16 23:44:00.004 D/AlarmManager( 1956): mBroadcastRefCount -> 0
09-16 23:44:00.004 D/AlarmManager( 1956): mPendingIntent -> null
09-16 23:44:00.005 D/libsensor-parseRGB( 1557): the value of RGB [16.000000 16.000000 19.000000], powPara: 2.152003
09-16 23:44:00.008 I/HfLooper( 1192): sensor 33171111 = 144.000000 0.000000  40762414914706
09-16 23:44:00.008 I/HfLooper( 1192): sensor light = 36.073002 40762414914706
09-16 23:44:00.009 I/libsensor-displayalgo( 1557): #### sensorDataCallback  value of event C:144.000000,R:0.000000,G:0.000000,B:0.000000,40762414914706, bl: 516
09-16 23:44:00.009 I/libsensor-displayalgo( 1557): input time 40762414914706 cwbtime:40762403766690, preInput time:40762194914658
09-16 23:44:00.009 I/libsensor-displayalgo( 1557): startCalculateLux: miui or fac not first
09-16 23:44:00.009 I/libsensor-displayalgo( 1557): #### inputSensorEventChanged set to true!!!
09-16 23:44:00.009 I/libsensor-displayalgo( 1557): #### startCalculateLux time of diff: 40762403766690:40762414914706
09-16 23:44:00.009 I/libsensor-displayalgo( 1557): ####startCalculateLuxdiff: 11148016
09-16 23:44:00.009 I/libsensor-displayalgo( 1557): #### startCalculateLux current input event time: 40762414914706 40762194914658
09-16 23:44:00.021 D/MiuiClockController( 2678): Listener updateTime
09-16 23:44:00.024 E/AnimationHelper( 2678): updateTime sToAod:false mHasNotification: true, mClockType: classic
09-16 23:44:00.024 D/MiuiClockController( 2678): Listener updateTime
09-16 23:44:00.027 D/JavaheapMonitor( 4404): Java heap used=1M max=256M, proc: org.ifaa.aidl.manager
09-16 23:44:00.027 V/JavaheapMonitor( 4404): Check java heap usage finished! Next check delay: 300000
09-16 23:44:00.027 D/NotificationHeaderExpandController( 2678): onExpansionChanged: progress =  0.0
09-16 23:44:00.028 D/NotificationHeaderExpandController( 2678): onExpansionChanged: progress =  0.0
09-16 23:44:00.048 I/hwcomposer( 1182): [HRT] only_has_blit_dev_job:0, run simpleLayeringRule.  
09-16 23:44:00.063 I/HfLooper( 1192): sensor 33171111 = 144.000000 0.000000  40762469906643
09-16 23:44:00.063 I/HfLooper( 1192): sensor light = 36.073002 40762469906643
09-16 23:44:00.064 I/libsensor-displayalgo( 1557): #### sensorDataCallback  value of event C:144.000000,R:0.000000,G:0.000000,B:0.000000,40762469906643, bl: 516
09-16 23:44:00.065 I/libsensor-displayalgo( 1557): input time 40762469906643 cwbtime:40762403766690, preInput time:40762194914658
09-16 23:44:00.065 I/libsensor-displayalgo( 1557): startCalculateLux: miui or fac not first
09-16 23:44:00.065 I/libsensor-displayalgo( 1557): #### inputSensorEventChanged set to true!!!
09-16 23:44:00.065 I/libsensor-displayalgo( 1557): #### startCalculateLux time of diff: 40762403766690:40762469906643
09-16 23:44:00.065 I/libsensor-displayalgo( 1557): ####startCalculateLuxdiff: 66139953
09-16 23:44:00.065 I/libsensor-displayalgo( 1557): #### startCalculateLux current input event time: 40762469906643 40762194914658
09-16 23:44:00.098 I/libPerfCtl( 1214): xgfGetFPS pid:1282 fps:-1
09-16 23:44:00.099 I/libPerfCtl( 1214): xgfGetFPS pid:2678 fps:60
09-16 23:44:00.106 I/hwcomposer( 1182): [HWC] (0)fire a callback of refresh to SF[4]  
09-16 23:44:00.108 W/adbd    (30336): timed out while waiting for FUNCTIONFS_BIND, trying again
09-16 23:44:00.108 I/adbd    (30336): UsbFfs: connection terminated: monitor thread finished
09-16 23:44:00.115 I/hwcomposer( 1182): [HRT] only_has_blit_dev_job:0, run simpleLayeringRule.  
09-16 23:44:00.116 E/HwcComposer( 1282): presentOrValidateDisplay 0 presentFence:-1
09-16 23:44:00.118 I/HfLooper( 1192): sensor 33171111 = 144.000000 0.000000  40762524899667
09-16 23:44:00.118 I/HfLooper( 1192): sensor light = 36.073002 40762524899667
09-16 23:44:00.120 I/libsensor-displayalgo( 1557): #### sensorDataCallback  value of event C:144.000000,R:0.000000,G:0.000000,B:0.000000,40762524899667, bl: 516
09-16 23:44:00.121 I/libsensor-displayalgo( 1557): input time 40762524899667 cwbtime:40762403766690, preInput time:40762194914658
09-16 23:44:00.121 I/libsensor-displayalgo( 1557): startCalculateLux: miui or fac not first
09-16 23:44:00.121 I/libsensor-displayalgo( 1557): #### startCalculateLux time of diff: 40762403766690:40762524899667:121132977
09-16 23:44:00.121 I/libsensor-displayalgo( 1557): #### inputSensorEventChanged set to true!!!
09-16 23:44:00.121 I/libsensor-displayalgo( 1557): #### startCalculateLux time of diff: 40762403766690:40762469906643
09-16 23:44:00.121 I/libsensor-displayalgo( 1557): ####startCalculateLuxdiff: 121132977
09-16 23:44:00.121 I/libsensor-displayalgo( 1557): #### startCalculateLux current input event time: 40762524899667 40762194914658
09-16 23:44:00.121 I/libsensor-displayalgo( 1557): #### value of  inputBrightness's brightness_51:516,preBrightness's brightness_51:516,lastPredictedLight :138.094227,brightnessDiff:0.000000,sensorDataDiff:-0.203841
09-16 23:44:00.121 I/libsensor-displayalgo( 1557): #### inputBrightness's timestamp:40418240916747,value of brightness time diff:344283982920, index: 60
09-16 23:44:00.121 I/libsensor-displayalgo( 1557): #### inputSensorEventChanged: 1!!!
09-16 23:44:00.121 I/libsensor-displayalgo( 1557): getInputData start: input[0]:516.000000,inputBrightness.panel_1.brightness_51:0.000000
09-16 23:44:00.121 I/libsensor-displayalgo( 1557): getInputData end: input[0]:516.000000,inputBrightness.panel_1.brightness_51:0.000000
09-16 23:44:00.121 I/libsensor-displayalgo( 1557): alsAlgo: second panel
09-16 23:44:00.124 I/libsensor-displayalgo( 1557): CWB_ALS: model output raw: 5.927187 0.000000
09-16 23:44:00.124 I/libsensor-displayalgo( 1557): HSV RGB R= 33.083607,G= 33.086600,B= 34.719698
09-16 23:44:00.124 I/libsensor-displayalgo( 1557): HSV RGB maxValue:34.719698, minValue:33.083607
09-16 23:44:00.124 E/libsensor-displayalgo( 1557): the value of tmp1:372.440000 tmp 449.960000
09-16 23:44:00.124 I/libsensor-displayalgo( 1557): the value of ratio1 is 0.827718
09-16 23:44:00.124 E/libsensor-displayalgo( 1557): the value of tmp1:0.000000 tmp 0.000000
09-16 23:44:00.124 I/libsensor-displayalgo( 1557): the value of ratio1 is 1.000000
09-16 23:44:00.124 I/libsensor-displayalgo( 1557): Write:the value of channelCali ALS:4.9, IR:0.0, scales:1.000000, hsv:-1.000000
09-16 23:44:00.124 I/libsensor-displayalgo( 1557): the value of hsv: -1.000000
09-16 23:44:00.124 I/libsensor-displayalgo( 1557): the value of  ir: 0.000000  Coef: 23701.878000 19699.158000 12075.050000 12075.050000 
09-16 23:44:00.124 I/libsensor-displayalgo( 1557): the value of  REAL LUX 64.390388
09-16 23:44:00.124 D/libsensor-displayalgo( 1557): brightness:516.000000,flat_mode:1.000000,R1:390.184327,G1:390.184327,B1:564.782968,EVENT ALS:144.000000,IR:0.000000lux: 64.390388
09-16 23:44:00.124 I/libsensor-displayalgo( 1557): luxAges[0]=0.000000, index=1
09-16 23:44:00.125 I/libsensor-displayalgo( 1557): luxAges[1]=0.000000, index=2
09-16 23:44:00.125 I/libsensor-displayalgo( 1557): luxAges[2]=0.000000, index=3
09-16 23:44:00.125 I/libsensor-displayalgo( 1557): medianFilter[index]=63.927589 63.927666 64.390388
09-16 23:44:00.127 I/MI-SF   ( 1282): surfaceflinger setAffinity mode=1
09-16 23:44:00.127 E/MI-SF   ( 1282): surfaceflinger setAffinity success
09-16 23:44:00.127 I/MI-SF   ( 1282): surfaceflinger setreAffinity reTid=1352
09-16 23:44:00.127 E/MI-SF   ( 1282): surfaceflinger setAffinity success
09-16 23:44:00.131 I/adbd    (30336): opening control endpoint /dev/usb-ffs/adb/ep0
09-16 23:44:00.175 I/HfLooper( 1192): sensor 33171111 = 144.000000 0.000000  40762579924297
09-16 23:44:00.175 I/HfLooper( 1192): sensor light = 36.073002 40762579924297
09-16 23:44:00.177 I/libsensor-displayalgo( 1557): #### sensorDataCallback  value of event C:144.000000,R:0.000000,G:0.000000,B:0.000000,40762579924297, bl: 516
09-16 23:44:00.178 I/libsensor-displayalgo( 1557): input time 40762579924297 cwbtime:40762403766690, preInput time:40762524899667
09-16 23:44:00.178 I/libsensor-displayalgo( 1557): startCalculateLux: miui or fac not first
09-16 23:44:00.179 I/libsensor-displayalgo( 1557): #### startCalculateLux time of diff: 40762403766690:40762579924297:176157607
09-16 23:44:00.179 I/libsensor-displayalgo( 1557): #### startCalculateLux time of diff: 40762403766690:40762524899667:121132977
09-16 23:44:00.179 I/libsensor-displayalgo( 1557): #### startCalculateLux time of diff: 40762403766690:40762469906643
09-16 23:44:00.180 I/libsensor-displayalgo( 1557): ####startCalculateLuxdiff: 121132977
09-16 23:44:00.180 I/libsensor-displayalgo( 1557): #### startCalculateLux current input event time: 40762524899667 40762524899667
09-16 23:44:00.180 I/libsensor-displayalgo( 1557): #### value of  inputBrightness's brightness_51:516,preBrightness's brightness_51:516,lastPredictedLight :139.093960,brightnessDiff:0.000000,sensorDataDiff:0.000000
09-16 23:44:00.180 I/libsensor-displayalgo( 1557): #### inputBrightness's timestamp:40418240916747,value of brightness time diff:344283982920, index: 60
09-16 23:44:00.180 I/libsensor-displayalgo( 1557): #### inputSensorEventChanged: 0!!!
09-16 23:44:00.193 E/fozk    (11429): (REDACTED) Trace %s timed out after %d ms. Complete trace: %s
09-16 23:44:00.193 E/fozk    (11429): fpav: 
09-16 23:44:00.193 E/fozk    (11429): 	at tk_trace.DatabaseComplianceEventReporter#writeMultipleEventsToDatabase(Started After:5)
09-16 23:44:00.193 E/fozk    (11429): 	at tk_trace.DatabaseComplianceEventReporter#report(Started After:0)
09-16 23:44:00.193 E/fozk    (11429): 	at tk_trace.AppOpsListener#notify(Started After:0)
09-16 23:44:00.193 E/fozk    (11429): 	at tk_trace.OnOpNotedCallback#onAsyncNoted(Started After:0)
09-16 23:44:00.198 E/fozk    (11429): (REDACTED) Trace %s timed out after %d ms. Complete trace: %s
09-16 23:44:00.198 E/fozk    (11429): fpav: 
09-16 23:44:00.198 E/fozk    (11429): 	at tk_trace.ZwiebackCookieProviderImpl#extractZwieback(Started After:0)
09-16 23:44:00.198 E/fozk    (11429): 	at tk_trace.ZwiebackCookieProviderImpl#getZwieback(Started After:0)
09-16 23:44:00.198 E/fozk    (11429): 	at tk_trace.Synclet: top_contact_refresh_sync_key 4(Started After:0)
09-16 23:44:00.198 E/fozk    (11429): 	at tk_trace.NoAccountWorkerFactory startWork()(Started After:0)
09-16 23:44:00.198 E/fozk    (11429): 	at tk_trace.com.google.apps.tiktok.sync.impl.workmanager.SyncPeriodicWorker startWork()(Started After:0)
09-16 23:44:00.198 E/fozk    (11429): 	at tk_trace.com.google.apps.tiktok.sync.impl.workmanager.SyncPeriodicWorker startWork()(Started After:0)
09-16 23:44:00.198 E/fozk    (11429): 	at tk_trace.WorkManager:TikTokListenableWorker startWork(Started After:0)
09-16 23:44:00.198 E/fozk    (11429): 	Suppressed: fpau: 
09-16 23:44:00.198 E/fozk    (11429): 		at tk_trace.ASSISTANT_TNG_TOP_CONTACT_REFRESH_END(unfinished)(Unknown Source:0)
09-16 23:44:00.198 E/fozk    (11429): 		at tk_trace.Synclet: top_contact_refresh_sync_key 4 835 ms(Unknown Source:0)
09-16 23:44:00.198 E/fozk    (11429): 		at tk_trace.NoAccountWorkerFactory startWork() 964 ms(Unknown Source:0)
09-16 23:44:00.198 E/fozk    (11429): 		at tk_trace.com.google.apps.tiktok.sync.impl.workmanager.SyncPeriodicWorker startWork() 966 ms(Unknown Source:0)
09-16 23:44:00.198 E/fozk    (11429): 		at tk_trace.com.google.apps.tiktok.sync.impl.workmanager.SyncPeriodicWorker startWork() 966 ms(Unknown Source:0)
09-16 23:44:00.198 E/fozk    (11429): 		at tk_trace.WorkManager:TikTokListenableWorker startWork 5 ms(Unknown Source:0)
09-16 23:44:00.198 E/fozk    (11429): 	Suppressed: fpau: 
09-16 23:44:00.198 E/fozk    (11429): 		at tk_trace.ASSISTANT_TNG_TOP_CONTACT_REFRESH_SYNCLET(unfinished)(Unknown Source:0)
09-16 23:44:00.198 E/fozk    (11429): 		at tk_trace.Synclet: top_contact_refresh_sync_key 4 835 ms(Unknown Source:0)
09-16 23:44:00.198 E/fozk    (11429): 		at tk_trace.NoAccountWorkerFactory startWork() 964 ms(Unknown Source:0)
09-16 23:44:00.198 E/fozk    (11429): 		at tk_trace.com.google.apps.tiktok.sync.impl.workmanager.SyncPeriodicWorker startWork() 966 ms(Unknown Source:0)
09-16 23:44:00.198 E/fozk    (11429): 		at tk_trace.com.google.apps.tiktok.sync.impl.workmanager.SyncPeriodicWorker startWork() 966 ms(Unknown Source:0)
09-16 23:44:00.198 E/fozk    (11429): 		at tk_trace.WorkManager:TikTokListenableWorker startWork 5 ms(Unknown Source:0)
09-16 23:44:00.198 E/fozk    (11429): 	Suppressed: fpau: 
09-16 23:44:00.198 E/fozk    (11429): 		at tk_trace.ASSISTANT_TNG_TOP_CONTACT_REFRESH_START(unfinished)(Unknown Source:0)
09-16 23:44:00.198 E/fozk    (11429): 		at tk_trace.Synclet: top_contact_refresh_sync_key 4 835 ms(Unknown Source:0)
09-16 23:44:00.198 E/fozk    (11429): 		at tk_trace.NoAccountWorkerFactory startWork() 964 ms(Unknown Source:0)
09-16 23:44:00.198 E/fozk    (11429): 		at tk_trace.com.google.apps.tiktok.sync.impl.workmanager.SyncPeriodicWorker startWork() 966 ms(Unknown Source:0)
09-16 23:44:00.198 E/fozk    (11429): 		at tk_trace.com.google.apps.tiktok.sync.impl.workmanager.SyncPeriodicWorker startWork() 966 ms(Unknown Source:0)
09-16 23:44:00.198 E/fozk    (11429): 		at tk_trace.WorkManager:TikTokListenableWorker startWork 5 ms(Unknown Source:0)
09-16 23:44:00.228 I/HfLooper( 1192): sensor 33171111 = 144.000000 0.000000  40762634915283
09-16 23:44:00.228 I/HfLooper( 1192): sensor light = 36.073002 40762634915283
09-16 23:44:00.229 I/libsensor-displayalgo( 1557): #### sensorDataCallback  value of event C:144.000000,R:0.000000,G:0.000000,B:0.000000,40762634915283, bl: 516
09-16 23:44:00.229 I/libsensor-displayalgo( 1557): input time 40762634915283 cwbtime:40762403766690, preInput time:40762524899667
09-16 23:44:00.229 I/libsensor-displayalgo( 1557): startCalculateLux: miui or fac not first
09-16 23:44:00.229 I/libsensor-displayalgo( 1557): #### startCalculateLux time of diff: 40762403766690:40762634915283:231148593
09-16 23:44:00.229 I/libsensor-displayalgo( 1557): #### startCalculateLux time of diff: 40762403766690:40762579924297:176157607
09-16 23:44:00.229 I/libsensor-displayalgo( 1557): #### startCalculateLux time of diff: 40762403766690:40762524899667:121132977
09-16 23:44:00.230 I/libsensor-displayalgo( 1557): #### startCalculateLux time of diff: 40762403766690:40762469906643
09-16 23:44:00.230 I/libsensor-displayalgo( 1557): ####startCalculateLuxdiff: 121132977
09-16 23:44:00.230 I/libsensor-displayalgo( 1557): #### startCalculateLux current input event time: 40762524899667 40762524899667
09-16 23:44:00.230 I/libsensor-displayalgo( 1557): #### value of  inputBrightness's brightness_51:516,preBrightness's brightness_51:516,lastPredictedLight :139.093960,brightnessDiff:0.000000,sensorDataDiff:0.000000
09-16 23:44:00.230 I/libsensor-displayalgo( 1557): #### inputBrightness's timestamp:40418240916747,value of brightness time diff:344283982920, index: 60
09-16 23:44:00.230 I/libsensor-displayalgo( 1557): #### inputSensorEventChanged: 0!!!
09-16 23:44:00.275 I/android.hardware.graphics.composer@3.4-service( 1182): Sensor: notify citsensorservice to trigger cwb
09-16 23:44:00.276 I/libsensor-frameBufferManager( 1557): request dump start
09-16 23:44:00.276 I/libsensor-frameBufferManager( 1557): CWB_ALS getDispDump 79 1 400 480 
09-16 23:44:00.276 D/libcomposer_ext( 1557): ClientImplAidl::getDispDump(), dpy 1, dst (400, 480), dump_point 1, release_fence -1
09-16 23:44:00.277 D/libcomposer_ext( 1182): DeviceImplAidl::syncPerform(14), client_handle: 2
09-16 23:44:00.277 D/libcomposer_ext( 1182): DeviceImplAidl::ParseGetDispDump(), dpy 1, dst (400, 480), dump_point 1
09-16 23:44:00.277 I/hwcomposer( 1182): [HWC] getDispDump(), client(2), dpy 1, (79,1,479,481), (400, 480), (1, 2), (-1), (-1), (0xb400007253a051d0)  
09-16 23:44:00.278 I/hwcomposer( 1182): [DRMDEV] isSupportWbParams(), id_crtc 115, id_connector 33, dump_point 1, src(79, 1, 400, 480), dst(400, 480), config 2  
09-16 23:44:00.278 I/hwcomposer( 1182): [DISP_DUMP] (0 c:2 setDumpBuf():176), client(2), src(79, 1, 479, 481), dst(400, 480), (1, 2), -1, (-1), (0xb400007253a051d0)  
09-16 23:44:00.278 I/hwcomposer( 1182): [HWC] (0)fire a callback of refresh to SF[9]  
09-16 23:44:00.282 I/hwcomposer( 1182): [HRT] only_has_blit_dev_job:0, run simpleLayeringRule.  
09-16 23:44:00.283 E/HwcComposer( 1282): presentOrValidateDisplay 0 presentFence:-1
09-16 23:44:00.283 I/HfLooper( 1192): sensor 33171111 = 144.000000 0.000000  40762689907653
09-16 23:44:00.283 I/HfLooper( 1192): sensor light = 36.073002 40762689907653
09-16 23:44:00.284 D/libcomposer_ext( 1182): DeviceImplAidl::DeviceClientContextAidl::NotifyDispDumpReady(), client_handle:2, buffer:0xb400007253a0dd50, fence:152, period16666667
09-16 23:44:00.285 I/libsensor-displayalgo( 1557): #### sensorDataCallback  value of event C:144.000000,R:0.000000,G:0.000000,B:0.000000,40762689907653, bl: 516
09-16 23:44:00.285 D/libcomposer_ext( 1557): ClientCallbackAidl::asyncPerform(15)
09-16 23:44:00.285 D/libcomposer_ext( 1557): ClientImplAidl::ParseNotifyDispDumpReady()
09-16 23:44:00.286 I/android.hardware.graphics.composer@3.4-service( 1182): Sensor: notify citsensorservice to trigger cwb
09-16 23:44:00.286 I/libsensor-displayalgo( 1557): input time 40762689907653 cwbtime:40762403766690, preInput time:40762524899667
09-16 23:44:00.286 I/libsensor-displayalgo( 1557): startCalculateLux: miui or fac not first
09-16 23:44:00.286 I/libsensor-displayalgo( 1557): #### startCalculateLux time of diff: 40762403766690:40762689907653:286140963
09-16 23:44:00.286 I/libsensor-displayalgo( 1557): #### startCalculateLux time of diff: 40762403766690:40762634915283:231148593
09-16 23:44:00.286 I/libsensor-displayalgo( 1557): #### startCalculateLux time of diff: 40762403766690:40762579924297:176157607
09-16 23:44:00.286 I/libsensor-displayalgo( 1557): #### startCalculateLux time of diff: 40762403766690:40762524899667:121132977
09-16 23:44:00.286 I/libsensor-displayalgo( 1557): #### startCalculateLux time of diff: 40762403766690:40762469906643
09-16 23:44:00.286 I/libsensor-displayalgo( 1557): ####startCalculateLuxdiff: 121132977
09-16 23:44:00.286 I/libsensor-displayalgo( 1557): #### startCalculateLux current input event time: 40762524899667 40762524899667
09-16 23:44:00.286 I/libsensor-displayalgo( 1557): #### value of  inputBrightness's brightness_51:516,preBrightness's brightness_51:516,lastPredictedLight :139.093960,brightnessDiff:0.000000,sensorDataDiff:0.000000
09-16 23:44:00.286 I/libsensor-displayalgo( 1557): #### inputBrightness's timestamp:40418240916747,value of brightness time diff:344283982920, index: 60
09-16 23:44:00.286 I/libsensor-displayalgo( 1557): #### inputSensorEventChanged: 0!!!
09-16 23:44:00.286 I/libsensor-frameBufferManager( 1557): request dump start
09-16 23:44:00.287 I/libsensor-frameBufferManager( 1557): CWB_ALS getDispDump 79 1 400 480 
09-16 23:44:00.287 D/libcomposer_ext( 1557): ClientImplAidl::getDispDump(), dpy 1, dst (400, 480), dump_point 1, release_fence -1
09-16 23:44:00.287 I/MI-SF   ( 1282): surfaceflinger setAffinity mode=0
09-16 23:44:00.287 E/MI-SF   ( 1282): surfaceflinger setAffinity success
09-16 23:44:00.287 D/libcomposer_ext( 1182): DeviceImplAidl::syncPerform(14), client_handle: 2
09-16 23:44:00.287 D/libcomposer_ext( 1182): DeviceImplAidl::ParseGetDispDump(), dpy 1, dst (400, 480), dump_point 1
09-16 23:44:00.287 I/hwcomposer( 1182): [HWC] getDispDump(), client(2), dpy 1, (79,1,479,481), (400, 480), (1, 2), (-1), (-1), (0xb400007253a0c130)  
09-16 23:44:00.288 I/hwcomposer( 1182): [DRMDEV] isSupportWbParams(), id_crtc 115, id_connector 33, dump_point 1, src(79, 1, 400, 480), dst(400, 480), config 2  
09-16 23:44:00.288 I/hwcomposer( 1182): [DISP_DUMP] (0 c:2 setDumpBuf():176), client(2), src(79, 1, 479, 481), dst(400, 480), (1, 2), -1, (-1), (0xb400007253a0c130)  
09-16 23:44:00.289 W/libc    ( 1282): Access denied finding property "ro.vendor.display.max_hdr_luminance"
09-16 23:44:00.328 E/libsensor-frameBufferManager( 1557): onCwbSuccess
09-16 23:44:00.338 I/HfLooper( 1192): sensor 33171111 = 144.000000 0.000000  40762744901730
09-16 23:44:00.338 I/HfLooper( 1192): sensor light = 36.073002 40762744901730
09-16 23:44:00.339 I/hwcomposer( 1182): [HWC] (0)fire a callback of refresh to SF[4]  
09-16 23:44:00.340 D/libsensor-parseRGB( 1557): the value of RGB [16.000000 16.000000 19.000000], powPara: 2.152003
09-16 23:44:00.341 I/libsensor-displayalgo( 1557): #### sensorDataCallback  value of event C:144.000000,R:0.000000,G:0.000000,B:0.000000,40762744901730, bl: 516
09-16 23:44:00.342 I/libsensor-displayalgo( 1557): input time 40762744901730 cwbtime:40762737686306, preInput time:40762524899667
09-16 23:44:00.342 I/libsensor-displayalgo( 1557): startCalculateLux: miui or fac not first
09-16 23:44:00.342 I/libsensor-displayalgo( 1557): #### inputSensorEventChanged set to true!!!
09-16 23:44:00.342 I/libsensor-displayalgo( 1557): #### startCalculateLux time of diff: 40762737686306:40762744901730
09-16 23:44:00.342 I/libsensor-displayalgo( 1557): ####startCalculateLuxdiff: 7215424
09-16 23:44:00.342 I/libsensor-displayalgo( 1557): #### startCalculateLux current input event time: 40762744901730 40762524899667
09-16 23:44:00.350 I/hwcomposer( 1182): [HRT] only_has_blit_dev_job:0, run simpleLayeringRule.  
09-16 23:44:00.351 E/HwcComposer( 1282): presentOrValidateDisplay 0 presentFence:-1
09-16 23:44:00.359 I/hwcomposer( 1182): [HWCDisplay] (0 updateFps():4143), (type:1, mode:2) fps:10.919971,dur:1007.33,max:256.14,min:8.68  
09-16 23:44:00.360 D/libcomposer_ext( 1182): DeviceImplAidl::DeviceClientContextAidl::NotifyDispDumpReady(), client_handle:2, buffer:0xb400007253a0b050, fence:125, period16666667
09-16 23:44:00.361 D/libcomposer_ext( 1557): ClientCallbackAidl::asyncPerform(15)
09-16 23:44:00.361 D/libcomposer_ext( 1557): ClientImplAidl::ParseNotifyDispDumpReady()
09-16 23:44:00.363 I/MI-SF   ( 1282): surfaceflinger setAffinity mode=1
09-16 23:44:00.364 E/MI-SF   ( 1282): surfaceflinger setAffinity success
09-16 23:44:00.364 I/MI-SF   ( 1282): surfaceflinger setreAffinity reTid=1352
09-16 23:44:00.364 E/MI-SF   ( 1282): surfaceflinger setAffinity success
09-16 23:44:00.382 D/SatelliteController( 2654): iisInCarrierRoamingNbIotNtn: satellite is disabled
09-16 23:44:00.386 W/Settings( 2654): Setting airplane_mode_on has moved from android.provider.Settings.System to android.provider.Settings.Global, returning read-only value.
09-16 23:44:00.390 D/HyperComm_TelephonyMonitor( 2612): onSignalStrengthsChanged[1]: SignalStrength:{mCdma=invalid,mGsm=invalid,mWcdma=invalid,mTdscdma=invalid,mLte=CellSignalStrengthLte: rssi=-95 rsrp=-106 rsrq=-12 rssnr=7 cqiTableIndex=2147483647 cqi=0 ta=0 miuiLevel=3 mOptimizedLevel=0 level=3 parametersUseForLevel=0,mNr=invalid,primary=CellSignalStrengthLte,mNrAsPrimaryInNrNsa=false}
09-16 23:44:00.390 I/SceneObserver( 2612): notify event: EVENT_SIGNAL_STRENGTHS_CHANGED
09-16 23:44:00.393 D/HighSpeedTrainModeController( 2654): msg.what = 10
09-16 23:44:00.393 D/NetworkSpeedTracker( 2654): updateNwSignalInfo not allowed ,ignore
09-16 23:44:00.393 I/HfLooper( 1192): sensor 33171111 = 143.000000 0.000000  40762799926735
09-16 23:44:00.393 I/HfLooper( 1192): sensor light = 36.073002 40762799926735
09-16 23:44:00.394 D/MiuiTelephonyDFS( 2654): msg.what = 2
09-16 23:44:00.394 D/MiuiTelephonyDFS( 2654): getVoiceRat = 13
09-16 23:44:00.394 D/MiuiTelephonyDFS( 2654): getRsrp = -106
09-16 23:44:00.394 D/MiuiTelephonyDFS( 2654): getVoiceRat = 13
09-16 23:44:00.394 D/MiuiTelephonyDFS( 2654): getSnr = 7
09-16 23:44:00.394 D/MiSight:( 2654):  constructEvent id=915100004
09-16 23:44:00.395 I/libsensor-displayalgo( 1557): #### sensorDataCallback  value of event C:143.000000,R:0.000000,G:0.000000,B:0.000000,40762799926735, bl: 516
09-16 23:44:00.395 D/MiSight:( 2654):  sendEvent id=915100004
09-16 23:44:00.395 D/MiSightJni( 2654): MiSight: Java_com_miui_misight_MiSight_nativeSendEvent enter called. '{"rsrpValue":-106}'
09-16 23:44:00.395 D/MiEvent ( 2654): MiEvent: this 0x74e95e7df0, paylod=0xb4000076e0a68590
09-16 23:44:00.395 I/libsensor-displayalgo( 1557): input time 40762799926735 cwbtime:40762737686306, preInput time:40762524899667
09-16 23:44:00.395 I/libsensor-displayalgo( 1557): startCalculateLux: miui or fac not first
09-16 23:44:00.395 I/libsensor-displayalgo( 1557): #### inputSensorEventChanged set to true!!!
09-16 23:44:00.395 I/libsensor-displayalgo( 1557): #### startCalculateLux time of diff: 40762737686306:40762799926735
09-16 23:44:00.395 I/libsensor-displayalgo( 1557): ####startCalculateLuxdiff: 62240429
09-16 23:44:00.395 I/libsensor-displayalgo( 1557): #### startCalculateLux current input event time: 40762799926735 40762524899667
09-16 23:44:00.395 D/MiEvent ( 2654): flatten EventId 915100004 -t 1789577040 -paraList {"rsrpValue":-106}
09-16 23:44:00.395 D/MiEvent ( 2654): report:EventId 915100004 -t 1789577040 -paraList {"rsrpValue":-106} success
09-16 23:44:00.395 D/MiEvent ( 2654): ~MiEvent: this 0x74e95e7df0, paylod=0xb4000076e0a68590
09-16 23:44:00.396 E/libsensor-frameBufferManager( 1557): onCwbSuccess
09-16 23:44:00.396 I/misight ( 1417): OnEvent EventPrivacyCompliance event=915100004
09-16 23:44:00.397 D/misight ( 1417): ProcessEvent devVersion==OS3.0.301.0.WPGIDXM,faultLevel=2,prv=3 region=eea
09-16 23:44:00.397 I/misight ( 1417): OnEvent EventStorageManager event=915100004,3
09-16 23:44:00.397 D/misight ( 1417): ProcessNewDayEvent event happen time 1789577040,start time=1789491600,restart=1
09-16 23:44:00.397 D/misight ( 1417): ProcessNewDayEvent event happen time 1789577040, last=1789577039,start time=1789491600,next day =1789578000, interval=1305
09-16 23:44:00.397 D/misight ( 1417): Execute start execute sql /data/miuilog/misight/event.db:select id,event_id,daily_cnt,over_cnt,hour_cnt,next_expire_time,last_happen_time,last_log_time from event_daily where event_id = '915100004' limit 1
09-16 23:44:00.397 D/misight ( 1417): DetectDropByTime event 915100004 parser maxCnt=200 lastTime=1789576943 same=0, overCnt=6443,dailyCnt=103,hourCnt=3
09-16 23:44:00.397 I/misight ( 1417): DetectDropEvent event 915100004 over hour cnt drop it, hourCnt=4 halfCnt=3, maxCnt=200 punishSecond=432,space=97
09-16 23:44:00.397 D/misight ( 1417): Execute start execute sql /data/miuilog/misight/event.db:update event_daily set  daily_cnt=103, hour_cnt=3, next_expire_time=1789580536, over_cnt=6444, last_happen_time=1789576943, last_log_time=0  where id = '3'
09-16 23:44:00.399 D/libsensor-parseRGB( 1557): the value of RGB [16.000000 16.000000 19.000000], powPara: 2.152003
09-16 23:44:00.408 I/misight ( 1417): OnEvent EventInfoPack event 915100004
09-16 23:44:00.448 I/HfLooper( 1192): sensor 33171111 = 144.000000 0.000000  40762854917220
09-16 23:44:00.448 I/HfLooper( 1192): sensor light = 36.073002 40762854917220
09-16 23:44:00.450 I/libsensor-displayalgo( 1557): #### sensorDataCallback  value of event C:144.000000,R:0.000000,G:0.000000,B:0.000000,40762854917220, bl: 516
09-16 23:44:00.451 I/libsensor-displayalgo( 1557): input time 40762854917220 cwbtime:40762805625998, preInput time:40762524899667
09-16 23:44:00.451 I/libsensor-displayalgo( 1557): startCalculateLux: miui or fac not first
09-16 23:44:00.451 I/libsensor-displayalgo( 1557): #### inputSensorEventChanged set to true!!!
09-16 23:44:00.451 I/libsensor-displayalgo( 1557): #### startCalculateLux time of diff: 40762805625998:40762854917220
09-16 23:44:00.451 I/libsensor-displayalgo( 1557): ####startCalculateLuxdiff: 49291222
09-16 23:44:00.451 I/libsensor-displayalgo( 1557): #### startCalculateLux current input event time: 40762854917220 40762524899667
09-16 23:44:00.492 I/adbd    (30336): adbd service requested 'shell,v2,TERM=xterm-256color,raw:pidof -s org.amarplayer.amarplayer'
09-16 23:44:00.503 I/HfLooper( 1192): sensor 33171111 = 143.000000 0.000000  40762909910369
09-16 23:44:00.503 I/HfLooper( 1192): sensor light = 36.073002 40762909910369
09-16 23:44:00.505 I/libsensor-displayalgo( 1557): #### sensorDataCallback  value of event C:143.000000,R:0.000000,G:0.000000,B:0.000000,40762909910369, bl: 516
09-16 23:44:00.505 I/libsensor-displayalgo( 1557): input time 40762909910369 cwbtime:40762805625998, preInput time:40762524899667
09-16 23:44:00.505 I/libsensor-displayalgo( 1557): startCalculateLux: miui or fac not first
09-16 23:44:00.505 I/libsensor-displayalgo( 1557): #### startCalculateLux time of diff: 40762805625998:40762909910369:104284371
09-16 23:44:00.505 I/libsensor-displayalgo( 1557): #### inputSensorEventChanged set to true!!!
09-16 23:44:00.505 I/libsensor-displayalgo( 1557): #### startCalculateLux time of diff: 40762805625998:40762854917220
09-16 23:44:00.505 I/libsensor-displayalgo( 1557): ####startCalculateLuxdiff: 104284371
09-16 23:44:00.505 I/libsensor-displayalgo( 1557): #### startCalculateLux current input event time: 40762909910369 40762524899667
09-16 23:44:00.505 I/libsensor-displayalgo( 1557): #### value of  inputBrightness's brightness_51:516,preBrightness's brightness_51:516,lastPredictedLight :139.093960,brightnessDiff:0.000000,sensorDataDiff:0.203830
09-16 23:44:00.505 I/libsensor-displayalgo( 1557): #### inputBrightness's timestamp:40418240916747,value of brightness time diff:344668993622, index: 60
09-16 23:44:00.505 I/libsensor-displayalgo( 1557): #### inputSensorEventChanged: 1!!!
09-16 23:44:00.505 I/libsensor-displayalgo( 1557): getInputData start: input[0]:516.000000,inputBrightness.panel_1.brightness_51:0.000000
09-16 23:44:00.505 I/libsensor-displayalgo( 1557): getInputData end: input[0]:516.000000,inputBrightness.panel_1.brightness_51:0.000000
09-16 23:44:00.505 I/libsensor-displayalgo( 1557): alsAlgo: second panel
09-16 23:44:00.507 I/libsensor-displayalgo( 1557): CWB_ALS: model output raw: 5.941195 0.000000
09-16 23:44:00.507 I/libsensor-displayalgo( 1557): HSV RGB R= 33.115836,G= 33.118606,B= 34.751945
09-16 23:44:00.507 I/libsensor-displayalgo( 1557): HSV RGB maxValue:34.751945, minValue:33.115836
09-16 23:44:00.507 E/libsensor-displayalgo( 1557): the value of tmp1:372.440000 tmp 449.960000
09-16 23:44:00.508 I/libsensor-displayalgo( 1557): the value of ratio1 is 0.827718
09-16 23:44:00.508 E/libsensor-displayalgo( 1557): the value of tmp1:0.000000 tmp 0.000000
09-16 23:44:00.508 I/libsensor-displayalgo( 1557): the value of ratio1 is 1.000000
09-16 23:44:00.508 I/libsensor-displayalgo( 1557): Write:the value of channelCali ALS:4.9, IR:0.0, scales:1.000000, hsv:-1.000000
09-16 23:44:00.508 I/libsensor-displayalgo( 1557): the value of hsv: -1.000000
09-16 23:44:00.509 I/libsensor-displayalgo( 1557): the value of  ir: 0.000000  Coef: 23701.878000 19699.158000 12075.050000 12075.050000 
09-16 23:44:00.509 I/libsensor-displayalgo( 1557): the value of  REAL LUX 63.922100
09-16 23:44:00.509 D/libsensor-displayalgo( 1557): brightness:516.000000,flat_mode:1.000000,R1:390.184327,G1:390.184327,B1:564.782968,EVENT ALS:143.000000,IR:0.000000lux: 63.922100
09-16 23:44:00.509 I/libsensor-displayalgo( 1557): luxAges[0]=0.000000, index=2
09-16 23:44:00.509 I/libsensor-displayalgo( 1557): luxAges[1]=0.000000, index=3
09-16 23:44:00.509 I/libsensor-displayalgo( 1557): luxAges[2]=0.000000, index=1
09-16 23:44:00.509 I/libsensor-displayalgo( 1557): medianFilter[index]=63.927589 63.922100 64.390388
09-16 23:44:00.558 I/HfLooper( 1192): sensor 33171111 = 143.000000 0.000000  40762964939062
09-16 23:44:00.558 I/HfLooper( 1192): sensor light = 36.073002 40762964939062
09-16 23:44:00.561 I/libsensor-displayalgo( 1557): #### sensorDataCallback  value of event C:143.000000,R:0.000000,G:0.000000,B:0.000000,40762964939062, bl: 516
09-16 23:44:00.562 I/libsensor-displayalgo( 1557): input time 40762964939062 cwbtime:40762805625998, preInput time:40762909910369
09-16 23:44:00.562 I/libsensor-displayalgo( 1557): startCalculateLux: miui or fac not first
09-16 23:44:00.562 I/libsensor-displayalgo( 1557): #### startCalculateLux time of diff: 40762805625998:40762964939062:159313064
09-16 23:44:00.562 I/libsensor-displayalgo( 1557): #### startCalculateLux time of diff: 40762805625998:40762909910369:104284371
09-16 23:44:00.562 I/libsensor-displayalgo( 1557): #### startCalculateLux time of diff: 40762805625998:40762854917220
09-16 23:44:00.562 I/libsensor-displayalgo( 1557): ####startCalculateLuxdiff: 104284371
09-16 23:44:00.562 I/libsensor-displayalgo( 1557): #### startCalculateLux current input event time: 40762909910369 40762909910369
09-16 23:44:00.562 I/libsensor-displayalgo( 1557): #### value of  inputBrightness's brightness_51:516,preBrightness's brightness_51:516,lastPredictedLight :138.082366,brightnessDiff:0.000000,sensorDataDiff:0.000000
09-16 23:44:00.562 I/libsensor-displayalgo( 1557): #### inputBrightness's timestamp:40418240916747,value of brightness time diff:344668993622, index: 60
09-16 23:44:00.562 I/libsensor-displayalgo( 1557): #### inputSensorEventChanged: 0!!!
09-16 23:44:00.575 I/adbd    (30336): adbd service requested 'shell,v2,TERM=xterm-256color:export ANDROID_LOG_TAGS=''; exec logcat '-d' '-v' 'time' '-t' '2000''
09-16 23:44:00.613 I/HfLooper( 1192): sensor 33171111 = 143.000000 0.000000  40763019926081
09-16 23:44:00.613 I/HfLooper( 1192): sensor light = 36.073002 40763019926081
09-16 23:44:00.614 I/libsensor-displayalgo( 1557): #### sensorDataCallback  value of event C:143.000000,R:0.000000,G:0.000000,B:0.000000,40763019926081, bl: 516
09-16 23:44:00.615 I/libsensor-displayalgo( 1557): input time 40763019926081 cwbtime:40762805625998, preInput time:40762909910369
09-16 23:44:00.615 I/libsensor-displayalgo( 1557): startCalculateLux: miui or fac not first
09-16 23:44:00.615 I/libsensor-displayalgo( 1557): #### startCalculateLux time of diff: 40762805625998:40763019926081:214300083
09-16 23:44:00.615 I/libsensor-displayalgo( 1557): #### startCalculateLux time of diff: 40762805625998:40762964939062:159313064
09-16 23:44:00.615 I/libsensor-displayalgo( 1557): #### startCalculateLux time of diff: 40762805625998:40762909910369:104284371
09-16 23:44:00.615 I/libsensor-displayalgo( 1557): #### startCalculateLux time of diff: 40762805625998:40762854917220
09-16 23:44:00.615 I/libsensor-displayalgo( 1557): ####startCalculateLuxdiff: 104284371
09-16 23:44:00.615 I/libsensor-displayalgo( 1557): #### startCalculateLux current input event time: 40762909910369 40762909910369
09-16 23:44:00.615 I/libsensor-displayalgo( 1557): #### value of  inputBrightness's brightness_51:516,preBrightness's brightness_51:516,lastPredictedLight :138.082366,brightnessDiff:0.000000,sensorDataDiff:0.000000
09-16 23:44:00.615 I/libsensor-displayalgo( 1557): #### inputBrightness's timestamp:40418240916747,value of brightness time diff:344668993622, index: 60
09-16 23:44:00.615 I/libsensor-displayalgo( 1557): #### inputSensorEventChanged: 0!!!
