--------- beginning of main
09-16 23:40:34.200 I/libsensor-displayalgo( 1557): luxAges[2]=0.000000, index=1
09-16 23:40:34.200 I/libsensor-displayalgo( 1557): medianFilter[index]=63.531960 63.994884 63.994884
09-16 23:40:34.203 V/python  (16290): extracting _python_bundle/site-packages/PySide6/Qt/translations/qtbase_lv.qm
09-16 23:40:34.206 V/python  (16290): extracting _python_bundle/site-packages/PySide6/Qt/translations/qtbase_nl.qm
09-16 23:40:34.209 V/python  (16290): extracting _python_bundle/site-packages/PySide6/Qt/translations/qtbase_nn.qm
09-16 23:40:34.212 V/python  (16290): extracting _python_bundle/site-packages/PySide6/Qt/translations/qtbase_pl.qm
09-16 23:40:34.215 V/python  (16290): extracting _python_bundle/site-packages/PySide6/Qt/translations/qtbase_pt_BR.qm
09-16 23:40:34.219 V/python  (16290): extracting _python_bundle/site-packages/PySide6/Qt/translations/qtbase_ru.qm
09-16 23:40:34.223 V/python  (16290): extracting _python_bundle/site-packages/PySide6/Qt/translations/qtbase_sk.qm
09-16 23:40:34.225 V/python  (16290): extracting _python_bundle/site-packages/PySide6/Qt/translations/qtbase_sv.qm
09-16 23:40:34.229 V/python  (16290): extracting _python_bundle/site-packages/PySide6/Qt/translations/qtbase_tr.qm
09-16 23:40:34.233 V/python  (16290): extracting _python_bundle/site-packages/PySide6/Qt/translations/qtbase_uk.qm
09-16 23:40:34.235 V/python  (16290): extracting _python_bundle/site-packages/PySide6/Qt/translations/qtbase_zh_CN.qm
09-16 23:40:34.238 V/python  (16290): extracting _python_bundle/site-packages/PySide6/Qt/translations/qtbase_zh_TW.qm
09-16 23:40:34.240 V/python  (16290): extracting _python_bundle/site-packages/PySide6/Qt/translations/qtconnectivity_bg.qm
09-16 23:40:34.241 V/python  (16290): extracting _python_bundle/site-packages/PySide6/Qt/translations/qtconnectivity_ca.qm
09-16 23:40:34.242 V/python  (16290): extracting _python_bundle/site-packages/PySide6/Qt/translations/qtconnectivity_da.qm
09-16 23:40:34.243 V/python  (16290): extracting _python_bundle/site-packages/PySide6/Qt/translations/qtconnectivity_de.qm
09-16 23:40:34.244 V/python  (16290): extracting _python_bundle/site-packages/PySide6/Qt/translations/qtconnectivity_en.qm
09-16 23:40:34.245 V/python  (16290): extracting _python_bundle/site-packages/PySide6/Qt/translations/qtconnectivity_es.qm
09-16 23:40:34.245 V/python  (16290): extracting _python_bundle/site-packages/PySide6/Qt/translations/qtconnectivity_hr.qm
09-16 23:40:34.246 V/python  (16290): extracting _python_bundle/site-packages/PySide6/Qt/translations/qtconnectivity_hu.qm
09-16 23:40:34.247 V/python  (16290): extracting _python_bundle/site-packages/PySide6/Qt/translations/qtconnectivity_ka.qm
09-16 23:40:34.248 V/python  (16290): extracting _python_bundle/site-packages/PySide6/Qt/translations/qtconnectivity_ko.qm
09-16 23:40:34.249 V/python  (16290): extracting _python_bundle/site-packages/PySide6/Qt/translations/qtconnectivity_nl.qm
09-16 23:40:34.250 V/python  (16290): extracting _python_bundle/site-packages/PySide6/Qt/translations/qtconnectivity_pl.qm
09-16 23:40:34.251 V/python  (16290): extracting _python_bundle/site-packages/PySide6/Qt/translations/qtconnectivity_pt_BR.qm
09-16 23:40:34.252 V/python  (16290): extracting _python_bundle/site-packages/PySide6/Qt/translations/qtconnectivity_ru.qm
09-16 23:40:34.252 I/HfLooper( 1192): sensor 33171111 = 140.000000 0.000000  40556659603492
09-16 23:40:34.253 V/python  (16290): extracting _python_bundle/site-packages/PySide6/Qt/translations/qtconnectivity_sv.qm
09-16 23:40:34.253 I/HfLooper( 1192): sensor light = 35.277000 40556659603492
09-16 23:40:34.253 I/libsensor-displayalgo( 1557): #### sensorDataCallback  value of event C:140.000000,R:0.000000,G:0.000000,B:0.000000,40556659603492, bl: 516
09-16 23:40:34.254 I/libsensor-displayalgo( 1557): input time 40556659603492 cwbtime:40555139735524, preInput time:40556604917256
09-16 23:40:34.254 I/libsensor-displayalgo( 1557): startCalculateLux: miui or fac not first
09-16 23:40:34.254 I/libsensor-displayalgo( 1557): #### startCalculateLux current input event time: 40556659603492 40556604917256
09-16 23:40:34.254 V/python  (16290): extracting _python_bundle/site-packages/PySide6/Qt/translations/qtconnectivity_tr.qm
09-16 23:40:34.254 I/libsensor-displayalgo( 1557): #### value of  inputBrightness's brightness_51:516,preBrightness's brightness_51:516,lastPredictedLight :138.239596,brightnessDiff:0.000000,sensorDataDiff:0.000000
09-16 23:40:34.254 I/libsensor-displayalgo( 1557): #### inputBrightness's timestamp:40418240916747,value of brightness time diff:138418686745, index: 60
09-16 23:40:34.254 I/libsensor-displayalgo( 1557): #### inputSensorEventChanged: 1!!!
09-16 23:40:34.254 I/libsensor-displayalgo( 1557): getInputData start: input[0]:516.000000,inputBrightness.panel_1.brightness_51:0.000000
09-16 23:40:34.254 I/libsensor-displayalgo( 1557): getInputData end: input[0]:516.000000,inputBrightness.panel_1.brightness_51:0.000000
09-16 23:40:34.254 I/libsensor-displayalgo( 1557): alsAlgo: second panel
09-16 23:40:34.254 I/libsensor-displayalgo( 1557): CWB_ALS: model output raw: 2.126817 0.045986
09-16 23:40:34.254 I/libsensor-displayalgo( 1557): HSV RGB R= 18.224644,G= 18.224644,B= 18.224644
09-16 23:40:34.254 I/libsensor-displayalgo( 1557): HSV RGB maxValue:18.224644, minValue:18.224644
09-16 23:40:34.255 E/libsensor-displayalgo( 1557): the value of tmp1:372.440000 tmp 449.960000
09-16 23:40:34.255 I/libsensor-displayalgo( 1557): the value of ratio1 is 0.827718
09-16 23:40:34.255 E/libsensor-displayalgo( 1557): the value of tmp1:0.000000 tmp 0.000000
09-16 23:40:34.255 I/libsensor-displayalgo( 1557): the value of ratio1 is 1.000000
09-16 23:40:34.255 I/libsensor-displayalgo( 1557): Write:the value of channelCali ALS:1.8, IR:0.0, scales:1.000000, hsv:-1.000000
09-16 23:40:34.255 I/libsensor-displayalgo( 1557): the value of hsv: -1.000000
09-16 23:40:34.255 I/libsensor-displayalgo( 1557): the value of  ir: 0.000000  Coef: 23701.878000 19699.158000 12075.050000 12075.050000 
09-16 23:40:34.255 I/libsensor-displayalgo( 1557): the value of  REAL LUX 63.994884
09-16 23:40:34.255 D/libsensor-displayalgo( 1557): brightness:516.000000,flat_mode:1.000000,R1:0.000000,G1:0.000000,B1:0.000000,EVENT ALS:140.000000,IR:0.000000lux: 63.994884
09-16 23:40:34.255 I/libsensor-displayalgo( 1557): luxAges[0]=0.000000, index=3
09-16 23:40:34.255 I/libsensor-displayalgo( 1557): luxAges[1]=0.000000, index=1
09-16 23:40:34.255 I/libsensor-displayalgo( 1557): luxAges[2]=0.000000, index=2
09-16 23:40:34.255 I/libsensor-displayalgo( 1557): medianFilter[index]=63.994884 63.994884 63.994884
09-16 23:40:34.255 V/python  (16290): extracting _python_bundle/site-packages/PySide6/Qt/translations/qtconnectivity_uk.qm
09-16 23:40:34.256 V/python  (16290): extracting _python_bundle/site-packages/PySide6/Qt/translations/qtconnectivity_zh_CN.qm
09-16 23:40:34.256 V/python  (16290): extracting _python_bundle/site-packages/PySide6/Qt/translations/qtdeclarative_ar.qm
09-16 23:40:34.257 V/python  (16290): extracting _python_bundle/site-packages/PySide6/Qt/translations/qtdeclarative_bg.qm
09-16 23:40:34.258 V/python  (16290): extracting _python_bundle/site-packages/PySide6/Qt/translations/qtdeclarative_ca.qm
09-16 23:40:34.260 V/python  (16290): extracting _python_bundle/site-packages/PySide6/Qt/translations/qtdeclarative_da.qm
09-16 23:40:34.261 V/python  (16290): extracting _python_bundle/site-packages/PySide6/Qt/translations/qtdeclarative_de.qm
09-16 23:40:34.263 V/python  (16290): extracting _python_bundle/site-packages/PySide6/Qt/translations/qtdeclarative_en.qm
09-16 23:40:34.263 V/python  (16290): extracting _python_bundle/site-packages/PySide6/Qt/translations/qtdeclarative_es.qm
09-16 23:40:34.264 V/python  (16290): extracting _python_bundle/site-packages/PySide6/Qt/translations/qtdeclarative_fa.qm
09-16 23:40:34.265 V/python  (16290): extracting _python_bundle/site-packages/PySide6/Qt/translations/qtdeclarative_fi.qm
09-16 23:40:34.266 V/python  (16290): extracting _python_bundle/site-packages/PySide6/Qt/translations/qtdeclarative_fr.qm
09-16 23:40:34.267 V/python  (16290): extracting _python_bundle/site-packages/PySide6/Qt/translations/qtdeclarative_hr.qm
09-16 23:40:34.268 V/python  (16290): extracting _python_bundle/site-packages/PySide6/Qt/translations/qtdeclarative_hu.qm
09-16 23:40:34.270 V/python  (16290): extracting _python_bundle/site-packages/PySide6/Qt/translations/qtdeclarative_ja.qm
09-16 23:40:34.271 V/python  (16290): extracting _python_bundle/site-packages/PySide6/Qt/translations/qtdeclarative_ka.qm
09-16 23:40:34.272 V/python  (16290): extracting _python_bundle/site-packages/PySide6/Qt/translations/qtdeclarative_ko.qm
09-16 23:40:34.273 V/python  (16290): extracting _python_bundle/site-packages/PySide6/Qt/translations/qtdeclarative_lv.qm
09-16 23:40:34.274 V/python  (16290): extracting _python_bundle/site-packages/PySide6/Qt/translations/qtdeclarative_nl.qm
09-16 23:40:34.275 V/python  (16290): extracting _python_bundle/site-packages/PySide6/Qt/translations/qtdeclarative_nn.qm
09-16 23:40:34.277 V/python  (16290): extracting _python_bundle/site-packages/PySide6/Qt/translations/qtdeclarative_pl.qm
09-16 23:40:34.278 V/python  (16290): extracting _python_bundle/site-packages/PySide6/Qt/translations/qtdeclarative_pt_BR.qm
09-16 23:40:34.279 V/python  (16290): extracting _python_bundle/site-packages/PySide6/Qt/translations/qtdeclarative_ru.qm
09-16 23:40:34.281 V/python  (16290): extracting _python_bundle/site-packages/PySide6/Qt/translations/qtdeclarative_sk.qm
09-16 23:40:34.282 V/python  (16290): extracting _python_bundle/site-packages/PySide6/Qt/translations/qtdeclarative_sv.qm
09-16 23:40:34.283 V/python  (16290): extracting _python_bundle/site-packages/PySide6/Qt/translations/qtdeclarative_tr.qm
09-16 23:40:34.285 V/python  (16290): extracting _python_bundle/site-packages/PySide6/Qt/translations/qtdeclarative_uk.qm
09-16 23:40:34.286 V/python  (16290): extracting _python_bundle/site-packages/PySide6/Qt/translations/qtdeclarative_zh_CN.qm
09-16 23:40:34.287 V/python  (16290): extracting _python_bundle/site-packages/PySide6/Qt/translations/qtdeclarative_zh_TW.qm
09-16 23:40:34.288 V/python  (16290): extracting _python_bundle/site-packages/PySide6/Qt/translations/qtlocation_bg.qm
09-16 23:40:34.289 V/python  (16290): extracting _python_bundle/site-packages/PySide6/Qt/translations/qtlocation_ca.qm
09-16 23:40:34.290 V/python  (16290): extracting _python_bundle/site-packages/PySide6/Qt/translations/qtlocation_da.qm
09-16 23:40:34.290 V/python  (16290): extracting _python_bundle/site-packages/PySide6/Qt/translations/qtlocation_de.qm
09-16 23:40:34.293 V/python  (16290): extracting _python_bundle/site-packages/PySide6/Qt/translations/qtlocation_en.qm
09-16 23:40:34.293 V/python  (16290): extracting _python_bundle/site-packages/PySide6/Qt/translations/qtlocation_es.qm
09-16 23:40:34.294 V/python  (16290): extracting _python_bundle/site-packages/PySide6/Qt/translations/qtlocation_fi.qm
09-16 23:40:34.295 V/python  (16290): extracting _python_bundle/site-packages/PySide6/Qt/translations/qtlocation_fr.qm
09-16 23:40:34.295 V/python  (16290): extracting _python_bundle/site-packages/PySide6/Qt/translations/qtlocation_hr.qm
09-16 23:40:34.296 V/python  (16290): extracting _python_bundle/site-packages/PySide6/Qt/translations/qtlocation_hu.qm
09-16 23:40:34.297 V/python  (16290): extracting _python_bundle/site-packages/PySide6/Qt/translations/qtlocation_ka.qm
09-16 23:40:34.298 V/python  (16290): extracting _python_bundle/site-packages/PySide6/Qt/translations/qtlocation_ko.qm
09-16 23:40:34.298 V/python  (16290): extracting _python_bundle/site-packages/PySide6/Qt/translations/qtlocation_nl.qm
09-16 23:40:34.299 V/python  (16290): extracting _python_bundle/site-packages/PySide6/Qt/translations/qtlocation_pl.qm
09-16 23:40:34.300 V/python  (16290): extracting _python_bundle/site-packages/PySide6/Qt/translations/qtlocation_pt_BR.qm
09-16 23:40:34.301 V/python  (16290): extracting _python_bundle/site-packages/PySide6/Qt/translations/qtlocation_ru.qm
09-16 23:40:34.302 W/adbd    (30336): timed out while waiting for FUNCTIONFS_BIND, trying again
09-16 23:40:34.302 V/python  (16290): extracting _python_bundle/site-packages/PySide6/Qt/translations/qtlocation_sv.qm
09-16 23:40:34.302 I/adbd    (30336): UsbFfs: connection terminated: monitor thread finished
09-16 23:40:34.303 V/python  (16290): extracting _python_bundle/site-packages/PySide6/Qt/translations/qtlocation_tr.qm
09-16 23:40:34.303 V/python  (16290): extracting _python_bundle/site-packages/PySide6/Qt/translations/qtlocation_uk.qm
09-16 23:40:34.304 V/python  (16290): extracting _python_bundle/site-packages/PySide6/Qt/translations/qtlocation_zh_CN.qm
09-16 23:40:34.305 V/python  (16290): extracting _python_bundle/site-packages/PySide6/Qt/translations/qtmultimedia_ar.qm
09-16 23:40:34.305 V/python  (16290): extracting _python_bundle/site-packages/PySide6/Qt/translations/qtmultimedia_bg.qm
09-16 23:40:34.306 V/python  (16290): extracting _python_bundle/site-packages/PySide6/Qt/translations/qtmultimedia_ca.qm
09-16 23:40:34.306 V/python  (16290): extracting _python_bundle/site-packages/PySide6/Qt/translations/qtmultimedia_cs.qm
09-16 23:40:34.307 V/python  (16290): extracting _python_bundle/site-packages/PySide6/Qt/translations/qtmultimedia_da.qm
09-16 23:40:34.307 V/python  (16290): extracting _python_bundle/site-packages/PySide6/Qt/translations/qtmultimedia_de.qm
09-16 23:40:34.307 I/HfLooper( 1192): sensor 33171111 = 140.000000 0.000000  40556714902578
09-16 23:40:34.307 I/HfLooper( 1192): sensor light = 35.277000 40556714902578
09-16 23:40:34.308 V/python  (16290): extracting _python_bundle/site-packages/PySide6/Qt/translations/qtmultimedia_en.qm
09-16 23:40:34.308 V/python  (16290): extracting _python_bundle/site-packages/PySide6/Qt/translations/qtmultimedia_es.qm
09-16 23:40:34.308 I/libsensor-displayalgo( 1557): #### sensorDataCallback  value of event C:140.000000,R:0.000000,G:0.000000,B:0.000000,40556714902578, bl: 516
09-16 23:40:34.308 I/libsensor-displayalgo( 1557): input time 40556714902578 cwbtime:40555139735524, preInput time:40556659603492
09-16 23:40:34.308 I/libsensor-displayalgo( 1557): startCalculateLux: miui or fac not first
09-16 23:40:34.308 I/libsensor-displayalgo( 1557): #### startCalculateLux current input event time: 40556714902578 40556659603492
09-16 23:40:34.308 I/libsensor-displayalgo( 1557): #### value of  inputBrightness's brightness_51:516,preBrightness's brightness_51:516,lastPredictedLight :138.239596,brightnessDiff:0.000000,sensorDataDiff:0.000000
09-16 23:40:34.308 I/libsensor-displayalgo( 1557): #### inputBrightness's timestamp:40418240916747,value of brightness time diff:138473985831, index: 60
09-16 23:40:34.308 I/libsensor-displayalgo( 1557): #### inputSensorEventChanged: 1!!!
09-16 23:40:34.308 I/libsensor-displayalgo( 1557): getInputData start: input[0]:516.000000,inputBrightness.panel_1.brightness_51:0.000000
09-16 23:40:34.308 I/libsensor-displayalgo( 1557): getInputData end: input[0]:516.000000,inputBrightness.panel_1.brightness_51:0.000000
09-16 23:40:34.308 I/libsensor-displayalgo( 1557): alsAlgo: second panel
09-16 23:40:34.309 V/python  (16290): extracting _python_bundle/site-packages/PySide6/Qt/translations/qtmultimedia_fa.qm
09-16 23:40:34.309 V/python  (16290): extracting _python_bundle/site-packages/PySide6/Qt/translations/qtmultimedia_fi.qm
09-16 23:40:34.309 I/libsensor-displayalgo( 1557): CWB_ALS: model output raw: 2.126817 0.045986
09-16 23:40:34.309 I/libsensor-displayalgo( 1557): HSV RGB R= 18.224644,G= 18.224644,B= 18.224644
09-16 23:40:34.309 I/libsensor-displayalgo( 1557): HSV RGB maxValue:18.224644, minValue:18.224644
09-16 23:40:34.309 E/libsensor-displayalgo( 1557): the value of tmp1:372.440000 tmp 449.960000
09-16 23:40:34.309 I/libsensor-displayalgo( 1557): the value of ratio1 is 0.827718
09-16 23:40:34.309 E/libsensor-displayalgo( 1557): the value of tmp1:0.000000 tmp 0.000000
09-16 23:40:34.309 I/libsensor-displayalgo( 1557): the value of ratio1 is 1.000000
09-16 23:40:34.309 I/libsensor-displayalgo( 1557): Write:the value of channelCali ALS:1.8, IR:0.0, scales:1.000000, hsv:-1.000000
09-16 23:40:34.309 I/libsensor-displayalgo( 1557): the value of hsv: -1.000000
09-16 23:40:34.309 I/libsensor-displayalgo( 1557): the value of  ir: 0.000000  Coef: 23701.878000 19699.158000 12075.050000 12075.050000 
09-16 23:40:34.309 I/libsensor-displayalgo( 1557): the value of  REAL LUX 63.994884
09-16 23:40:34.309 D/libsensor-displayalgo( 1557): brightness:516.000000,flat_mode:1.000000,R1:0.000000,G1:0.000000,B1:0.000000,EVENT ALS:140.000000,IR:0.000000lux: 63.994884
09-16 23:40:34.309 I/libsensor-displayalgo( 1557): luxAges[0]=0.000000, index=1
09-16 23:40:34.309 I/libsensor-displayalgo( 1557): luxAges[1]=0.000000, index=2
09-16 23:40:34.309 I/libsensor-displayalgo( 1557): luxAges[2]=0.000000, index=3
09-16 23:40:34.309 I/libsensor-displayalgo( 1557): medianFilter[index]=63.994884 63.994884 63.994884
09-16 23:40:34.310 V/python  (16290): extracting _python_bundle/site-packages/PySide6/Qt/translations/qtmultimedia_fr.qm
09-16 23:40:34.310 V/python  (16290): extracting _python_bundle/site-packages/PySide6/Qt/translations/qtmultimedia_hr.qm
09-16 23:40:34.311 V/python  (16290): extracting _python_bundle/site-packages/PySide6/Qt/translations/qtmultimedia_hu.qm
09-16 23:40:34.311 V/python  (16290): extracting _python_bundle/site-packages/PySide6/Qt/translations/qtmultimedia_it.qm
09-16 23:40:34.312 V/python  (16290): extracting _python_bundle/site-packages/PySide6/Qt/translations/qtmultimedia_ja.qm
09-16 23:40:34.312 V/python  (16290): extracting _python_bundle/site-packages/PySide6/Qt/translations/qtmultimedia_ka.qm
09-16 23:40:34.313 V/python  (16290): extracting _python_bundle/site-packages/PySide6/Qt/translations/qtmultimedia_ko.qm
09-16 23:40:34.313 V/python  (16290): extracting _python_bundle/site-packages/PySide6/Qt/translations/qtmultimedia_nl.qm
09-16 23:40:34.314 V/python  (16290): extracting _python_bundle/site-packages/PySide6/Qt/translations/qtmultimedia_nn.qm
09-16 23:40:34.314 V/python  (16290): extracting _python_bundle/site-packages/PySide6/Qt/translations/qtmultimedia_pl.qm
09-16 23:40:34.314 V/python  (16290): extracting _python_bundle/site-packages/PySide6/Qt/translations/qtmultimedia_pt_BR.qm
09-16 23:40:34.315 V/python  (16290): extracting _python_bundle/site-packages/PySide6/Qt/translations/qtmultimedia_ru.qm
09-16 23:40:34.315 V/python  (16290): extracting _python_bundle/site-packages/PySide6/Qt/translations/qtmultimedia_sk.qm
09-16 23:40:34.316 V/python  (16290): extracting _python_bundle/site-packages/PySide6/Qt/translations/qtmultimedia_sv.qm
09-16 23:40:34.316 V/python  (16290): extracting _python_bundle/site-packages/PySide6/Qt/translations/qtmultimedia_tr.qm
09-16 23:40:34.317 V/python  (16290): extracting _python_bundle/site-packages/PySide6/Qt/translations/qtmultimedia_uk.qm
09-16 23:40:34.317 V/python  (16290): extracting _python_bundle/site-packages/PySide6/Qt/translations/qtmultimedia_zh_CN.qm
09-16 23:40:34.318 V/python  (16290): extracting _python_bundle/site-packages/PySide6/Qt/translations/qtmultimedia_zh_TW.qm
09-16 23:40:34.318 V/python  (16290): extracting _python_bundle/site-packages/PySide6/Qt/translations/qtserialport_de.qm
09-16 23:40:34.319 V/python  (16290): extracting _python_bundle/site-packages/PySide6/Qt/translations/qtserialport_en.qm
09-16 23:40:34.319 V/python  (16290): extracting _python_bundle/site-packages/PySide6/Qt/translations/qtserialport_es.qm
09-16 23:40:34.319 V/python  (16290): extracting _python_bundle/site-packages/PySide6/Qt/translations/qtserialport_ja.qm
09-16 23:40:34.319 V/python  (16290): extracting _python_bundle/site-packages/PySide6/Qt/translations/qtserialport_ka.qm
09-16 23:40:34.320 V/python  (16290): extracting _python_bundle/site-packages/PySide6/Qt/translations/qtserialport_ko.qm
09-16 23:40:34.320 V/python  (16290): extracting _python_bundle/site-packages/PySide6/Qt/translations/qtserialport_pl.qm
09-16 23:40:34.320 V/python  (16290): extracting _python_bundle/site-packages/PySide6/Qt/translations/qtserialport_pt_BR.qm
09-16 23:40:34.321 V/python  (16290): extracting _python_bundle/site-packages/PySide6/Qt/translations/qtserialport_ru.qm
09-16 23:40:34.321 V/python  (16290): extracting _python_bundle/site-packages/PySide6/Qt/translations/qtserialport_sv.qm
09-16 23:40:34.321 V/python  (16290): extracting _python_bundle/site-packages/PySide6/Qt/translations/qtserialport_tr.qm
09-16 23:40:34.321 V/python  (16290): extracting _python_bundle/site-packages/PySide6/Qt/translations/qtserialport_uk.qm
09-16 23:40:34.322 V/python  (16290): extracting _python_bundle/site-packages/PySide6/Qt/translations/qtserialport_zh_CN.qm
09-16 23:40:34.322 V/python  (16290): extracting _python_bundle/site-packages/PySide6/Qt/translations/qtwebengine_ca.qm
09-16 23:40:34.323 V/python  (16290): extracting _python_bundle/site-packages/PySide6/Qt/translations/qtwebengine_de.qm
09-16 23:40:34.323 V/python  (16290): extracting _python_bundle/site-packages/PySide6/Qt/translations/qtwebengine_en.qm
09-16 23:40:34.323 V/python  (16290): extracting _python_bundle/site-packages/PySide6/Qt/translations/qtwebengine_es.qm
09-16 23:40:34.324 V/python  (16290): extracting _python_bundle/site-packages/PySide6/Qt/translations/qtwebengine_ka.qm
09-16 23:40:34.324 V/python  (16290): extracting _python_bundle/site-packages/PySide6/Qt/translations/qtwebengine_ko.qm
09-16 23:40:34.325 V/python  (16290): extracting _python_bundle/site-packages/PySide6/Qt/translations/qtwebengine_lg.qm
09-16 23:40:34.325 V/python  (16290): extracting _python_bundle/site-packages/PySide6/Qt/translations/qtwebengine_pl.qm
09-16 23:40:34.325 V/python  (16290): extracting _python_bundle/site-packages/PySide6/Qt/translations/qtwebengine_pt_BR.qm
09-16 23:40:34.326 V/python  (16290): extracting _python_bundle/site-packages/PySide6/Qt/translations/qtwebengine_ru.qm
09-16 23:40:34.326 V/python  (16290): extracting _python_bundle/site-packages/PySide6/Qt/translations/qtwebengine_sv.qm
09-16 23:40:34.327 V/python  (16290): extracting _python_bundle/site-packages/PySide6/Qt/translations/qtwebengine_tr.qm
09-16 23:40:34.327 V/python  (16290): extracting _python_bundle/site-packages/PySide6/Qt/translations/qtwebengine_uk.qm
09-16 23:40:34.328 V/python  (16290): extracting _python_bundle/site-packages/PySide6/Qt/translations/qtwebengine_zh_CN.qm
09-16 23:40:34.328 V/python  (16290): extracting _python_bundle/site-packages/PySide6/Qt/translations/qtwebsockets_ca.qm
09-16 23:40:34.329 V/python  (16290): extracting _python_bundle/site-packages/PySide6/Qt/translations/qtwebsockets_de.qm
09-16 23:40:34.329 V/python  (16290): extracting _python_bundle/site-packages/PySide6/Qt/translations/qtwebsockets_en.qm
09-16 23:40:34.329 V/python  (16290): extracting _python_bundle/site-packages/PySide6/Qt/translations/qtwebsockets_es.qm
09-16 23:40:34.330 V/python  (16290): extracting _python_bundle/site-packages/PySide6/Qt/translations/qtwebsockets_fr.qm
09-16 23:40:34.330 V/python  (16290): extracting _python_bundle/site-packages/PySide6/Qt/translations/qtwebsockets_ja.qm
09-16 23:40:34.330 I/adbd    (30336): opening control endpoint /dev/usb-ffs/adb/ep0
09-16 23:40:34.331 V/python  (16290): extracting _python_bundle/site-packages/PySide6/Qt/translations/qtwebsockets_ka.qm
09-16 23:40:34.331 V/python  (16290): extracting _python_bundle/site-packages/PySide6/Qt/translations/qtwebsockets_ko.qm
09-16 23:40:34.332 V/python  (16290): extracting _python_bundle/site-packages/PySide6/Qt/translations/qtwebsockets_pl.qm
09-16 23:40:34.332 V/python  (16290): extracting _python_bundle/site-packages/PySide6/Qt/translations/qtwebsockets_pt_BR.qm
09-16 23:40:34.333 V/python  (16290): extracting _python_bundle/site-packages/PySide6/Qt/translations/qtwebsockets_ru.qm
09-16 23:40:34.333 V/python  (16290): extracting _python_bundle/site-packages/PySide6/Qt/translations/qtwebsockets_sv.qm
09-16 23:40:34.334 V/python  (16290): extracting _python_bundle/site-packages/PySide6/Qt/translations/qtwebsockets_tr.qm
09-16 23:40:34.334 V/python  (16290): extracting _python_bundle/site-packages/PySide6/Qt/translations/qtwebsockets_uk.qm
09-16 23:40:34.335 V/python  (16290): extracting _python_bundle/site-packages/PySide6/Qt/translations/qtwebsockets_zh_CN.qm
09-16 23:40:34.335 V/python  (16290): extracting _python_bundle/site-packages/
09-16 23:40:34.335 V/python  (16290): extracting _python_bundle/site-packages/PySide6/
09-16 23:40:34.335 V/python  (16290): extracting _python_bundle/site-packages/PySide6/Qt3DAnimation.abi3.so
09-16 23:40:34.342 V/python  (16290): extracting _python_bundle/site-packages/PySide6/Qt3DCore.abi3.so
09-16 23:40:34.348 V/python  (16290): extracting _python_bundle/site-packages/PySide6/Qt3DExtras.abi3.so
09-16 23:40:34.358 V/python  (16290): extracting _python_bundle/site-packages/PySide6/Qt3DInput.abi3.so
09-16 23:40:34.362 I/HfLooper( 1192): sensor 33171111 = 139.000000 0.000000  40556769926569
09-16 23:40:34.363 I/HfLooper( 1192): sensor light = 35.277000 40556769926569
09-16 23:40:34.363 D/JavaheapMonitor( 2421): Java heap used=3M max=256M, proc: com.miui.miwallpaper
09-16 23:40:34.363 V/JavaheapMonitor( 2421): Check java heap usage finished! Next check delay: 300000
09-16 23:40:34.363 I/libsensor-displayalgo( 1557): #### sensorDataCallback  value of event C:139.000000,R:0.000000,G:0.000000,B:0.000000,40556769926569, bl: 516
09-16 23:40:34.363 V/python  (16290): extracting _python_bundle/site-packages/PySide6/Qt3DLogic.abi3.so
09-16 23:40:34.363 I/libsensor-displayalgo( 1557): input time 40556769926569 cwbtime:40555139735524, preInput time:40556714902578
09-16 23:40:34.364 I/libsensor-displayalgo( 1557): startCalculateLux: miui or fac not first
09-16 23:40:34.364 I/libsensor-displayalgo( 1557): #### startCalculateLux current input event time: 40556769926569 40556714902578
09-16 23:40:34.364 I/libsensor-displayalgo( 1557): #### value of  inputBrightness's brightness_51:516,preBrightness's brightness_51:516,lastPredictedLight :138.239596,brightnessDiff:0.000000,sensorDataDiff:0.568051
09-16 23:40:34.364 I/libsensor-displayalgo( 1557): #### inputBrightness's timestamp:40418240916747,value of brightness time diff:138529009822, index: 60
09-16 23:40:34.364 I/libsensor-displayalgo( 1557): #### inputSensorEventChanged: 1!!!
09-16 23:40:34.364 I/libsensor-displayalgo( 1557): getInputData start: input[0]:516.000000,inputBrightness.panel_1.brightness_51:0.000000
09-16 23:40:34.364 I/libsensor-displayalgo( 1557): getInputData end: input[0]:516.000000,inputBrightness.panel_1.brightness_51:0.000000
09-16 23:40:34.364 I/libsensor-displayalgo( 1557): alsAlgo: second panel
09-16 23:40:34.364 I/libsensor-displayalgo( 1557): CWB_ALS: model output raw: 2.126817 0.045986
09-16 23:40:34.364 I/libsensor-displayalgo( 1557): HSV RGB R= 18.224644,G= 18.224644,B= 18.224644
09-16 23:40:34.364 I/libsensor-displayalgo( 1557): HSV RGB maxValue:18.224644, minValue:18.224644
09-16 23:40:34.364 E/libsensor-displayalgo( 1557): the value of tmp1:372.440000 tmp 449.960000
09-16 23:40:34.364 I/libsensor-displayalgo( 1557): the value of ratio1 is 0.827718
09-16 23:40:34.364 E/libsensor-displayalgo( 1557): the value of tmp1:0.000000 tmp 0.000000
09-16 23:40:34.364 I/libsensor-displayalgo( 1557): the value of ratio1 is 1.000000
09-16 23:40:34.364 I/libsensor-displayalgo( 1557): Write:the value of channelCali ALS:1.8, IR:0.0, scales:1.000000, hsv:-1.000000
09-16 23:40:34.364 I/libsensor-displayalgo( 1557): the value of hsv: -1.000000
09-16 23:40:34.364 I/libsensor-displayalgo( 1557): the value of  ir: 0.000000  Coef: 23701.878000 19699.158000 12075.050000 12075.050000 
09-16 23:40:34.364 I/libsensor-displayalgo( 1557): the value of  REAL LUX 63.531960
09-16 23:40:34.364 D/libsensor-displayalgo( 1557): brightness:516.000000,flat_mode:1.000000,R1:0.000000,G1:0.000000,B1:0.000000,EVENT ALS:139.000000,IR:0.000000lux: 63.531960
09-16 23:40:34.364 I/libsensor-displayalgo( 1557): luxAges[0]=0.000000, index=2
09-16 23:40:34.365 I/libsensor-displayalgo( 1557): luxAges[1]=0.000000, index=3
09-16 23:40:34.365 I/libsensor-displayalgo( 1557): luxAges[2]=0.000000, index=1
09-16 23:40:34.365 I/libsensor-displayalgo( 1557): medianFilter[index]=63.994884 63.531960 63.994884
09-16 23:40:34.366 V/python  (16290): extracting _python_bundle/site-packages/PySide6/Qt3DRender.abi3.so
09-16 23:40:34.369 D/MiuiWifiCommonBase( 1956): band: 0, compensate: 0
09-16 23:40:34.371 E/AmlWifiScoreReportInjector( 1956): AmlWifiScoreReportInjector was cleared
09-16 23:40:34.371 D/WifiOptimizationImpl( 1956): AmlWifiScoreReportInjector.get() = null, stop reportTxBadOrRetryEvent
09-16 23:40:34.388 V/python  (16290): extracting _python_bundle/site-packages/PySide6/QtAsyncio/
09-16 23:40:34.388 V/python  (16290): extracting _python_bundle/site-packages/PySide6/QtAsyncio/__init__.pyc
09-16 23:40:34.389 V/python  (16290): extracting _python_bundle/site-packages/PySide6/QtAsyncio/events.pyc
09-16 23:40:34.390 V/python  (16290): extracting _python_bundle/site-packages/PySide6/QtAsyncio/futures.pyc
09-16 23:40:34.390 V/python  (16290): extracting _python_bundle/site-packages/PySide6/QtAsyncio/tasks.pyc
09-16 23:40:34.391 V/python  (16290): extracting _python_bundle/site-packages/PySide6/QtBluetooth.abi3.so
09-16 23:40:34.400 V/python  (16290): extracting _python_bundle/site-packages/PySide6/QtCanvasPainter.abi3.so
09-16 23:40:34.408 V/python  (16290): extracting _python_bundle/site-packages/PySide6/QtCharts.abi3.so
09-16 23:40:34.418 I/HfLooper( 1192): sensor 33171111 = 139.000000 0.000000  40556824919689
09-16 23:40:34.418 I/HfLooper( 1192): sensor light = 35.277000 40556824919689
09-16 23:40:34.419 I/libsensor-displayalgo( 1557): #### sensorDataCallback  value of event C:139.000000,R:0.000000,G:0.000000,B:0.000000,40556824919689, bl: 516
09-16 23:40:34.419 I/libsensor-displayalgo( 1557): input time 40556824919689 cwbtime:40555139735524, preInput time:40556769926569
09-16 23:40:34.419 I/libsensor-displayalgo( 1557): startCalculateLux: miui or fac not first
09-16 23:40:34.419 I/libsensor-displayalgo( 1557): #### startCalculateLux current input event time: 40556824919689 40556769926569
09-16 23:40:34.419 I/libsensor-displayalgo( 1557): #### value of  inputBrightness's brightness_51:516,preBrightness's brightness_51:516,lastPredictedLight :137.239596,brightnessDiff:0.000000,sensorDataDiff:0.000000
09-16 23:40:34.419 I/libsensor-displayalgo( 1557): #### inputBrightness's timestamp:40418240916747,value of brightness time diff:138584002942, index: 60
09-16 23:40:34.419 I/libsensor-displayalgo( 1557): #### inputSensorEventChanged: 1!!!
09-16 23:40:34.419 I/libsensor-displayalgo( 1557): getInputData start: input[0]:516.000000,inputBrightness.panel_1.brightness_51:0.000000
09-16 23:40:34.419 I/libsensor-displayalgo( 1557): getInputData end: input[0]:516.000000,inputBrightness.panel_1.brightness_51:0.000000
09-16 23:40:34.419 I/libsensor-displayalgo( 1557): alsAlgo: second panel
09-16 23:40:34.420 I/libsensor-displayalgo( 1557): CWB_ALS: model output raw: 2.126817 0.045986
09-16 23:40:34.420 I/libsensor-displayalgo( 1557): HSV RGB R= 18.224644,G= 18.224644,B= 18.224644
09-16 23:40:34.420 I/libsensor-displayalgo( 1557): HSV RGB maxValue:18.224644, minValue:18.224644
09-16 23:40:34.420 E/libsensor-displayalgo( 1557): the value of tmp1:372.440000 tmp 449.960000
09-16 23:40:34.420 I/libsensor-displayalgo( 1557): the value of ratio1 is 0.827718
09-16 23:40:34.420 E/libsensor-displayalgo( 1557): the value of tmp1:0.000000 tmp 0.000000
09-16 23:40:34.420 I/libsensor-displayalgo( 1557): the value of ratio1 is 1.000000
09-16 23:40:34.420 I/libsensor-displayalgo( 1557): Write:the value of channelCali ALS:1.8, IR:0.0, scales:1.000000, hsv:-1.000000
09-16 23:40:34.420 I/libsensor-displayalgo( 1557): the value of hsv: -1.000000
09-16 23:40:34.420 I/libsensor-displayalgo( 1557): the value of  ir: 0.000000  Coef: 23701.878000 19699.158000 12075.050000 12075.050000 
09-16 23:40:34.420 I/libsensor-displayalgo( 1557): the value of  REAL LUX 63.531960
09-16 23:40:34.420 D/libsensor-displayalgo( 1557): brightness:516.000000,flat_mode:1.000000,R1:0.000000,G1:0.000000,B1:0.000000,EVENT ALS:139.000000,IR:0.000000lux: 63.531960
09-16 23:40:34.420 I/libsensor-displayalgo( 1557): luxAges[0]=0.000000, index=1
09-16 23:40:34.420 I/libsensor-displayalgo( 1557): luxAges[1]=0.000000, index=3
09-16 23:40:34.420 I/libsensor-displayalgo( 1557): luxAges[2]=0.000000, index=2
09-16 23:40:34.420 I/libsensor-displayalgo( 1557): medianFilter[index]=63.531960 63.531960 63.994884
09-16 23:40:34.424 V/python  (16290): extracting _python_bundle/site-packages/PySide6/QtConcurrent.abi3.so
09-16 23:40:34.428 V/python  (16290): extracting _python_bundle/site-packages/PySide6/QtCore.abi3.so
09-16 23:40:34.432 D/JavaheapMonitor( 2571): Java heap used=6M max=256M, proc: com.android.networkstack.process
09-16 23:40:34.432 V/JavaheapMonitor( 2571): Check java heap usage finished! Next check delay: 300000
09-16 23:40:34.473 I/HfLooper( 1192): sensor 33171111 = 140.000000 0.000000  40556879911693
09-16 23:40:34.473 I/HfLooper( 1192): sensor light = 35.277000 40556879911693
09-16 23:40:34.474 I/libsensor-displayalgo( 1557): #### sensorDataCallback  value of event C:140.000000,R:0.000000,G:0.000000,B:0.000000,40556879911693, bl: 516
09-16 23:40:34.474 I/libsensor-displayalgo( 1557): input time 40556879911693 cwbtime:40555139735524, preInput time:40556824919689
09-16 23:40:34.474 I/libsensor-displayalgo( 1557): startCalculateLux: miui or fac not first
09-16 23:40:34.474 I/libsensor-displayalgo( 1557): #### startCalculateLux current input event time: 40556879911693 40556824919689
09-16 23:40:34.474 I/libsensor-displayalgo( 1557): #### value of  inputBrightness's brightness_51:516,preBrightness's brightness_51:516,lastPredictedLight :137.239596,brightnessDiff:0.000000,sensorDataDiff:-0.568051
09-16 23:40:34.474 I/libsensor-displayalgo( 1557): #### inputBrightness's timestamp:40418240916747,value of brightness time diff:138638994946, index: 60
09-16 23:40:34.474 I/libsensor-displayalgo( 1557): #### inputSensorEventChanged: 1!!!
09-16 23:40:34.474 I/libsensor-displayalgo( 1557): getInputData start: input[0]:516.000000,inputBrightness.panel_1.brightness_51:0.000000
09-16 23:40:34.474 I/libsensor-displayalgo( 1557): getInputData end: input[0]:516.000000,inputBrightness.panel_1.brightness_51:0.000000
09-16 23:40:34.474 I/libsensor-displayalgo( 1557): alsAlgo: second panel
09-16 23:40:34.475 I/libsensor-displayalgo( 1557): CWB_ALS: model output raw: 2.126817 0.045986
09-16 23:40:34.475 I/libsensor-displayalgo( 1557): HSV RGB R= 18.224644,G= 18.224644,B= 18.224644
09-16 23:40:34.475 I/libsensor-displayalgo( 1557): HSV RGB maxValue:18.224644, minValue:18.224644
09-16 23:40:34.475 E/libsensor-displayalgo( 1557): the value of tmp1:372.440000 tmp 449.960000
09-16 23:40:34.475 I/libsensor-displayalgo( 1557): the value of ratio1 is 0.827718
09-16 23:40:34.475 E/libsensor-displayalgo( 1557): the value of tmp1:0.000000 tmp 0.000000
09-16 23:40:34.475 I/libsensor-displayalgo( 1557): the value of ratio1 is 1.000000
09-16 23:40:34.475 I/libsensor-displayalgo( 1557): Write:the value of channelCali ALS:1.8, IR:0.0, scales:1.000000, hsv:-1.000000
09-16 23:40:34.475 I/libsensor-displayalgo( 1557): the value of hsv: -1.000000
09-16 23:40:34.475 I/libsensor-displayalgo( 1557): the value of  ir: 0.000000  Coef: 23701.878000 19699.158000 12075.050000 12075.050000 
09-16 23:40:34.475 I/libsensor-displayalgo( 1557): the value of  REAL LUX 63.994884
09-16 23:40:34.475 D/libsensor-displayalgo( 1557): brightness:516.000000,flat_mode:1.000000,R1:0.000000,G1:0.000000,B1:0.000000,EVENT ALS:140.000000,IR:0.000000lux: 63.994884
09-16 23:40:34.475 I/libsensor-displayalgo( 1557): luxAges[0]=0.000000, index=2
09-16 23:40:34.475 I/libsensor-displayalgo( 1557): luxAges[1]=0.000000, index=1
09-16 23:40:34.475 I/libsensor-displayalgo( 1557): luxAges[2]=0.000000, index=3
09-16 23:40:34.475 I/libsensor-displayalgo( 1557): medianFilter[index]=63.531960 63.531960 63.994884
09-16 23:40:34.484 D/JavaheapMonitor(14360): Java heap used=5M max=256M, proc: com.facebook.services
09-16 23:40:34.484 V/JavaheapMonitor(14360): Check java heap usage finished! Next check delay: 300000
09-16 23:40:34.494 V/python  (16290): extracting _python_bundle/site-packages/PySide6/QtDataVisualization.abi3.so
09-16 23:40:34.507 V/python  (16290): extracting _python_bundle/site-packages/PySide6/QtDesigner.abi3.so
09-16 23:40:34.516 V/python  (16290): extracting _python_bundle/site-packages/PySide6/QtGraphs.abi3.so
09-16 23:40:34.527 I/HfLooper( 1192): sensor 33171111 = 141.000000 0.000000  40556934904078
09-16 23:40:34.527 I/HfLooper( 1192): sensor light = 35.277000 40556934904078
09-16 23:40:34.528 I/libsensor-displayalgo( 1557): #### sensorDataCallback  value of event C:141.000000,R:0.000000,G:0.000000,B:0.000000,40556934904078, bl: 516
09-16 23:40:34.528 I/libsensor-displayalgo( 1557): input time 40556934904078 cwbtime:40555139735524, preInput time:40556879911693
09-16 23:40:34.528 I/libsensor-displayalgo( 1557): startCalculateLux: miui or fac not first
09-16 23:40:34.528 I/libsensor-displayalgo( 1557): #### startCalculateLux current input event time: 40556934904078 40556879911693
09-16 23:40:34.528 I/libsensor-displayalgo( 1557): #### value of  inputBrightness's brightness_51:516,preBrightness's brightness_51:516,lastPredictedLight :138.239596,brightnessDiff:0.000000,sensorDataDiff:-0.568051
09-16 23:40:34.528 I/libsensor-displayalgo( 1557): #### inputBrightness's timestamp:40418240916747,value of brightness time diff:138693987331, index: 60
09-16 23:40:34.528 I/libsensor-displayalgo( 1557): #### inputSensorEventChanged: 1!!!
09-16 23:40:34.528 I/libsensor-displayalgo( 1557): getInputData start: input[0]:516.000000,inputBrightness.panel_1.brightness_51:0.000000
09-16 23:40:34.528 I/libsensor-displayalgo( 1557): getInputData end: input[0]:516.000000,inputBrightness.panel_1.brightness_51:0.000000
09-16 23:40:34.528 I/libsensor-displayalgo( 1557): alsAlgo: second panel
09-16 23:40:34.529 I/libsensor-displayalgo( 1557): CWB_ALS: model output raw: 2.126817 0.045986
09-16 23:40:34.529 I/libsensor-displayalgo( 1557): HSV RGB R= 18.224644,G= 18.224644,B= 18.224644
09-16 23:40:34.529 I/libsensor-displayalgo( 1557): HSV RGB maxValue:18.224644, minValue:18.224644
09-16 23:40:34.529 E/libsensor-displayalgo( 1557): the value of tmp1:372.440000 tmp 449.960000
09-16 23:40:34.529 I/libsensor-displayalgo( 1557): the value of ratio1 is 0.827718
09-16 23:40:34.530 E/libsensor-displayalgo( 1557): the value of tmp1:0.000000 tmp 0.000000
09-16 23:40:34.530 I/libsensor-displayalgo( 1557): the value of ratio1 is 1.000000
09-16 23:40:34.530 I/libsensor-displayalgo( 1557): Write:the value of channelCali ALS:1.8, IR:0.0, scales:1.000000, hsv:-1.000000
09-16 23:40:34.530 I/libsensor-displayalgo( 1557): the value of hsv: -1.000000
09-16 23:40:34.530 I/libsensor-displayalgo( 1557): the value of  ir: 0.000000  Coef: 23701.878000 19699.158000 12075.050000 12075.050000 
09-16 23:40:34.530 I/libsensor-displayalgo( 1557): the value of  REAL LUX 64.457809
09-16 23:40:34.530 D/libsensor-displayalgo( 1557): brightness:516.000000,flat_mode:1.000000,R1:0.000000,G1:0.000000,B1:0.000000,EVENT ALS:141.000000,IR:0.000000lux: 64.457809
09-16 23:40:34.530 I/libsensor-displayalgo( 1557): luxAges[0]=0.000000, index=3
09-16 23:40:34.530 I/libsensor-displayalgo( 1557): luxAges[1]=0.000000, index=2
09-16 23:40:34.530 I/libsensor-displayalgo( 1557): luxAges[2]=0.000000, index=1
09-16 23:40:34.530 I/libsensor-displayalgo( 1557): medianFilter[index]=64.457809 63.531960 63.994884
09-16 23:40:34.535 V/python  (16290): extracting _python_bundle/site-packages/PySide6/QtGraphsWidgets.abi3.so
--------- beginning of system
09-16 23:40:34.535 I/ActivityManager( 1956): unbindService com.android.server.am.ActiveServices@d157864 conn=android.os.BinderProxy@9b65306 callingPid=3473
09-16 23:40:34.539 V/python  (16290): extracting _python_bundle/site-packages/PySide6/QtGui.abi3.so
09-16 23:40:34.582 I/HfLooper( 1192): sensor 33171111 = 140.000000 0.000000  40556989928996
09-16 23:40:34.582 I/HfLooper( 1192): sensor light = 35.277000 40556989928996
09-16 23:40:34.583 I/libsensor-displayalgo( 1557): #### sensorDataCallback  value of event C:140.000000,R:0.000000,G:0.000000,B:0.000000,40556989928996, bl: 516
09-16 23:40:34.583 I/libsensor-displayalgo( 1557): input time 40556989928996 cwbtime:40555139735524, preInput time:40556934904078
09-16 23:40:34.583 I/libsensor-displayalgo( 1557): startCalculateLux: miui or fac not first
09-16 23:40:34.583 I/libsensor-displayalgo( 1557): #### startCalculateLux current input event time: 40556989928996 40556934904078
09-16 23:40:34.583 I/libsensor-displayalgo( 1557): #### value of  inputBrightness's brightness_51:516,preBrightness's brightness_51:516,lastPredictedLight :139.239596,brightnessDiff:0.000000,sensorDataDiff:0.568051
09-16 23:40:34.583 I/libsensor-displayalgo( 1557): #### inputBrightness's timestamp:40418240916747,value of brightness time diff:138749012249, index: 60
09-16 23:40:34.583 I/libsensor-displayalgo( 1557): #### inputSensorEventChanged: 1!!!
09-16 23:40:34.583 I/libsensor-displayalgo( 1557): getInputData start: input[0]:516.000000,inputBrightness.panel_1.brightness_51:0.000000
09-16 23:40:34.583 I/libsensor-displayalgo( 1557): getInputData end: input[0]:516.000000,inputBrightness.panel_1.brightness_51:0.000000
09-16 23:40:34.583 I/libsensor-displayalgo( 1557): alsAlgo: second panel
09-16 23:40:34.584 I/libsensor-displayalgo( 1557): CWB_ALS: model output raw: 2.126817 0.045986
09-16 23:40:34.584 I/libsensor-displayalgo( 1557): HSV RGB R= 18.224644,G= 18.224644,B= 18.224644
09-16 23:40:34.584 I/libsensor-displayalgo( 1557): HSV RGB maxValue:18.224644, minValue:18.224644
09-16 23:40:34.584 E/libsensor-displayalgo( 1557): the value of tmp1:372.440000 tmp 449.960000
09-16 23:40:34.584 I/libsensor-displayalgo( 1557): the value of ratio1 is 0.827718
09-16 23:40:34.584 E/libsensor-displayalgo( 1557): the value of tmp1:0.000000 tmp 0.000000
09-16 23:40:34.584 I/libsensor-displayalgo( 1557): the value of ratio1 is 1.000000
09-16 23:40:34.584 I/libsensor-displayalgo( 1557): Write:the value of channelCali ALS:1.8, IR:0.0, scales:1.000000, hsv:-1.000000
09-16 23:40:34.584 I/libsensor-displayalgo( 1557): the value of hsv: -1.000000
09-16 23:40:34.584 I/libsensor-displayalgo( 1557): the value of  ir: 0.000000  Coef: 23701.878000 19699.158000 12075.050000 12075.050000 
09-16 23:40:34.584 I/libsensor-displayalgo( 1557): the value of  REAL LUX 63.994884
09-16 23:40:34.584 D/libsensor-displayalgo( 1557): brightness:516.000000,flat_mode:1.000000,R1:0.000000,G1:0.000000,B1:0.000000,EVENT ALS:140.000000,IR:0.000000lux: 63.994884
09-16 23:40:34.584 I/libsensor-displayalgo( 1557): luxAges[0]=0.000000, index=3
09-16 23:40:34.584 I/libsensor-displayalgo( 1557): luxAges[1]=0.000000, index=2
09-16 23:40:34.584 I/libsensor-displayalgo( 1557): luxAges[2]=0.000000, index=1
09-16 23:40:34.584 I/libsensor-displayalgo( 1557): medianFilter[index]=63.994884 63.994884 64.457809
09-16 23:40:34.615 V/python  (16290): extracting _python_bundle/site-packages/PySide6/QtHelp.abi3.so
09-16 23:40:34.624 V/python  (16290): extracting _python_bundle/site-packages/PySide6/QtHttpServer.abi3.so
09-16 23:40:34.628 V/python  (16290): extracting _python_bundle/site-packages/PySide6/QtLocation.abi3.so
09-16 23:40:34.637 I/HfLooper( 1192): sensor 33171111 = 141.000000 0.000000  40557044920626
09-16 23:40:34.637 I/HfLooper( 1192): sensor light = 35.277000 40557044920626
09-16 23:40:34.638 I/libsensor-displayalgo( 1557): #### sensorDataCallback  value of event C:141.000000,R:0.000000,G:0.000000,B:0.000000,40557044920626, bl: 516
09-16 23:40:34.638 I/libsensor-displayalgo( 1557): input time 40557044920626 cwbtime:40555139735524, preInput time:40556989928996
09-16 23:40:34.638 I/libsensor-displayalgo( 1557): startCalculateLux: miui or fac not first
09-16 23:40:34.638 I/libsensor-displayalgo( 1557): #### startCalculateLux current input event time: 40557044920626 40556989928996
09-16 23:40:34.638 I/libsensor-displayalgo( 1557): #### value of  inputBrightness's brightness_51:516,preBrightness's brightness_51:516,lastPredictedLight :138.239596,brightnessDiff:0.000000,sensorDataDiff:-0.568051
09-16 23:40:34.638 I/libsensor-displayalgo( 1557): #### inputBrightness's timestamp:40418240916747,value of brightness time diff:138804003879, index: 60
09-16 23:40:34.638 I/libsensor-displayalgo( 1557): #### inputSensorEventChanged: 1!!!
09-16 23:40:34.638 I/libsensor-displayalgo( 1557): getInputData start: input[0]:516.000000,inputBrightness.panel_1.brightness_51:0.000000
09-16 23:40:34.638 I/libsensor-displayalgo( 1557): getInputData end: input[0]:516.000000,inputBrightness.panel_1.brightness_51:0.000000
09-16 23:40:34.638 I/libsensor-displayalgo( 1557): alsAlgo: second panel
09-16 23:40:34.638 V/python  (16290): extracting _python_bundle/site-packages/PySide6/QtMultimedia.abi3.so
09-16 23:40:34.639 I/libsensor-displayalgo( 1557): CWB_ALS: model output raw: 2.126817 0.045986
09-16 23:40:34.639 I/libsensor-displayalgo( 1557): HSV RGB R= 18.224644,G= 18.224644,B= 18.224644
09-16 23:40:34.639 I/libsensor-displayalgo( 1557): HSV RGB maxValue:18.224644, minValue:18.224644
09-16 23:40:34.640 E/libsensor-displayalgo( 1557): the value of tmp1:372.440000 tmp 449.960000
09-16 23:40:34.640 I/libsensor-displayalgo( 1557): the value of ratio1 is 0.827718
09-16 23:40:34.640 E/libsensor-displayalgo( 1557): the value of tmp1:0.000000 tmp 0.000000
09-16 23:40:34.640 I/libsensor-displayalgo( 1557): the value of ratio1 is 1.000000
09-16 23:40:34.640 I/libsensor-displayalgo( 1557): Write:the value of channelCali ALS:1.8, IR:0.0, scales:1.000000, hsv:-1.000000
09-16 23:40:34.640 I/libsensor-displayalgo( 1557): the value of hsv: -1.000000
09-16 23:40:34.640 I/libsensor-displayalgo( 1557): the value of  ir: 0.000000  Coef: 23701.878000 19699.158000 12075.050000 12075.050000 
09-16 23:40:34.640 I/libsensor-displayalgo( 1557): the value of  REAL LUX 64.457809
09-16 23:40:34.640 D/libsensor-displayalgo( 1557): brightness:516.000000,flat_mode:1.000000,R1:0.000000,G1:0.000000,B1:0.000000,EVENT ALS:141.000000,IR:0.000000lux: 64.457809
09-16 23:40:34.640 I/libsensor-displayalgo( 1557): luxAges[0]=0.000000, index=1
09-16 23:40:34.640 I/libsensor-displayalgo( 1557): luxAges[1]=0.000000, index=3
09-16 23:40:34.640 I/libsensor-displayalgo( 1557): luxAges[2]=0.000000, index=2
09-16 23:40:34.640 I/libsensor-displayalgo( 1557): medianFilter[index]=63.994884 64.457809 64.457809
09-16 23:40:34.650 V/python  (16290): extracting _python_bundle/site-packages/PySide6/QtMultimediaWidgets.abi3.so
09-16 23:40:34.654 V/python  (16290): extracting _python_bundle/site-packages/PySide6/QtNetwork.abi3.so
09-16 23:40:34.675 V/python  (16290): extracting _python_bundle/site-packages/PySide6/QtNetworkAuth.abi3.so
09-16 23:40:34.681 V/python  (16290): extracting _python_bundle/site-packages/PySide6/QtNfc.abi3.so
09-16 23:40:34.686 V/python  (16290): extracting _python_bundle/site-packages/PySide6/QtOpenGL.abi3.so
09-16 23:40:34.692 I/HfLooper( 1192): sensor 33171111 = 139.000000 0.000000  40557099912603
09-16 23:40:34.692 I/HfLooper( 1192): sensor light = 35.277000 40557099912603
09-16 23:40:34.693 I/libsensor-displayalgo( 1557): #### sensorDataCallback  value of event C:139.000000,R:0.000000,G:0.000000,B:0.000000,40557099912603, bl: 516
09-16 23:40:34.693 I/libsensor-displayalgo( 1557): input time 40557099912603 cwbtime:40555139735524, preInput time:40557044920626
09-16 23:40:34.693 I/libsensor-displayalgo( 1557): startCalculateLux: miui or fac not first
09-16 23:40:34.693 I/libsensor-displayalgo( 1557): #### startCalculateLux current input event time: 40557099912603 40557044920626
09-16 23:40:34.693 I/libsensor-displayalgo( 1557): #### value of  inputBrightness's brightness_51:516,preBrightness's brightness_51:516,lastPredictedLight :139.239596,brightnessDiff:0.000000,sensorDataDiff:1.136103
09-16 23:40:34.693 I/libsensor-displayalgo( 1557): #### inputBrightness's timestamp:40418240916747,value of brightness time diff:138858995856, index: 60
09-16 23:40:34.693 I/libsensor-displayalgo( 1557): #### inputSensorEventChanged: 1!!!
09-16 23:40:34.693 I/libsensor-displayalgo( 1557): getInputData start: input[0]:516.000000,inputBrightness.panel_1.brightness_51:0.000000
09-16 23:40:34.693 I/libsensor-displayalgo( 1557): getInputData end: input[0]:516.000000,inputBrightness.panel_1.brightness_51:0.000000
09-16 23:40:34.693 I/libsensor-displayalgo( 1557): alsAlgo: second panel
09-16 23:40:34.694 I/libsensor-displayalgo( 1557): CWB_ALS: model output raw: 2.126817 0.045986
09-16 23:40:34.695 I/libsensor-displayalgo( 1557): HSV RGB R= 18.224644,G= 18.224644,B= 18.224644
09-16 23:40:34.695 V/python  (16290): extracting _python_bundle/site-packages/PySide6/QtOpenGLWidgets.abi3.so
09-16 23:40:34.695 I/libsensor-displayalgo( 1557): HSV RGB maxValue:18.224644, minValue:18.224644
09-16 23:40:34.695 E/libsensor-displayalgo( 1557): the value of tmp1:372.440000 tmp 449.960000
09-16 23:40:34.695 I/libsensor-displayalgo( 1557): the value of ratio1 is 0.827718
09-16 23:40:34.695 E/libsensor-displayalgo( 1557): the value of tmp1:0.000000 tmp 0.000000
09-16 23:40:34.695 I/libsensor-displayalgo( 1557): the value of ratio1 is 1.000000
09-16 23:40:34.695 I/libsensor-displayalgo( 1557): Write:the value of channelCali ALS:1.8, IR:0.0, scales:1.000000, hsv:-1.000000
09-16 23:40:34.695 I/libsensor-displayalgo( 1557): the value of hsv: -1.000000
09-16 23:40:34.695 I/libsensor-displayalgo( 1557): the value of  ir: 0.000000  Coef: 23701.878000 19699.158000 12075.050000 12075.050000 
09-16 23:40:34.695 I/libsensor-displayalgo( 1557): the value of  REAL LUX 63.531960
09-16 23:40:34.695 D/libsensor-displayalgo( 1557): brightness:516.000000,flat_mode:1.000000,R1:0.000000,G1:0.000000,B1:0.000000,EVENT ALS:139.000000,IR:0.000000lux: 63.531960
09-16 23:40:34.695 I/libsensor-displayalgo( 1557): luxAges[0]=0.000000, index=2
09-16 23:40:34.695 I/libsensor-displayalgo( 1557): luxAges[1]=0.000000, index=1
09-16 23:40:34.696 I/libsensor-displayalgo( 1557): luxAges[2]=0.000000, index=3
09-16 23:40:34.696 I/libsensor-displayalgo( 1557): medianFilter[index]=63.994884 64.457809 63.531960
09-16 23:40:34.698 V/python  (16290): extracting _python_bundle/site-packages/PySide6/QtPdf.abi3.so
09-16 23:40:34.702 V/python  (16290): extracting _python_bundle/site-packages/PySide6/QtPdfWidgets.abi3.so
09-16 23:40:34.705 V/python  (16290): extracting _python_bundle/site-packages/PySide6/QtPositioning.abi3.so
09-16 23:40:34.706 I/ActivityManager( 1956): unbindService com.android.server.am.ActiveServices@d157864 conn=android.os.BinderProxy@7da840e callingPid=3473
09-16 23:40:34.712 V/python  (16290): extracting _python_bundle/site-packages/PySide6/QtPrintSupport.abi3.so
09-16 23:40:34.718 V/python  (16290): extracting _python_bundle/site-packages/PySide6/QtQml.abi3.so
09-16 23:40:34.729 V/python  (16290): extracting _python_bundle/site-packages/PySide6/QtQuick.abi3.so
09-16 23:40:34.744 V/python  (16290): extracting _python_bundle/site-packages/PySide6/QtQuick3D.abi3.so
09-16 23:40:34.748 V/python  (16290): extracting _python_bundle/site-packages/PySide6/QtQuickControls2.abi3.so
09-16 23:40:34.750 I/HfLooper( 1192): sensor 33171111 = 139.000000 0.000000  40557154497602
09-16 23:40:34.750 I/HfLooper( 1192): sensor light = 35.277000 40557154497602
09-16 23:40:34.751 I/libsensor-displayalgo( 1557): #### sensorDataCallback  value of event C:139.000000,R:0.000000,G:0.000000,B:0.000000,40557154497602, bl: 516
09-16 23:40:34.751 I/libsensor-displayalgo( 1557): input time 40557154497602 cwbtime:40555139735524, preInput time:40557099912603
09-16 23:40:34.751 I/libsensor-displayalgo( 1557): startCalculateLux: miui or fac not first
09-16 23:40:34.751 I/libsensor-displayalgo( 1557): #### startCalculateLux current input event time: 40557154497602 40557099912603
09-16 23:40:34.751 I/libsensor-displayalgo( 1557): #### value of  inputBrightness's brightness_51:516,preBrightness's brightness_51:516,lastPredictedLight :137.239596,brightnessDiff:0.000000,sensorDataDiff:0.000000
09-16 23:40:34.751 I/libsensor-displayalgo( 1557): #### inputBrightness's timestamp:40418240916747,value of brightness time diff:138913580855, index: 60
09-16 23:40:34.751 I/libsensor-displayalgo( 1557): #### inputSensorEventChanged: 1!!!
09-16 23:40:34.751 I/libsensor-displayalgo( 1557): getInputData start: input[0]:516.000000,inputBrightness.panel_1.brightness_51:0.000000
09-16 23:40:34.751 I/libsensor-displayalgo( 1557): getInputData end: input[0]:516.000000,inputBrightness.panel_1.brightness_51:0.000000
09-16 23:40:34.751 I/libsensor-displayalgo( 1557): alsAlgo: second panel
09-16 23:40:34.751 V/python  (16290): extracting _python_bundle/site-packages/PySide6/QtQuickTest.abi3.so
09-16 23:40:34.752 I/libsensor-displayalgo( 1557): CWB_ALS: model output raw: 2.126817 0.045986
09-16 23:40:34.752 I/libsensor-displayalgo( 1557): HSV RGB R= 18.224644,G= 18.224644,B= 18.224644
09-16 23:40:34.752 I/libsensor-displayalgo( 1557): HSV RGB maxValue:18.224644, minValue:18.224644
09-16 23:40:34.752 E/libsensor-displayalgo( 1557): the value of tmp1:372.440000 tmp 449.960000
09-16 23:40:34.752 I/libsensor-displayalgo( 1557): the value of ratio1 is 0.827718
09-16 23:40:34.752 E/libsensor-displayalgo( 1557): the value of tmp1:0.000000 tmp 0.000000
09-16 23:40:34.752 I/libsensor-displayalgo( 1557): the value of ratio1 is 1.000000
09-16 23:40:34.753 I/libsensor-displayalgo( 1557): Write:the value of channelCali ALS:1.8, IR:0.0, scales:1.000000, hsv:-1.000000
09-16 23:40:34.753 I/libsensor-displayalgo( 1557): the value of hsv: -1.000000
09-16 23:40:34.753 I/libsensor-displayalgo( 1557): the value of  ir: 0.000000  Coef: 23701.878000 19699.158000 12075.050000 12075.050000 
09-16 23:40:34.753 I/libsensor-displayalgo( 1557): the value of  REAL LUX 63.531960
09-16 23:40:34.753 D/libsensor-displayalgo( 1557): brightness:516.000000,flat_mode:1.000000,R1:0.000000,G1:0.000000,B1:0.000000,EVENT ALS:139.000000,IR:0.000000lux: 63.531960
09-16 23:40:34.753 I/libsensor-displayalgo( 1557): luxAges[0]=0.000000, index=1
09-16 23:40:34.753 I/libsensor-displayalgo( 1557): luxAges[1]=0.000000, index=3
09-16 23:40:34.753 I/libsensor-displayalgo( 1557): luxAges[2]=0.000000, index=2
09-16 23:40:34.753 I/libsensor-displayalgo( 1557): medianFilter[index]=63.531960 63.531960 64.457809
09-16 23:40:34.754 V/python  (16290): extracting _python_bundle/site-packages/PySide6/QtQuickWidgets.abi3.so
09-16 23:40:34.757 V/python  (16290): extracting _python_bundle/site-packages/PySide6/QtRemoteObjects.abi3.so
09-16 23:40:34.767 V/python  (16290): extracting _python_bundle/site-packages/PySide6/QtScxml.abi3.so
09-16 23:40:34.772 V/python  (16290): extracting _python_bundle/site-packages/PySide6/QtSensors.abi3.so
09-16 23:40:34.783 V/python  (16290): extracting _python_bundle/site-packages/PySide6/QtSerialBus.abi3.so
09-16 23:40:34.790 D/JavaheapMonitor(  693): Java heap used=5M max=256M, proc: com.xiaomi.mi_connect_service:idm
09-16 23:40:34.790 V/JavaheapMonitor(  693): Check java heap usage finished! Next check delay: 300000
09-16 23:40:34.791 V/python  (16290): extracting _python_bundle/site-packages/PySide6/QtSerialPort.abi3.so
09-16 23:40:34.795 V/python  (16290): extracting _python_bundle/site-packages/PySide6/QtSpatialAudio.abi3.so
09-16 23:40:34.798 V/python  (16290): extracting _python_bundle/site-packages/PySide6/QtSql.abi3.so
09-16 23:40:34.801 D/BoundBrokerSvc( 3473): onRebind: Intent { act=com.google.android.gms.libs.gmscorelogger.service.START dat=chimera-action:/... xflg=0x4 cmp=com.google.android.gms/.chimera.PersistentDirectBootAwareApiService }
09-16 23:40:34.802 I/HfLooper( 1192): sensor 33171111 = 140.000000 0.000000  40557209897588
09-16 23:40:34.802 I/HfLooper( 1192): sensor light = 35.277000 40557209897588
09-16 23:40:34.803 I/libsensor-displayalgo( 1557): #### sensorDataCallback  value of event C:140.000000,R:0.000000,G:0.000000,B:0.000000,40557209897588, bl: 516
09-16 23:40:34.803 I/libsensor-displayalgo( 1557): input time 40557209897588 cwbtime:40555139735524, preInput time:40557154497602
09-16 23:40:34.803 I/libsensor-displayalgo( 1557): startCalculateLux: miui or fac not first
09-16 23:40:34.804 I/libsensor-displayalgo( 1557): #### startCalculateLux current input event time: 40557209897588 40557154497602
09-16 23:40:34.804 I/libsensor-displayalgo( 1557): #### value of  inputBrightness's brightness_51:516,preBrightness's brightness_51:516,lastPredictedLight :137.239596,brightnessDiff:0.000000,sensorDataDiff:-0.568051
09-16 23:40:34.804 I/libsensor-displayalgo( 1557): #### inputBrightness's timestamp:40418240916747,value of brightness time diff:138968980841, index: 60
09-16 23:40:34.804 I/libsensor-displayalgo( 1557): #### inputSensorEventChanged: 1!!!
09-16 23:40:34.804 I/libsensor-displayalgo( 1557): getInputData start: input[0]:516.000000,inputBrightness.panel_1.brightness_51:0.000000
09-16 23:40:34.804 I/libsensor-displayalgo( 1557): getInputData end: input[0]:516.000000,inputBrightness.panel_1.brightness_51:0.000000
09-16 23:40:34.804 I/libsensor-displayalgo( 1557): alsAlgo: second panel
09-16 23:40:34.804 I/libsensor-displayalgo( 1557): CWB_ALS: model output raw: 2.126817 0.045986
09-16 23:40:34.804 I/libsensor-displayalgo( 1557): HSV RGB R= 18.224644,G= 18.224644,B= 18.224644
09-16 23:40:34.804 I/libsensor-displayalgo( 1557): HSV RGB maxValue:18.224644, minValue:18.224644
09-16 23:40:34.804 E/libsensor-displayalgo( 1557): the value of tmp1:372.440000 tmp 449.960000
09-16 23:40:34.804 I/libsensor-displayalgo( 1557): the value of ratio1 is 0.827718
09-16 23:40:34.804 E/libsensor-displayalgo( 1557): the value of tmp1:0.000000 tmp 0.000000
09-16 23:40:34.804 I/libsensor-displayalgo( 1557): the value of ratio1 is 1.000000
09-16 23:40:34.804 I/libsensor-displayalgo( 1557): Write:the value of channelCali ALS:1.8, IR:0.0, scales:1.000000, hsv:-1.000000
09-16 23:40:34.804 I/libsensor-displayalgo( 1557): the value of hsv: -1.000000
09-16 23:40:34.804 I/libsensor-displayalgo( 1557): the value of  ir: 0.000000  Coef: 23701.878000 19699.158000 12075.050000 12075.050000 
09-16 23:40:34.804 I/libsensor-displayalgo( 1557): the value of  REAL LUX 63.994884
09-16 23:40:34.804 D/libsensor-displayalgo( 1557): brightness:516.000000,flat_mode:1.000000,R1:0.000000,G1:0.000000,B1:0.000000,EVENT ALS:140.000000,IR:0.000000lux: 63.994884
09-16 23:40:34.804 I/libsensor-displayalgo( 1557): luxAges[0]=0.000000, index=2
09-16 23:40:34.804 I/libsensor-displayalgo( 1557): luxAges[1]=0.000000, index=1
09-16 23:40:34.804 I/libsensor-displayalgo( 1557): luxAges[2]=0.000000, index=3
09-16 23:40:34.804 I/libsensor-displayalgo( 1557): medianFilter[index]=63.531960 63.531960 63.994884
09-16 23:40:34.807 V/python  (16290): extracting _python_bundle/site-packages/PySide6/QtStateMachine.abi3.so
09-16 23:40:34.812 V/python  (16290): extracting _python_bundle/site-packages/PySide6/QtSvg.abi3.so
09-16 23:40:34.815 V/python  (16290): extracting _python_bundle/site-packages/PySide6/QtSvgWidgets.abi3.so
09-16 23:40:34.818 V/python  (16290): extracting _python_bundle/site-packages/PySide6/QtTest.abi3.so
09-16 23:40:34.823 V/python  (16290): extracting _python_bundle/site-packages/PySide6/QtTextToSpeech.abi3.so
09-16 23:40:34.826 V/python  (16290): extracting _python_bundle/site-packages/PySide6/QtUiTools.abi3.so
09-16 23:40:34.829 V/python  (16290): extracting _python_bundle/site-packages/PySide6/QtWebChannel.abi3.so
09-16 23:40:34.834 V/python  (16290): extracting _python_bundle/site-packages/PySide6/QtWebSockets.abi3.so
09-16 23:40:34.837 V/python  (16290): extracting _python_bundle/site-packages/PySide6/QtWebView.abi3.so
09-16 23:40:34.841 V/python  (16290): extracting _python_bundle/site-packages/PySide6/QtWidgets.abi3.so
09-16 23:40:34.858 I/HfLooper( 1192): sensor 33171111 = 140.000000 0.000000  40557264922126
09-16 23:40:34.858 I/HfLooper( 1192): sensor light = 35.277000 40557264922126
09-16 23:40:34.858 I/libsensor-displayalgo( 1557): #### sensorDataCallback  value of event C:140.000000,R:0.000000,G:0.000000,B:0.000000,40557264922126, bl: 516
09-16 23:40:34.859 I/libsensor-displayalgo( 1557): input time 40557264922126 cwbtime:40555139735524, preInput time:40557209897588
09-16 23:40:34.859 I/libsensor-displayalgo( 1557): startCalculateLux: miui or fac not first
09-16 23:40:34.859 I/libsensor-displayalgo( 1557): #### startCalculateLux current input event time: 40557264922126 40557209897588
09-16 23:40:34.859 I/libsensor-displayalgo( 1557): #### value of  inputBrightness's brightness_51:516,preBrightness's brightness_51:516,lastPredictedLight :138.239596,brightnessDiff:0.000000,sensorDataDiff:0.000000
09-16 23:40:34.859 I/libsensor-displayalgo( 1557): #### inputBrightness's timestamp:40418240916747,value of brightness time diff:139024005379, index: 60
09-16 23:40:34.859 I/libsensor-displayalgo( 1557): #### inputSensorEventChanged: 1!!!
09-16 23:40:34.859 I/libsensor-displayalgo( 1557): getInputData start: input[0]:516.000000,inputBrightness.panel_1.brightness_51:0.000000
09-16 23:40:34.859 I/libsensor-displayalgo( 1557): getInputData end: input[0]:516.000000,inputBrightness.panel_1.brightness_51:0.000000
09-16 23:40:34.859 I/libsensor-displayalgo( 1557): alsAlgo: second panel
09-16 23:40:34.859 I/libsensor-displayalgo( 1557): CWB_ALS: model output raw: 2.126817 0.045986
09-16 23:40:34.859 I/libsensor-displayalgo( 1557): HSV RGB R= 18.224644,G= 18.224644,B= 18.224644
09-16 23:40:34.859 I/libsensor-displayalgo( 1557): HSV RGB maxValue:18.224644, minValue:18.224644
09-16 23:40:34.860 E/libsensor-displayalgo( 1557): the value of tmp1:372.440000 tmp 449.960000
09-16 23:40:34.860 I/libsensor-displayalgo( 1557): the value of ratio1 is 0.827718
09-16 23:40:34.860 E/libsensor-displayalgo( 1557): the value of tmp1:0.000000 tmp 0.000000
09-16 23:40:34.860 I/libsensor-displayalgo( 1557): the value of ratio1 is 1.000000
09-16 23:40:34.860 I/libsensor-displayalgo( 1557): Write:the value of channelCali ALS:1.8, IR:0.0, scales:1.000000, hsv:-1.000000
09-16 23:40:34.860 I/libsensor-displayalgo( 1557): the value of hsv: -1.000000
09-16 23:40:34.860 I/libsensor-displayalgo( 1557): the value of  ir: 0.000000  Coef: 23701.878000 19699.158000 12075.050000 12075.050000 
09-16 23:40:34.860 I/libsensor-displayalgo( 1557): the value of  REAL LUX 63.994884
09-16 23:40:34.860 D/libsensor-displayalgo( 1557): brightness:516.000000,flat_mode:1.000000,R1:0.000000,G1:0.000000,B1:0.000000,EVENT ALS:140.000000,IR:0.000000lux: 63.994884
09-16 23:40:34.860 I/libsensor-displayalgo( 1557): luxAges[0]=0.000000, index=3
09-16 23:40:34.860 I/libsensor-displayalgo( 1557): luxAges[1]=0.000000, index=2
09-16 23:40:34.860 I/libsensor-displayalgo( 1557): luxAges[2]=0.000000, index=1
09-16 23:40:34.860 I/libsensor-displayalgo( 1557): medianFilter[index]=63.994884 63.531960 63.994884
09-16 23:40:34.913 I/HfLooper( 1192): sensor 33171111 = 140.000000 0.000000  40557319913506
09-16 23:40:34.913 I/HfLooper( 1192): sensor light = 35.277000 40557319913506
09-16 23:40:34.914 I/libsensor-displayalgo( 1557): #### sensorDataCallback  value of event C:140.000000,R:0.000000,G:0.000000,B:0.000000,40557319913506, bl: 516
09-16 23:40:34.914 I/libsensor-displayalgo( 1557): input time 40557319913506 cwbtime:40555139735524, preInput time:40557264922126
09-16 23:40:34.914 I/libsensor-displayalgo( 1557): startCalculateLux: miui or fac not first
09-16 23:40:34.914 I/libsensor-displayalgo( 1557): #### startCalculateLux current input event time: 40557319913506 40557264922126
09-16 23:40:34.914 I/libsensor-displayalgo( 1557): #### value of  inputBrightness's brightness_51:516,preBrightness's brightness_51:516,lastPredictedLight :138.239596,brightnessDiff:0.000000,sensorDataDiff:0.000000
09-16 23:40:34.914 I/libsensor-displayalgo( 1557): #### inputBrightness's timestamp:40418240916747,value of brightness time diff:139078996759, index: 60
09-16 23:40:34.914 I/libsensor-displayalgo( 1557): #### inputSensorEventChanged: 1!!!
09-16 23:40:34.914 I/libsensor-displayalgo( 1557): getInputData start: input[0]:516.000000,inputBrightness.panel_1.brightness_51:0.000000
09-16 23:40:34.914 I/libsensor-displayalgo( 1557): getInputData end: input[0]:516.000000,inputBrightness.panel_1.brightness_51:0.000000
09-16 23:40:34.914 I/libsensor-displayalgo( 1557): alsAlgo: second panel
09-16 23:40:34.915 I/libsensor-displayalgo( 1557): CWB_ALS: model output raw: 2.126817 0.045986
09-16 23:40:34.915 I/libsensor-displayalgo( 1557): HSV RGB R= 18.224644,G= 18.224644,B= 18.224644
09-16 23:40:34.915 I/libsensor-displayalgo( 1557): HSV RGB maxValue:18.224644, minValue:18.224644
09-16 23:40:34.915 E/libsensor-displayalgo( 1557): the value of tmp1:372.440000 tmp 449.960000
09-16 23:40:34.915 I/libsensor-displayalgo( 1557): the value of ratio1 is 0.827718
09-16 23:40:34.915 E/libsensor-displayalgo( 1557): the value of tmp1:0.000000 tmp 0.000000
09-16 23:40:34.915 I/libsensor-displayalgo( 1557): the value of ratio1 is 1.000000
09-16 23:40:34.915 I/libsensor-displayalgo( 1557): Write:the value of channelCali ALS:1.8, IR:0.0, scales:1.000000, hsv:-1.000000
09-16 23:40:34.915 I/libsensor-displayalgo( 1557): the value of hsv: -1.000000
09-16 23:40:34.915 I/libsensor-displayalgo( 1557): the value of  ir: 0.000000  Coef: 23701.878000 19699.158000 12075.050000 12075.050000 
09-16 23:40:34.915 I/libsensor-displayalgo( 1557): the value of  REAL LUX 63.994884
09-16 23:40:34.915 D/libsensor-displayalgo( 1557): brightness:516.000000,flat_mode:1.000000,R1:0.000000,G1:0.000000,B1:0.000000,EVENT ALS:140.000000,IR:0.000000lux: 63.994884
09-16 23:40:34.915 I/libsensor-displayalgo( 1557): luxAges[0]=0.000000, index=3
09-16 23:40:34.916 I/libsensor-displayalgo( 1557): luxAges[1]=0.000000, index=1
09-16 23:40:34.916 I/libsensor-displayalgo( 1557): luxAges[2]=0.000000, index=2
09-16 23:40:34.916 I/libsensor-displayalgo( 1557): medianFilter[index]=63.994884 63.994884 63.994884
09-16 23:40:34.927 V/python  (16290): extracting _python_bundle/site-packages/PySide6/QtXml.abi3.so
09-16 23:40:34.934 V/python  (16290): extracting _python_bundle/site-packages/PySide6/__feature__.pyi
09-16 23:40:34.934 V/python  (16290): extracting _python_bundle/site-packages/PySide6/__init__.pyc
09-16 23:40:34.935 V/python  (16290): extracting _python_bundle/site-packages/PySide6/_config.pyc
09-16 23:40:34.935 V/python  (16290): extracting _python_bundle/site-packages/PySide6/_git_pyside_version.pyc
09-16 23:40:34.935 V/python  (16290): extracting _python_bundle/site-packages/PySide6/include/
09-16 23:40:34.936 V/python  (16290): extracting _python_bundle/site-packages/PySide6/include/Qt3DAnimation/
09-16 23:40:34.936 V/python  (16290): extracting _python_bundle/site-packages/PySide6/include/Qt3DAnimation/pyside6_qt3danimation_python.h
09-16 23:40:34.936 V/python  (16290): extracting _python_bundle/site-packages/PySide6/include/Qt3DCore/
09-16 23:40:34.937 V/python  (16290): extracting _python_bundle/site-packages/PySide6/include/Qt3DCore/pyside6_qt3dcore_python.h
09-16 23:40:34.937 V/python  (16290): extracting _python_bundle/site-packages/PySide6/include/Qt3DExtras/
09-16 23:40:34.937 V/python  (16290): extracting _python_bundle/site-packages/PySide6/include/Qt3DExtras/pyside6_qt3dextras_python.h
09-16 23:40:34.938 V/python  (16290): extracting _python_bundle/site-packages/PySide6/include/Qt3DInput/
09-16 23:40:34.938 V/python  (16290): extracting _python_bundle/site-packages/PySide6/include/Qt3DInput/pyside6_qt3dinput_python.h
09-16 23:40:34.938 V/python  (16290): extracting _python_bundle/site-packages/PySide6/include/Qt3DLogic/
09-16 23:40:34.938 V/python  (16290): extracting _python_bundle/site-packages/PySide6/include/Qt3DLogic/pyside6_qt3dlogic_python.h
09-16 23:40:34.939 V/python  (16290): extracting _python_bundle/site-packages/PySide6/include/Qt3DRender/
09-16 23:40:34.939 V/python  (16290): extracting _python_bundle/site-packages/PySide6/include/Qt3DRender/pyside6_qt3drender_python.h
09-16 23:40:34.940 V/python  (16290): extracting _python_bundle/site-packages/PySide6/include/QtBluetooth/
09-16 23:40:34.940 V/python  (16290): extracting _python_bundle/site-packages/PySide6/include/QtBluetooth/pyside6_qtbluetooth_python.h
09-16 23:40:34.940 V/python  (16290): extracting _python_bundle/site-packages/PySide6/include/QtCanvasPainter/
09-16 23:40:34.941 V/python  (16290): extracting _python_bundle/site-packages/PySide6/include/QtCanvasPainter/pyside6_qtcanvaspainter_python.h
09-16 23:40:34.941 V/python  (16290): extracting _python_bundle/site-packages/PySide6/include/QtCharts/
09-16 23:40:34.941 V/python  (16290): extracting _python_bundle/site-packages/PySide6/include/QtCharts/pyside6_qtcharts_python.h
09-16 23:40:34.942 V/python  (16290): extracting _python_bundle/site-packages/PySide6/include/QtConcurrent/
09-16 23:40:34.942 V/python  (16290): extracting _python_bundle/site-packages/PySide6/include/QtConcurrent/pyside6_qtconcurrent_python.h
09-16 23:40:34.942 V/python  (16290): extracting _python_bundle/site-packages/PySide6/include/QtCore/
09-16 23:40:34.942 V/python  (16290): extracting _python_bundle/site-packages/PySide6/include/QtCore/pyside6_qtcore_python.h
09-16 23:40:34.944 V/python  (16290): extracting _python_bundle/site-packages/PySide6/include/QtCore/qiopipe.h
09-16 23:40:34.944 V/python  (16290): extracting _python_bundle/site-packages/PySide6/include/QtCore/qtcorehelper.h
09-16 23:40:34.944 V/python  (16290): extracting _python_bundle/site-packages/PySide6/include/QtDataVisualization/
09-16 23:40:34.944 V/python  (16290): extracting _python_bundle/site-packages/PySide6/include/QtDataVisualization/pyside6_qtdatavisualization_python.h
09-16 23:40:34.945 V/python  (16290): extracting _python_bundle/site-packages/PySide6/include/QtDataVisualization/qtdatavisualization_helper.h
09-16 23:40:34.945 V/python  (16290): extracting _python_bundle/site-packages/PySide6/include/QtDesigner/
09-16 23:40:34.945 V/python  (16290): extracting _python_bundle/site-packages/PySide6/include/QtDesigner/pyside6_qtdesigner_python.h
09-16 23:40:34.946 V/python  (16290): extracting _python_bundle/site-packages/PySide6/include/QtDesigner/qpydesignerextensions.h
09-16 23:40:34.946 V/python  (16290): extracting _python_bundle/site-packages/PySide6/include/QtGraphs/
09-16 23:40:34.946 V/python  (16290): extracting _python_bundle/site-packages/PySide6/include/QtGraphs/pyside6_qtgraphs_python.h
09-16 23:40:34.947 V/python  (16290): extracting _python_bundle/site-packages/PySide6/include/QtGraphs/qtgraphs_helper.h
09-16 23:40:34.947 V/python  (16290): extracting _python_bundle/site-packages/PySide6/include/QtGraphsWidgets/
09-16 23:40:34.947 V/python  (16290): extracting _python_bundle/site-packages/PySide6/include/QtGraphsWidgets/pyside6_qtgraphswidgets_python.h
09-16 23:40:34.948 V/python  (16290): extracting _python_bundle/site-packages/PySide6/include/QtGui/
09-16 23:40:34.948 V/python  (16290): extracting _python_bundle/site-packages/PySide6/include/QtGui/pyside6_qtgui_python.h
09-16 23:40:34.949 V/python  (16290): extracting _python_bundle/site-packages/PySide6/include/QtGui/qpytextobject.h
09-16 23:40:34.949 V/python  (16290): extracting _python_bundle/site-packages/PySide6/include/QtGui/qtguihelper.h
09-16 23:40:34.950 V/python  (16290): extracting _python_bundle/site-packages/PySide6/include/QtHelp/
09-16 23:40:34.950 V/python  (16290): extracting _python_bundle/site-packages/PySide6/include/QtHelp/pyside6_qthelp_python.h
09-16 23:40:34.950 V/python  (16290): extracting _python_bundle/site-packages/PySide6/include/QtHttpServer/
09-16 23:40:34.951 V/python  (16290): extracting _python_bundle/site-packages/PySide6/include/QtHttpServer/pyside6_qthttpserver_python.h
09-16 23:40:34.951 V/python  (16290): extracting _python_bundle/site-packages/PySide6/include/QtLocation/
09-16 23:40:34.951 V/python  (16290): extracting _python_bundle/site-packages/PySide6/include/QtLocation/pyside6_qtlocation_python.h
09-16 23:40:34.952 V/python  (16290): extracting _python_bundle/site-packages/PySide6/include/QtMultimedia/
09-16 23:40:34.952 V/python  (16290): extracting _python_bundle/site-packages/PySide6/include/QtMultimedia/pyside6_qtmultimedia_python.h
09-16 23:40:34.952 V/python  (16290): extracting _python_bundle/site-packages/PySide6/include/QtMultimediaWidgets/
09-16 23:40:34.952 V/python  (16290): extracting _python_bundle/site-packages/PySide6/include/QtMultimediaWidgets/pyside6_qtmultimediawidgets_python.h
09-16 23:40:34.953 V/python  (16290): extracting _python_bundle/site-packages/PySide6/include/QtNetwork/
09-16 23:40:34.953 V/python  (16290): extracting _python_bundle/site-packages/PySide6/include/QtNetwork/pyside6_qtnetwork_python.h
09-16 23:40:34.954 V/python  (16290): extracting _python_bundle/site-packages/PySide6/include/QtNetworkAuth/
09-16 23:40:34.954 V/python  (16290): extracting _python_bundle/site-packages/PySide6/include/QtNetworkAuth/pyside6_qtnetworkauth_python.h
09-16 23:40:34.954 V/python  (16290): extracting _python_bundle/site-packages/PySide6/include/QtNfc/
09-16 23:40:34.955 V/python  (16290): extracting _python_bundle/site-packages/PySide6/include/QtNfc/pyside6_qtnfc_python.h
09-16 23:40:34.955 V/python  (16290): extracting _python_bundle/site-packages/PySide6/include/QtOpenGL/
09-16 23:40:34.955 V/python  (16290): extracting _python_bundle/site-packages/PySide6/include/QtOpenGL/pyside6_qtopengl_python.h
09-16 23:40:34.956 V/python  (16290): extracting _python_bundle/site-packages/PySide6/include/QtOpenGLWidgets/
09-16 23:40:34.956 V/python  (16290): extracting _python_bundle/site-packages/PySide6/include/QtOpenGLWidgets/pyside6_qtopenglwidgets_python.h
09-16 23:40:34.956 V/python  (16290): extracting _python_bundle/site-packages/PySide6/include/QtPdf/
09-16 23:40:34.957 V/python  (16290): extracting _python_bundle/site-packages/PySide6/include/QtPdf/pyside6_qtpdf_python.h
09-16 23:40:34.957 V/python  (16290): extracting _python_bundle/site-packages/PySide6/include/QtPdfWidgets/
09-16 23:40:34.957 V/python  (16290): extracting _python_bundle/site-packages/PySide6/include/QtPdfWidgets/pyside6_qtpdfwidgets_python.h
09-16 23:40:34.957 V/python  (16290): extracting _python_bundle/site-packages/PySide6/include/QtPositioning/
09-16 23:40:34.958 V/python  (16290): extracting _python_bundle/site-packages/PySide6/include/QtPositioning/pyside6_qtpositioning_python.h
09-16 23:40:34.958 V/python  (16290): extracting _python_bundle/site-packages/PySide6/include/QtPrintSupport/
09-16 23:40:34.958 V/python  (16290): extracting _python_bundle/site-packages/PySide6/include/QtPrintSupport/pyside6_qtprintsupport_python.h
09-16 23:40:34.959 V/python  (16290): extracting _python_bundle/site-packages/PySide6/include/QtQml/
09-16 23:40:34.959 V/python  (16290): extracting _python_bundle/site-packages/PySide6/include/QtQml/pyside6_qtqml_python.h
09-16 23:40:34.959 V/python  (16290): extracting _python_bundle/site-packages/PySide6/include/QtQuick/
09-16 23:40:34.959 V/python  (16290): extracting _python_bundle/site-packages/PySide6/include/QtQuick/pyside6_qtquick_python.h
09-16 23:40:34.960 V/python  (16290): extracting _python_bundle/site-packages/PySide6/include/QtQuick3D/
09-16 23:40:34.960 V/python  (16290): extracting _python_bundle/site-packages/PySide6/include/QtQuick3D/pyside6_qtquick3d_python.h
09-16 23:40:34.960 V/python  (16290): extracting _python_bundle/site-packages/PySide6/include/QtQuickControls2/
09-16 23:40:34.961 V/python  (16290): extracting _python_bundle/site-packages/PySide6/include/QtQuickControls2/pyside6_qtquickcontrols2_python.h
09-16 23:40:34.961 V/python  (16290): extracting _python_bundle/site-packages/PySide6/include/QtQuickTest/
09-16 23:40:34.961 V/python  (16290): extracting _python_bundle/site-packages/PySide6/include/QtQuickTest/pyside6_qtquicktest_python.h
09-16 23:40:34.961 V/python  (16290): extracting _python_bundle/site-packages/PySide6/include/QtQuickWidgets/
09-16 23:40:34.962 V/python  (16290): extracting _python_bundle/site-packages/PySide6/include/QtQuickWidgets/pyside6_qtquickwidgets_python.h
09-16 23:40:34.962 V/python  (16290): extracting _python_bundle/site-packages/PySide6/include/QtRemoteObjects/
09-16 23:40:34.962 V/python  (16290): extracting _python_bundle/site-packages/PySide6/include/QtRemoteObjects/pyside6_qtremoteobjects_python.h
09-16 23:40:34.963 V/python  (16290): extracting _python_bundle/site-packages/PySide6/include/QtScxml/
09-16 23:40:34.963 V/python  (16290): extracting _python_bundle/site-packages/PySide6/include/QtScxml/pyside6_qtscxml_python.h
09-16 23:40:34.963 V/python  (16290): extracting _python_bundle/site-packages/PySide6/include/QtSensors/
09-16 23:40:34.963 V/python  (16290): extracting _python_bundle/site-packages/PySide6/include/QtSensors/pyside6_qtsensors_python.h
09-16 23:40:34.964 V/python  (16290): extracting _python_bundle/site-packages/PySide6/include/QtSerialBus/
09-16 23:40:34.964 V/python  (16290): extracting _python_bundle/site-packages/PySide6/include/QtSerialBus/pyside6_qtserialbus_python.h
09-16 23:40:34.965 V/python  (16290): extracting _python_bundle/site-packages/PySide6/include/QtSerialPort/
09-16 23:40:34.965 V/python  (16290): extracting _python_bundle/site-packages/PySide6/include/QtSerialPort/pyside6_qtserialport_python.h
09-16 23:40:34.965 V/python  (16290): extracting _python_bundle/site-packages/PySide6/include/QtSpatialAudio/
09-16 23:40:34.965 V/python  (16290): extracting _python_bundle/site-packages/PySide6/include/QtSpatialAudio/pyside6_qtspatialaudio_python.h
09-16 23:40:34.966 V/python  (16290): extracting _python_bundle/site-packages/PySide6/include/QtSql/
09-16 23:40:34.966 V/python  (16290): extracting _python_bundle/site-packages/PySide6/include/QtSql/pyside6_qtsql_python.h
09-16 23:40:34.966 V/python  (16290): extracting _python_bundle/site-packages/PySide6/include/QtStateMachine/
09-16 23:40:34.967 V/python  (16290): extracting _python_bundle/site-packages/PySide6/include/QtStateMachine/pyside6_qtstatemachine_python.h
09-16 23:40:34.967 V/python  (16290): extracting _python_bundle/site-packages/PySide6/include/QtSvg/
09-16 23:40:34.967 V/python  (16290): extracting _python_bundle/site-packages/PySide6/include/QtSvg/pyside6_qtsvg_python.h
09-16 23:40:34.968 V/python  (16290): extracting _python_bundle/site-packages/PySide6/include/QtSvgWidgets/
09-16 23:40:34.968 I/HfLooper( 1192): sensor 33171111 = 140.000000 0.000000  40557374907059
09-16 23:40:34.968 I/HfLooper( 1192): sensor light = 35.277000 40557374907059
09-16 23:40:34.968 V/python  (16290): extracting _python_bundle/site-packages/PySide6/include/QtSvgWidgets/pyside6_qtsvgwidgets_python.h
09-16 23:40:34.968 V/python  (16290): extracting _python_bundle/site-packages/PySide6/include/QtTest/
09-16 23:40:34.968 I/libsensor-displayalgo( 1557): #### sensorDataCallback  value of event C:140.000000,R:0.000000,G:0.000000,B:0.000000,40557374907059, bl: 516
09-16 23:40:34.968 V/python  (16290): extracting _python_bundle/site-packages/PySide6/include/QtTest/pyside6_qttest_python.h
09-16 23:40:34.968 I/libsensor-displayalgo( 1557): input time 40557374907059 cwbtime:40555139735524, preInput time:40557319913506
09-16 23:40:34.969 I/libsensor-displayalgo( 1557): startCalculateLux: miui or fac not first
09-16 23:40:34.969 I/libsensor-displayalgo( 1557): #### startCalculateLux current input event time: 40557374907059 40557319913506
09-16 23:40:34.969 I/libsensor-displayalgo( 1557): #### value of  inputBrightness's brightness_51:516,preBrightness's brightness_51:516,lastPredictedLight :138.239596,brightnessDiff:0.000000,sensorDataDiff:0.000000
09-16 23:40:34.969 I/libsensor-displayalgo( 1557): #### inputBrightness's timestamp:40418240916747,value of brightness time diff:139133990312, index: 60
09-16 23:40:34.969 I/libsensor-displayalgo( 1557): #### inputSensorEventChanged: 1!!!
09-16 23:40:34.969 I/libsensor-displayalgo( 1557): getInputData start: input[0]:516.000000,inputBrightness.panel_1.brightness_51:0.000000
09-16 23:40:34.969 I/libsensor-displayalgo( 1557): getInputData end: input[0]:516.000000,inputBrightness.panel_1.brightness_51:0.000000
09-16 23:40:34.969 I/libsensor-displayalgo( 1557): alsAlgo: second panel
09-16 23:40:34.969 V/python  (16290): extracting _python_bundle/site-packages/PySide6/include/QtTextToSpeech/
09-16 23:40:34.969 V/python  (16290): extracting _python_bundle/site-packages/PySide6/include/QtTextToSpeech/pyside6_qttexttospeech_python.h
09-16 23:40:34.969 I/libsensor-displayalgo( 1557): CWB_ALS: model output raw: 2.126817 0.045986
09-16 23:40:34.969 I/libsensor-displayalgo( 1557): HSV RGB R= 18.224644,G= 18.224644,B= 18.224644
09-16 23:40:34.969 I/libsensor-displayalgo( 1557): HSV RGB maxValue:18.224644, minValue:18.224644
09-16 23:40:34.969 E/libsensor-displayalgo( 1557): the value of tmp1:372.440000 tmp 449.960000
09-16 23:40:34.969 I/libsensor-displayalgo( 1557): the value of ratio1 is 0.827718
09-16 23:40:34.969 E/libsensor-displayalgo( 1557): the value of tmp1:0.000000 tmp 0.000000
09-16 23:40:34.969 I/libsensor-displayalgo( 1557): the value of ratio1 is 1.000000
09-16 23:40:34.970 I/libsensor-displayalgo( 1557): Write:the value of channelCali ALS:1.8, IR:0.0, scales:1.000000, hsv:-1.000000
09-16 23:40:34.970 I/libsensor-displayalgo( 1557): the value of hsv: -1.000000
09-16 23:40:34.970 I/libsensor-displayalgo( 1557): the value of  ir: 0.000000  Coef: 23701.878000 19699.158000 12075.050000 12075.050000 
09-16 23:40:34.970 I/libsensor-displayalgo( 1557): the value of  REAL LUX 63.994884
09-16 23:40:34.970 D/libsensor-displayalgo( 1557): brightness:516.000000,flat_mode:1.000000,R1:0.000000,G1:0.000000,B1:0.000000,EVENT ALS:140.000000,IR:0.000000lux: 63.994884
09-16 23:40:34.970 I/libsensor-displayalgo( 1557): luxAges[0]=0.000000, index=1
09-16 23:40:34.970 I/libsensor-displayalgo( 1557): luxAges[1]=0.000000, index=2
09-16 23:40:34.970 I/libsensor-displayalgo( 1557): luxAges[2]=0.000000, index=3
09-16 23:40:34.970 I/libsensor-displayalgo( 1557): medianFilter[index]=63.994884 63.994884 63.994884
09-16 23:40:34.970 V/python  (16290): extracting _python_bundle/site-packages/PySide6/include/QtUiTools/
09-16 23:40:34.970 V/python  (16290): extracting _python_bundle/site-packages/PySide6/include/QtUiTools/pyside6_qtuitools_python.h
09-16 23:40:34.970 V/python  (16290): extracting _python_bundle/site-packages/PySide6/include/QtWebChannel/
09-16 23:40:34.970 V/python  (16290): extracting _python_bundle/site-packages/PySide6/include/QtWebChannel/pyside6_qtwebchannel_python.h
09-16 23:40:34.971 V/python  (16290): extracting _python_bundle/site-packages/PySide6/include/QtWebSockets/
09-16 23:40:34.971 V/python  (16290): extracting _python_bundle/site-packages/PySide6/include/QtWebSockets/pyside6_qtwebsockets_python.h
09-16 23:40:34.971 I/ActivityManager( 1956): unbindService com.android.server.am.ActiveServices@d157864 conn=android.os.BinderProxy@12c2cef callingPid=3473
09-16 23:40:34.971 V/python  (16290): extracting _python_bundle/site-packages/PySide6/include/QtWebView/
09-16 23:40:34.972 V/python  (16290): extracting _python_bundle/site-packages/PySide6/include/QtWebView/pyside6_qtwebview_python.h
09-16 23:40:34.972 V/python  (16290): extracting _python_bundle/site-packages/PySide6/include/QtWidgets/
09-16 23:40:34.972 D/BoundBrokerSvc( 3473): onUnbind: Intent { act=com.google.android.gms.feedback.internal.IFeedbackService dat=chimera-action:/... xflg=0x4 cmp=com.google.android.gms/.chimera.GmsBoundBrokerService }
09-16 23:40:34.973 V/python  (16290): extracting _python_bundle/site-packages/PySide6/include/QtWidgets/pyside6_qtwidgets_python.h
09-16 23:40:34.974 V/python  (16290): extracting _python_bundle/site-packages/PySide6/include/QtXml/
09-16 23:40:34.974 V/python  (16290): extracting _python_bundle/site-packages/PySide6/include/QtXml/pyside6_qtxml_python.h
09-16 23:40:34.975 V/python  (16290): extracting _python_bundle/site-packages/PySide6/include/class_property.h
09-16 23:40:34.975 V/python  (16290): extracting _python_bundle/site-packages/PySide6/include/dynamicqmetaobject.h
09-16 23:40:34.975 V/python  (16290): extracting _python_bundle/site-packages/PySide6/include/dynamicslot_p.h
09-16 23:40:34.976 V/python  (16290): extracting _python_bundle/site-packages/PySide6/include/feature_select.h
09-16 23:40:34.976 V/python  (16290): extracting _python_bundle/site-packages/PySide6/include/pyside.h
09-16 23:40:34.976 V/python  (16290): extracting _python_bundle/site-packages/PySide6/include/pyside6_global.h
09-16 23:40:34.977 V/python  (16290): extracting _python_bundle/site-packages/PySide6/include/pyside_numpy.h
09-16 23:40:34.977 I/ActivityManager( 1956): unbindService com.android.server.am.ActiveServices@d157864 conn=android.os.BinderProxy@27735a6 callingPid=3473
09-16 23:40:34.977 V/python  (16290): extracting _python_bundle/site-packages/PySide6/include/pyside_p.h
09-16 23:40:34.977 V/python  (16290): extracting _python_bundle/site-packages/PySide6/include/pysidecapsulemethod_p.h
09-16 23:40:34.978 V/python  (16290): extracting _python_bundle/site-packages/PySide6/include/pysideclassdecorator_p.h
09-16 23:40:34.978 V/python  (16290): extracting _python_bundle/site-packages/PySide6/include/pysideclassinfo.h
09-16 23:40:34.979 V/python  (16290): extracting _python_bundle/site-packages/PySide6/include/pysideclassinfo_p.h
09-16 23:40:34.979 V/python  (16290): extracting _python_bundle/site-packages/PySide6/include/pysidecleanup.h
09-16 23:40:34.980 V/python  (16290): extracting _python_bundle/site-packages/PySide6/include/pysidedynamicclass_p.h
09-16 23:40:34.980 V/python  (16290): extracting _python_bundle/site-packages/PySide6/include/pysidedynamiccommon_p.h
09-16 23:40:34.980 V/python  (16290): extracting _python_bundle/site-packages/PySide6/include/pysidedynamicenum_p.h
09-16 23:40:34.981 V/python  (16290): extracting _python_bundle/site-packages/PySide6/include/pysidedynamicpod_p.h
09-16 23:40:34.981 V/python  (16290): extracting _python_bundle/site-packages/PySide6/include/pysideglobals_p.h
09-16 23:40:34.981 V/python  (16290): extracting _python_bundle/site-packages/PySide6/include/pysideinit.h
09-16 23:40:34.981 V/python  (16290): extracting _python_bundle/site-packages/PySide6/include/pysidelogging_p.h
09-16 23:40:34.982 V/python  (16290): extracting _python_bundle/site-packages/PySide6/include/pysidemacros.h
09-16 23:40:34.982 V/python  (16290): extracting _python_bundle/site-packages/PySide6/include/pysidemetafunction.h
09-16 23:40:34.982 V/python  (16290): extracting _python_bundle/site-packages/PySide6/include/pysidemetafunction_p.h
09-16 23:40:34.983 V/python  (16290): extracting _python_bundle/site-packages/PySide6/include/pysidemetatype.h
09-16 23:40:34.983 V/python  (16290): extracting _python_bundle/site-packages/PySide6/include/pysideproperty.h
09-16 23:40:34.983 V/python  (16290): extracting _python_bundle/site-packages/PySide6/include/pysideproperty_p.h
09-16 23:40:34.984 V/python  (16290): extracting _python_bundle/site-packages/PySide6/include/pysidepropertybase_p.h
09-16 23:40:34.984 V/python  (16290): extracting _python_bundle/site-packages/PySide6/include/pysideqapp.h
09-16 23:40:34.984 V/python  (16290): extracting _python_bundle/site-packages/PySide6/include/pysideqenum.h
09-16 23:40:34.984 V/python  (16290): extracting _python_bundle/site-packages/PySide6/include/pysideqhash.h
09-16 23:40:34.985 V/python  (16290): extracting _python_bundle/site-packages/PySide6/include/pysideqml.h
09-16 23:40:34.985 V/python  (16290): extracting _python_bundle/site-packages/PySide6/include/pysideqmlattached.h
09-16 23:40:34.985 V/python  (16290): extracting _python_bundle/site-packages/PySide6/include/pysideqmlattached_p.h
09-16 23:40:34.985 V/python  (16290): extracting _python_bundle/site-packages/PySide6/include/pysideqmlextended_p.h
09-16 23:40:34.986 V/python  (16290): extracting _python_bundle/site-packages/PySide6/include/pysideqmlforeign_p.h
09-16 23:40:34.986 V/python  (16290): extracting _python_bundle/site-packages/PySide6/include/pysideqmllistproperty_p.h
09-16 23:40:34.986 V/python  (16290): extracting _python_bundle/site-packages/PySide6/include/pysideqmllistpropertymixin.h
09-16 23:40:34.986 V/python  (16290): extracting _python_bundle/site-packages/PySide6/include/pysideqmlmacros.h
09-16 23:40:34.987 V/python  (16290): extracting _python_bundle/site-packages/PySide6/include/pysideqmlmetacallerror_p.h
09-16 23:40:34.987 V/python  (16290): extracting _python_bundle/site-packages/PySide6/include/pysideqmlnamedelement_p.h
09-16 23:40:34.987 V/python  (16290): extracting _python_bundle/site-packages/PySide6/include/pysideqmlregistertype.h
09-16 23:40:34.987 V/python  (16290): extracting _python_bundle/site-packages/PySide6/include/pysideqmlregistertype_p.h
09-16 23:40:34.988 V/python  (16290): extracting _python_bundle/site-packages/PySide6/include/pysideqmltypeinfo_p.h
09-16 23:40:34.988 V/python  (16290): extracting _python_bundle/site-packages/PySide6/include/pysideqmluncreatable.h
09-16 23:40:34.988 V/python  (16290): extracting _python_bundle/site-packages/PySide6/include/pysideqobject.h
09-16 23:40:34.989 V/python  (16290): extracting _python_bundle/site-packages/PySide6/include/pysideqobject_p.h
09-16 23:40:34.989 V/python  (16290): extracting _python_bundle/site-packages/PySide6/include/pysideqslotobject_p.h
09-16 23:40:34.989 V/python  (16290): extracting _python_bundle/site-packages/PySide6/include/pysiderephandler_p.h
09-16 23:40:34.989 V/python  (16290): extracting _python_bundle/site-packages/PySide6/include/pysidesignal.h
09-16 23:40:34.990 V/python  (16290): extracting _python_bundle/site-packages/PySide6/include/pysidesignal_p.h
09-16 23:40:34.990 V/python  (16290): extracting _python_bundle/site-packages/PySide6/include/pysideslot_p.h
09-16 23:40:34.990 V/python  (16290): extracting _python_bundle/site-packages/PySide6/include/pysidestaticstrings.h
09-16 23:40:34.991 V/python  (16290): extracting _python_bundle/site-packages/PySide6/include/pysideutils.h
09-16 23:40:34.991 V/python  (16290): extracting _python_bundle/site-packages/PySide6/include/pysidevariantutils.h
09-16 23:40:34.991 V/python  (16290): extracting _python_bundle/site-packages/PySide6/include/pysideweakref.h
09-16 23:40:34.992 V/python  (16290): extracting _python_bundle/site-packages/PySide6/include/qobjectconnect.h
09-16 23:40:34.992 V/python  (16290): extracting _python_bundle/site-packages/PySide6/include/signalmanager.h
09-16 23:40:34.992 V/python  (16290): extracting _python_bundle/site-packages/PySide6/jar/
09-16 23:40:34.992 V/python  (16290): extracting _python_bundle/site-packages/PySide6/jar/Qt6Android.jar
09-16 23:40:34.999 V/python  (16290): extracting _python_bundle/site-packages/PySide6/jar/Qt6AndroidBindings.jar
09-16 23:40:34.999 V/python  (16290): extracting _python_bundle/site-packages/PySide6/jar/Qt6AndroidBluetooth.jar
09-16 23:40:35.001 V/python  (16290): extracting _python_bundle/site-packages/PySide6/jar/Qt6AndroidMultimedia.jar
09-16 23:40:35.004 V/python  (16290): extracting _python_bundle/site-packages/PySide6/jar/Qt6AndroidNetwork.jar
09-16 23:40:35.004 V/python  (16290): extracting _python_bundle/site-packages/PySide6/jar/Qt6AndroidNetworkInformationBackend.jar
09-16 23:40:35.005 V/python  (16290): extracting _python_bundle/site-packages/PySide6/jar/Qt6AndroidNfc.jar
09-16 23:40:35.005 V/python  (16290): extracting _python_bundle/site-packages/PySide6/jar/Qt6AndroidPositioning.jar
09-16 23:40:35.006 V/python  (16290): extracting _python_bundle/site-packages/PySide6/jar/Qt6AndroidQuick.jar
09-16 23:40:35.006 V/python  (16290): extracting _python_bundle/site-packages/PySide6/jar/Qt6AndroidTextToSpeech.jar
09-16 23:40:35.007 V/python  (16290): extracting _python_bundle/site-packages/PySide6/jar/Qt6AndroidWebView.jar
09-16 23:40:35.008 V/python  (16290): extracting _python_bundle/site-packages/PySide6/lib/cmake/
09-16 23:40:35.009 V/python  (16290): extracting _python_bundle/site-packages/PySide6/lib/cmake/PySide6/
09-16 23:40:35.009 V/python  (16290): extracting _python_bundle/site-packages/PySide6/lib/cmake/PySide6/PySide6Config.abi3.cmake
09-16 23:40:35.009 V/python  (16290): extracting _python_bundle/site-packages/PySide6/lib/cmake/PySide6/PySide6Config.cmake
09-16 23:40:35.009 V/python  (16290): extracting _python_bundle/site-packages/PySide6/lib/cmake/PySide6/PySide6ConfigVersion.cmake
09-16 23:40:35.010 V/python  (16290): extracting _python_bundle/site-packages/PySide6/lib/cmake/PySide6/PySide6Targets-release.cmake
09-16 23:40:35.010 V/python  (16290): extracting _python_bundle/site-packages/PySide6/lib/cmake/PySide6/PySide6Targets.cmake
09-16 23:40:35.010 V/python  (16290): extracting _python_bundle/site-packages/PySide6/libpyside6.abi3.so
09-16 23:40:35.016 V/python  (16290): extracting _python_bundle/site-packages/PySide6/libpyside6qml.abi3.so
09-16 23:40:35.018 V/python  (16290): extracting _python_bundle/site-packages/PySide6/py.typed
09-16 23:40:35.019 V/python  (16290): extracting _python_bundle/site-packages/PySide6/support/
09-16 23:40:35.019 V/python  (16290): extracting _python_bundle/site-packages/PySide6/support/__init__.pyc
09-16 23:40:35.019 V/python  (16290): extracting _python_bundle/site-packages/PySide6/support/deprecated.pyc
09-16 23:40:35.020 V/python  (16290): extracting _python_bundle/site-packages/PySide6/support/generate_pyi.pyc
09-16 23:40:35.020 V/python  (16290): extracting _python_bundle/site-packages/pyside6-6.11.2.dist-info/
09-16 23:40:35.020 V/python  (16290): extracting _python_bundle/site-packages/pyside6-6.11.2.dist-info/METADATA
09-16 23:40:35.021 V/python  (16290): extracting _python_bundle/site-packages/pyside6-6.11.2.dist-info/RECORD
09-16 23:40:35.023 I/HfLooper( 1192): sensor 33171111 = 140.000000 0.000000  40557429899967
09-16 23:40:35.023 I/HfLooper( 1192): sensor light = 35.277000 40557429899967
09-16 23:40:35.023 I/libsensor-displayalgo( 1557): #### sensorDataCallback  value of event C:140.000000,R:0.000000,G:0.000000,B:0.000000,40557429899967, bl: 516
09-16 23:40:35.024 I/libsensor-displayalgo( 1557): input time 40557429899967 cwbtime:40555139735524, preInput time:40557374907059
09-16 23:40:35.024 I/libsensor-displayalgo( 1557): startCalculateLux: miui or fac not first
09-16 23:40:35.024 I/libsensor-displayalgo( 1557): #### startCalculateLux current input event time: 40557429899967 40557374907059
09-16 23:40:35.024 I/libsensor-displayalgo( 1557): #### value of  inputBrightness's brightness_51:516,preBrightness's brightness_51:516,lastPredictedLight :138.239596,brightnessDiff:0.000000,sensorDataDiff:0.000000
09-16 23:40:35.024 I/libsensor-displayalgo( 1557): #### inputBrightness's timestamp:40418240916747,value of brightness time diff:139188983220, index: 60
09-16 23:40:35.024 I/libsensor-displayalgo( 1557): #### inputSensorEventChanged: 1!!!
09-16 23:40:35.024 I/libsensor-displayalgo( 1557): getInputData start: input[0]:516.000000,inputBrightness.panel_1.brightness_51:0.000000
09-16 23:40:35.024 I/libsensor-displayalgo( 1557): getInputData end: input[0]:516.000000,inputBrightness.panel_1.brightness_51:0.000000
09-16 23:40:35.024 I/libsensor-displayalgo( 1557): alsAlgo: second panel
09-16 23:40:35.024 I/libsensor-displayalgo( 1557): CWB_ALS: model output raw: 2.126817 0.045986
09-16 23:40:35.024 I/libsensor-displayalgo( 1557): HSV RGB R= 18.224644,G= 18.224644,B= 18.224644
09-16 23:40:35.025 I/libsensor-displayalgo( 1557): HSV RGB maxValue:18.224644, minValue:18.224644
09-16 23:40:35.025 E/libsensor-displayalgo( 1557): the value of tmp1:372.440000 tmp 449.960000
09-16 23:40:35.025 I/libsensor-displayalgo( 1557): the value of ratio1 is 0.827718
09-16 23:40:35.025 E/libsensor-displayalgo( 1557): the value of tmp1:0.000000 tmp 0.000000
09-16 23:40:35.025 I/libsensor-displayalgo( 1557): the value of ratio1 is 1.000000
09-16 23:40:35.025 I/libsensor-displayalgo( 1557): Write:the value of channelCali ALS:1.8, IR:0.0, scales:1.000000, hsv:-1.000000
09-16 23:40:35.025 I/libsensor-displayalgo( 1557): the value of hsv: -1.000000
09-16 23:40:35.025 I/libsensor-displayalgo( 1557): the value of  ir: 0.000000  Coef: 23701.878000 19699.158000 12075.050000 12075.050000 
09-16 23:40:35.025 I/libsensor-displayalgo( 1557): the value of  REAL LUX 63.994884
09-16 23:40:35.025 D/libsensor-displayalgo( 1557): brightness:516.000000,flat_mode:1.000000,R1:0.000000,G1:0.000000,B1:0.000000,EVENT ALS:140.000000,IR:0.000000lux: 63.994884
09-16 23:40:35.025 I/libsensor-displayalgo( 1557): luxAges[0]=0.000000, index=2
09-16 23:40:35.025 I/libsensor-displayalgo( 1557): luxAges[1]=0.000000, index=3
09-16 23:40:35.025 I/libsensor-displayalgo( 1557): luxAges[2]=0.000000, index=1
09-16 23:40:35.025 I/libsensor-displayalgo( 1557): medianFilter[index]=63.994884 63.994884 63.994884
09-16 23:40:35.027 V/python  (16290): extracting _python_bundle/site-packages/pyside6-6.11.2.dist-info/WHEEL
09-16 23:40:35.027 V/python  (16290): extracting _python_bundle/site-packages/pyside6-6.11.2.dist-info/top_level.txt
09-16 23:40:35.028 V/python  (16290): extracting _python_bundle/site-packages/shiboken6-6.11.2.dist-info/
09-16 23:40:35.028 V/python  (16290): extracting _python_bundle/site-packages/shiboken6-6.11.2.dist-info/METADATA
09-16 23:40:35.028 V/python  (16290): extracting _python_bundle/site-packages/shiboken6-6.11.2.dist-info/RECORD
09-16 23:40:35.029 V/python  (16290): extracting _python_bundle/site-packages/shiboken6-6.11.2.dist-info/WHEEL
09-16 23:40:35.029 V/python  (16290): extracting _python_bundle/site-packages/shiboken6-6.11.2.dist-info/top_level.txt
09-16 23:40:35.029 V/python  (16290): extracting _python_bundle/site-packages/shiboken6/
09-16 23:40:35.030 V/python  (16290): extracting _python_bundle/site-packages/shiboken6/Shiboken.abi3.so
09-16 23:40:35.031 V/python  (16290): extracting _python_bundle/site-packages/shiboken6/Shiboken.pyi
09-16 23:40:35.031 V/python  (16290): extracting _python_bundle/site-packages/shiboken6/__init__.pyc
09-16 23:40:35.032 V/python  (16290): extracting _python_bundle/site-packages/shiboken6/_config.pyc
09-16 23:40:35.032 V/python  (16290): extracting _python_bundle/site-packages/shiboken6/_git_shiboken_module_version.pyc
09-16 23:40:35.032 V/python  (16290): extracting _python_bundle/site-packages/shiboken6/include/
09-16 23:40:35.032 V/python  (16290): extracting _python_bundle/site-packages/shiboken6/include/autodecref.h
09-16 23:40:35.033 V/python  (16290): extracting _python_bundle/site-packages/shiboken6/include/basewrapper.h
09-16 23:40:35.033 V/python  (16290): extracting _python_bundle/site-packages/shiboken6/include/basewrapper_p.h
09-16 23:40:35.034 V/python  (16290): extracting _python_bundle/site-packages/shiboken6/include/bindingmanager.h
09-16 23:40:35.034 V/python  (16290): extracting _python_bundle/site-packages/shiboken6/include/bufferprocs_py37.h
09-16 23:40:35.034 V/python  (16290): extracting _python_bundle/site-packages/shiboken6/include/gilstate.h
09-16 23:40:35.035 V/python  (16290): extracting _python_bundle/site-packages/shiboken6/include/helper.h
09-16 23:40:35.035 V/python  (16290): extracting _python_bundle/site-packages/shiboken6/include/pep384ext.h
09-16 23:40:35.036 V/python  (16290): extracting _python_bundle/site-packages/shiboken6/include/pep384impl.h
09-16 23:40:35.036 V/python  (16290): extracting _python_bundle/site-packages/shiboken6/include/pyobjectholder.h
09-16 23:40:35.037 V/python  (16290): extracting _python_bundle/site-packages/shiboken6/include/sbkarrayconverter.h
09-16 23:40:35.037 V/python  (16290): extracting _python_bundle/site-packages/shiboken6/include/sbkbindingutils.h
09-16 23:40:35.037 V/python  (16290): extracting _python_bundle/site-packages/shiboken6/include/sbkcontainer.h
09-16 23:40:35.038 V/python  (16290): extracting _python_bundle/site-packages/shiboken6/include/sbkconverter.h
09-16 23:40:35.039 V/python  (16290): extracting _python_bundle/site-packages/shiboken6/include/sbkcppstring.h
09-16 23:40:35.041 V/python  (16290): extracting _python_bundle/site-packages/shiboken6/include/sbkcpptonumpy.h
09-16 23:40:35.042 V/python  (16290): extracting _python_bundle/site-packages/shiboken6/include/sbkdestructorentry.h
09-16 23:40:35.042 V/python  (16290): extracting _python_bundle/site-packages/shiboken6/include/sbkenum.h
09-16 23:40:35.043 V/python  (16290): extracting _python_bundle/site-packages/shiboken6/include/sbkenum_p.h
09-16 23:40:35.043 V/python  (16290): extracting _python_bundle/site-packages/shiboken6/include/sbkerrors.h
09-16 23:40:35.044 V/python  (16290): extracting _python_bundle/site-packages/shiboken6/include/sbkfeature_base.h
09-16 23:40:35.044 V/python  (16290): extracting _python_bundle/site-packages/shiboken6/include/sbkmodule.h
09-16 23:40:35.044 V/python  (16290): extracting _python_bundle/site-packages/shiboken6/include/sbkmodule_p.h
09-16 23:40:35.045 V/python  (16290): extracting _python_bundle/site-packages/shiboken6/include/sbknumpycheck.h
09-16 23:40:35.045 V/python  (16290): extracting _python_bundle/site-packages/shiboken6/include/sbknumpyview.h
09-16 23:40:35.045 V/python  (16290): extracting _python_bundle/site-packages/shiboken6/include/sbkpep.h
09-16 23:40:35.046 V/python  (16290): extracting _python_bundle/site-packages/shiboken6/include/sbkpepbuffer.h
09-16 23:40:35.046 V/python  (16290): extracting _python_bundle/site-packages/shiboken6/include/sbkpython.h
09-16 23:40:35.046 V/python  (16290): extracting _python_bundle/site-packages/shiboken6/include/sbksmartpointer.h
09-16 23:40:35.046 V/python  (16290): extracting _python_bundle/site-packages/shiboken6/include/sbkstaticstrings.h
09-16 23:40:35.047 V/python  (16290): extracting _python_bundle/site-packages/shiboken6/include/sbkstring.h
09-16 23:40:35.047 V/python  (16290): extracting _python_bundle/site-packages/shiboken6/include/sbktypefactory.h
09-16 23:40:35.047 V/python  (16290): extracting _python_bundle/site-packages/shiboken6/include/sbkversion.h
09-16 23:40:35.048 V/python  (16290): extracting _python_bundle/site-packages/shiboken6/include/sbkwindows.h
09-16 23:40:35.048 V/python  (16290): extracting _python_bundle/site-packages/shiboken6/include/shiboken.h
09-16 23:40:35.048 V/python  (16290): extracting _python_bundle/site-packages/shiboken6/include/shibokenbuffer.h
09-16 23:40:35.048 V/python  (16290): extracting _python_bundle/site-packages/shiboken6/include/shibokenmacros.h
09-16 23:40:35.049 V/python  (16290): extracting _python_bundle/site-packages/shiboken6/include/signature.h
09-16 23:40:35.049 V/python  (16290): extracting _python_bundle/site-packages/shiboken6/include/signature_p.h
09-16 23:40:35.049 V/python  (16290): extracting _python_bundle/site-packages/shiboken6/include/threadstatesaver.h
09-16 23:40:35.050 V/python  (16290): extracting _python_bundle/site-packages/shiboken6/include/voidptr.h
09-16 23:40:35.050 V/python  (16290): extracting _python_bundle/site-packages/shiboken6/lib/cmake/
09-16 23:40:35.050 V/python  (16290): extracting _python_bundle/site-packages/shiboken6/lib/cmake/Shiboken6/
09-16 23:40:35.051 V/python  (16290): extracting _python_bundle/site-packages/shiboken6/lib/cmake/Shiboken6/Shiboken6Config.abi3.cmake
09-16 23:40:35.051 V/python  (16290): extracting _python_bundle/site-packages/shiboken6/lib/cmake/Shiboken6/Shiboken6Config.cmake
09-16 23:40:35.051 V/python  (16290): extracting _python_bundle/site-packages/shiboken6/lib/cmake/Shiboken6/Shiboken6ConfigVersion.cmake
09-16 23:40:35.052 V/python  (16290): extracting _python_bundle/site-packages/shiboken6/lib/cmake/Shiboken6/Shiboken6Targets-release.cmake
09-16 23:40:35.052 V/python  (16290): extracting _python_bundle/site-packages/shiboken6/lib/cmake/Shiboken6/Shiboken6Targets.cmake
09-16 23:40:35.052 V/python  (16290): extracting _python_bundle/site-packages/shiboken6/lib/cmake/Shiboken6/ShibokenHelpers.cmake
09-16 23:40:35.053 V/python  (16290): extracting _python_bundle/site-packages/shiboken6/libshiboken6.abi3.so
09-16 23:40:35.063 V/python  (16290): extracting _python_bundle/site-packages/shiboken6/py.typed
09-16 23:40:35.064 V/python  (16290): extracting _python_bundle/stdlib.zip
09-16 23:40:35.077 I/HfLooper( 1192): sensor 33171111 = 140.000000 0.000000  40557484922136
09-16 23:40:35.078 I/HfLooper( 1192): sensor light = 35.277000 40557484922136
09-16 23:40:35.078 I/libsensor-displayalgo( 1557): #### sensorDataCallback  value of event C:140.000000,R:0.000000,G:0.000000,B:0.000000,40557484922136, bl: 516
09-16 23:40:35.079 I/libsensor-displayalgo( 1557): input time 40557484922136 cwbtime:40555139735524, preInput time:40557429899967
09-16 23:40:35.079 I/libsensor-displayalgo( 1557): startCalculateLux: miui or fac not first
09-16 23:40:35.079 I/libsensor-displayalgo( 1557): #### startCalculateLux current input event time: 40557484922136 40557429899967
09-16 23:40:35.079 I/libsensor-displayalgo( 1557): #### value of  inputBrightness's brightness_51:516,preBrightness's brightness_51:516,lastPredictedLight :138.239596,brightnessDiff:0.000000,sensorDataDiff:0.000000
09-16 23:40:35.079 I/libsensor-displayalgo( 1557): #### inputBrightness's timestamp:40418240916747,value of brightness time diff:139244005389, index: 60
09-16 23:40:35.079 I/libsensor-displayalgo( 1557): #### inputSensorEventChanged: 1!!!
09-16 23:40:35.079 I/libsensor-displayalgo( 1557): getInputData start: input[0]:516.000000,inputBrightness.panel_1.brightness_51:0.000000
09-16 23:40:35.079 I/libsensor-displayalgo( 1557): getInputData end: input[0]:516.000000,inputBrightness.panel_1.brightness_51:0.000000
09-16 23:40:35.079 I/libsensor-displayalgo( 1557): alsAlgo: second panel
09-16 23:40:35.079 I/libsensor-displayalgo( 1557): CWB_ALS: model output raw: 2.126817 0.045986
09-16 23:40:35.079 I/libsensor-displayalgo( 1557): HSV RGB R= 18.224644,G= 18.224644,B= 18.224644
09-16 23:40:35.079 I/libsensor-displayalgo( 1557): HSV RGB maxValue:18.224644, minValue:18.224644
09-16 23:40:35.079 E/libsensor-displayalgo( 1557): the value of tmp1:372.440000 tmp 449.960000
09-16 23:40:35.079 I/libsensor-displayalgo( 1557): the value of ratio1 is 0.827718
09-16 23:40:35.079 E/libsensor-displayalgo( 1557): the value of tmp1:0.000000 tmp 0.000000
09-16 23:40:35.079 I/libsensor-displayalgo( 1557): the value of ratio1 is 1.000000
09-16 23:40:35.080 I/libsensor-displayalgo( 1557): Write:the value of channelCali ALS:1.8, IR:0.0, scales:1.000000, hsv:-1.000000
09-16 23:40:35.080 I/libsensor-displayalgo( 1557): the value of hsv: -1.000000
09-16 23:40:35.080 I/libsensor-displayalgo( 1557): the value of  ir: 0.000000  Coef: 23701.878000 19699.158000 12075.050000 12075.050000 
09-16 23:40:35.080 I/libsensor-displayalgo( 1557): the value of  REAL LUX 63.994884
09-16 23:40:35.080 D/libsensor-displayalgo( 1557): brightness:516.000000,flat_mode:1.000000,R1:0.000000,G1:0.000000,B1:0.000000,EVENT ALS:140.000000,IR:0.000000lux: 63.994884
09-16 23:40:35.080 I/libsensor-displayalgo( 1557): luxAges[0]=0.000000, index=3
09-16 23:40:35.080 I/libsensor-displayalgo( 1557): luxAges[1]=0.000000, index=1
09-16 23:40:35.080 I/libsensor-displayalgo( 1557): luxAges[2]=0.000000, index=2
09-16 23:40:35.080 I/libsensor-displayalgo( 1557): medianFilter[index]=63.994884 63.994884 63.994884
09-16 23:40:35.132 I/HfLooper( 1192): sensor 33171111 = 140.000000 0.000000  40557539915415
09-16 23:40:35.133 I/HfLooper( 1192): sensor light = 35.277000 40557539915415
09-16 23:40:35.133 I/libsensor-displayalgo( 1557): #### sensorDataCallback  value of event C:140.000000,R:0.000000,G:0.000000,B:0.000000,40557539915415, bl: 516
09-16 23:40:35.134 I/libsensor-displayalgo( 1557): input time 40557539915415 cwbtime:40555139735524, preInput time:40557484922136
09-16 23:40:35.134 I/libsensor-displayalgo( 1557): startCalculateLux: miui or fac not first
09-16 23:40:35.134 I/libsensor-displayalgo( 1557): #### startCalculateLux current input event time: 40557539915415 40557484922136
09-16 23:40:35.134 I/libsensor-displayalgo( 1557): #### value of  inputBrightness's brightness_51:516,preBrightness's brightness_51:516,lastPredictedLight :138.239596,brightnessDiff:0.000000,sensorDataDiff:0.000000
09-16 23:40:35.134 I/libsensor-displayalgo( 1557): #### inputBrightness's timestamp:40418240916747,value of brightness time diff:139298998668, index: 60
09-16 23:40:35.134 I/libsensor-displayalgo( 1557): #### inputSensorEventChanged: 1!!!
09-16 23:40:35.134 I/libsensor-displayalgo( 1557): getInputData start: input[0]:516.000000,inputBrightness.panel_1.brightness_51:0.000000
09-16 23:40:35.134 I/libsensor-displayalgo( 1557): getInputData end: input[0]:516.000000,inputBrightness.panel_1.brightness_51:0.000000
09-16 23:40:35.134 I/libsensor-displayalgo( 1557): alsAlgo: second panel
09-16 23:40:35.134 I/libsensor-displayalgo( 1557): CWB_ALS: model output raw: 2.126817 0.045986
09-16 23:40:35.135 I/libsensor-displayalgo( 1557): HSV RGB R= 18.224644,G= 18.224644,B= 18.224644
09-16 23:40:35.135 I/libsensor-displayalgo( 1557): HSV RGB maxValue:18.224644, minValue:18.224644
09-16 23:40:35.135 E/libsensor-displayalgo( 1557): the value of tmp1:372.440000 tmp 449.960000
09-16 23:40:35.135 I/libsensor-displayalgo( 1557): the value of ratio1 is 0.827718
09-16 23:40:35.135 E/libsensor-displayalgo( 1557): the value of tmp1:0.000000 tmp 0.000000
09-16 23:40:35.135 I/libsensor-displayalgo( 1557): the value of ratio1 is 1.000000
09-16 23:40:35.135 I/libsensor-displayalgo( 1557): Write:the value of channelCali ALS:1.8, IR:0.0, scales:1.000000, hsv:-1.000000
09-16 23:40:35.135 I/libsensor-displayalgo( 1557): the value of hsv: -1.000000
09-16 23:40:35.135 I/libsensor-displayalgo( 1557): the value of  ir: 0.000000  Coef: 23701.878000 19699.158000 12075.050000 12075.050000 
09-16 23:40:35.135 I/libsensor-displayalgo( 1557): the value of  REAL LUX 63.994884
09-16 23:40:35.135 D/libsensor-displayalgo( 1557): brightness:516.000000,flat_mode:1.000000,R1:0.000000,G1:0.000000,B1:0.000000,EVENT ALS:140.000000,IR:0.000000lux: 63.994884
09-16 23:40:35.135 I/libsensor-displayalgo( 1557): luxAges[0]=0.000000, index=1
09-16 23:40:35.135 I/libsensor-displayalgo( 1557): luxAges[1]=0.000000, index=2
09-16 23:40:35.135 I/libsensor-displayalgo( 1557): luxAges[2]=0.000000, index=3
09-16 23:40:35.135 I/libsensor-displayalgo( 1557): medianFilter[index]=63.994884 63.994884 63.994884
09-16 23:40:35.188 I/HfLooper( 1192): sensor 33171111 = 140.000000 0.000000  40557594909189
09-16 23:40:35.188 I/HfLooper( 1192): sensor light = 35.277000 40557594909189
09-16 23:40:35.189 I/libsensor-displayalgo( 1557): #### sensorDataCallback  value of event C:140.000000,R:0.000000,G:0.000000,B:0.000000,40557594909189, bl: 516
09-16 23:40:35.189 I/libsensor-displayalgo( 1557): input time 40557594909189 cwbtime:40555139735524, preInput time:40557539915415
09-16 23:40:35.189 I/libsensor-displayalgo( 1557): startCalculateLux: miui or fac not first
09-16 23:40:35.189 I/libsensor-displayalgo( 1557): #### startCalculateLux current input event time: 40557594909189 40557539915415
09-16 23:40:35.189 I/libsensor-displayalgo( 1557): #### value of  inputBrightness's brightness_51:516,preBrightness's brightness_51:516,lastPredictedLight :138.239596,brightnessDiff:0.000000,sensorDataDiff:0.000000
09-16 23:40:35.189 I/libsensor-displayalgo( 1557): #### inputBrightness's timestamp:40418240916747,value of brightness time diff:139353992442, index: 60
09-16 23:40:35.190 I/libsensor-displayalgo( 1557): #### inputSensorEventChanged: 1!!!
09-16 23:40:35.190 I/libsensor-displayalgo( 1557): getInputData start: input[0]:516.000000,inputBrightness.panel_1.brightness_51:0.000000
09-16 23:40:35.190 I/libsensor-displayalgo( 1557): getInputData end: input[0]:516.000000,inputBrightness.panel_1.brightness_51:0.000000
09-16 23:40:35.190 I/libsensor-displayalgo( 1557): alsAlgo: second panel
09-16 23:40:35.191 I/libsensor-displayalgo( 1557): CWB_ALS: model output raw: 2.126817 0.045986
09-16 23:40:35.191 I/libsensor-displayalgo( 1557): HSV RGB R= 18.224644,G= 18.224644,B= 18.224644
09-16 23:40:35.191 I/libsensor-displayalgo( 1557): HSV RGB maxValue:18.224644, minValue:18.224644
09-16 23:40:35.191 E/libsensor-displayalgo( 1557): the value of tmp1:372.440000 tmp 449.960000
09-16 23:40:35.191 I/libsensor-displayalgo( 1557): the value of ratio1 is 0.827718
09-16 23:40:35.191 E/libsensor-displayalgo( 1557): the value of tmp1:0.000000 tmp 0.000000
09-16 23:40:35.191 I/libsensor-displayalgo( 1557): the value of ratio1 is 1.000000
09-16 23:40:35.191 I/libsensor-displayalgo( 1557): Write:the value of channelCali ALS:1.8, IR:0.0, scales:1.000000, hsv:-1.000000
09-16 23:40:35.191 I/libsensor-displayalgo( 1557): the value of hsv: -1.000000
09-16 23:40:35.191 I/libsensor-displayalgo( 1557): the value of  ir: 0.000000  Coef: 23701.878000 19699.158000 12075.050000 12075.050000 
09-16 23:40:35.191 I/libsensor-displayalgo( 1557): the value of  REAL LUX 63.994884
09-16 23:40:35.191 D/libsensor-displayalgo( 1557): brightness:516.000000,flat_mode:1.000000,R1:0.000000,G1:0.000000,B1:0.000000,EVENT ALS:140.000000,IR:0.000000lux: 63.994884
09-16 23:40:35.191 I/libsensor-displayalgo( 1557): luxAges[0]=0.000000, index=2
09-16 23:40:35.191 I/libsensor-displayalgo( 1557): luxAges[1]=0.000000, index=3
09-16 23:40:35.191 I/libsensor-displayalgo( 1557): luxAges[2]=0.000000, index=1
09-16 23:40:35.192 I/libsensor-displayalgo( 1557): medianFilter[index]=63.994884 63.994884 63.994884
09-16 23:40:35.202 V/Python  (16290): Device: spinel
09-16 23:40:35.202 V/Python  (16290): Model: 2510DRA23E
09-16 23:40:35.203 V/PythonActivity(16290): Setting env vars for start.c and Python to use
09-16 23:40:35.203 V/PythonActivity(16290): About to do super onCreate
09-16 23:40:35.229 D/nativeloader(16290): Load /data/app/~~P4o3DxoGPZZypdbe360bYA==/org.amarplayer.amarplayer-bA8ZyggvV6twuKy0HlmF0g==/lib/arm64/libc++_shared.so using class loader ns clns-10 (caller=/data/app/~~P4o3DxoGPZZypdbe360bYA==/org.amarplayer.amarplayer-bA8ZyggvV6twuKy0HlmF0g==/base.apk): ok
09-16 23:40:35.238 D/HyperStabilitySdkService( 1956): checkDmabufStatus done, exceedLimitsList:[], totalDmabufSize:0
09-16 23:40:35.242 I/HfLooper( 1192): sensor 33171111 = 139.000000 0.000000  40557649900352
09-16 23:40:35.243 I/HfLooper( 1192): sensor light = 35.277000 40557649900352
09-16 23:40:35.243 I/libsensor-displayalgo( 1557): #### sensorDataCallback  value of event C:139.000000,R:0.000000,G:0.000000,B:0.000000,40557649900352, bl: 516
09-16 23:40:35.244 I/libsensor-displayalgo( 1557): input time 40557649900352 cwbtime:40555139735524, preInput time:40557594909189
09-16 23:40:35.244 I/libsensor-displayalgo( 1557): startCalculateLux: miui or fac not first
09-16 23:40:35.244 I/libsensor-displayalgo( 1557): #### startCalculateLux current input event time: 40557649900352 40557594909189
09-16 23:40:35.244 I/libsensor-displayalgo( 1557): #### value of  inputBrightness's brightness_51:516,preBrightness's brightness_51:516,lastPredictedLight :138.239596,brightnessDiff:0.000000,sensorDataDiff:0.568051
09-16 23:40:35.244 I/libsensor-displayalgo( 1557): #### inputBrightness's timestamp:40418240916747,value of brightness time diff:139408983605, index: 60
09-16 23:40:35.244 I/libsensor-displayalgo( 1557): #### inputSensorEventChanged: 1!!!
09-16 23:40:35.244 I/libsensor-displayalgo( 1557): getInputData start: input[0]:516.000000,inputBrightness.panel_1.brightness_51:0.000000
09-16 23:40:35.244 I/libsensor-displayalgo( 1557): getInputData end: input[0]:516.000000,inputBrightness.panel_1.brightness_51:0.000000
09-16 23:40:35.244 I/libsensor-displayalgo( 1557): alsAlgo: second panel
09-16 23:40:35.244 I/libsensor-displayalgo( 1557): CWB_ALS: model output raw: 2.126817 0.045986
09-16 23:40:35.244 I/libsensor-displayalgo( 1557): HSV RGB R= 18.224644,G= 18.224644,B= 18.224644
09-16 23:40:35.244 I/libsensor-displayalgo( 1557): HSV RGB maxValue:18.224644, minValue:18.224644
09-16 23:40:35.244 E/libsensor-displayalgo( 1557): the value of tmp1:372.440000 tmp 449.960000
09-16 23:40:35.244 I/libsensor-displayalgo( 1557): the value of ratio1 is 0.827718
09-16 23:40:35.244 E/libsensor-displayalgo( 1557): the value of tmp1:0.000000 tmp 0.000000
09-16 23:40:35.244 I/libsensor-displayalgo( 1557): the value of ratio1 is 1.000000
09-16 23:40:35.244 I/libsensor-displayalgo( 1557): Write:the value of channelCali ALS:1.8, IR:0.0, scales:1.000000, hsv:-1.000000
09-16 23:40:35.244 I/libsensor-displayalgo( 1557): the value of hsv: -1.000000
09-16 23:40:35.244 I/libsensor-displayalgo( 1557): the value of  ir: 0.000000  Coef: 23701.878000 19699.158000 12075.050000 12075.050000 
09-16 23:40:35.244 I/libsensor-displayalgo( 1557): the value of  REAL LUX 63.531960
09-16 23:40:35.244 D/libsensor-displayalgo( 1557): brightness:516.000000,flat_mode:1.000000,R1:0.000000,G1:0.000000,B1:0.000000,EVENT ALS:139.000000,IR:0.000000lux: 63.531960
09-16 23:40:35.245 I/libsensor-displayalgo( 1557): luxAges[0]=0.000000, index=3
09-16 23:40:35.245 I/libsensor-displayalgo( 1557): luxAges[1]=0.000000, index=1
09-16 23:40:35.245 I/libsensor-displayalgo( 1557): luxAges[2]=0.000000, index=2
09-16 23:40:35.245 I/libsensor-displayalgo( 1557): medianFilter[index]=63.531960 63.994884 63.994884
09-16 23:40:35.251 D/nativeloader(16290): Load /data/app/~~P4o3DxoGPZZypdbe360bYA==/org.amarplayer.amarplayer-bA8ZyggvV6twuKy0HlmF0g==/lib/arm64/libQt6Gui_arm64-v8a.so using class loader ns clns-10 (caller=/data/app/~~P4o3DxoGPZZypdbe360bYA==/org.amarplayer.amarplayer-bA8ZyggvV6twuKy0HlmF0g==/base.apk): ok
09-16 23:40:35.251 I/QtCore  (16290): Start
09-16 23:40:35.258 D/nativeloader(16290): Load /data/app/~~P4o3DxoGPZZypdbe360bYA==/org.amarplayer.amarplayer-bA8ZyggvV6twuKy0HlmF0g==/lib/arm64/libQt6Multimedia_arm64-v8a.so using class loader ns clns-10 (caller=/data/app/~~P4o3DxoGPZZypdbe360bYA==/org.amarplayer.amarplayer-bA8ZyggvV6twuKy0HlmF0g==/base.apk): ok
09-16 23:40:35.260 D/AudioSystem(16290): onNewServiceWithAdapter: media.audio_flinger service obtained 0xb400007670a6e8b0
09-16 23:40:35.261 V/audio_utils::mutex( 1259): mutex_impl: audio_mutex initialized: ret:0  order:21
09-16 23:40:35.261 V/audio_utils::mutex( 1259): mutex_impl: audio_mutex initialized: ret:0  order:21
09-16 23:40:35.261 V/audio_utils::mutex( 1259): mutex_impl: audio_mutex initialized: ret:0  order:21
09-16 23:40:35.261 V/audio_utils::mutex( 1259): mutex_impl: audio_mutex initialized: ret:0  order:21
09-16 23:40:35.261 V/audio_utils::mutex( 1259): mutex_impl: audio_mutex initialized: ret:0  order:21
09-16 23:40:35.261 D/AudioSystem(16290): getService: checking for service media.audio_flinger: 0xb4000076e0a69cb0
09-16 23:40:35.261 D/AudioSystem(16290): getClient: checking for service: 0xb400007670a6e8b0
09-16 23:40:35.261 D/AudioFlinger( 1259): updateActiveAudioState mLastActiveAudioState=1 isActiveAudio=1
09-16 23:40:35.261 D/AudioFlinger( 1259): updateActiveAudioState mLastActiveAudioState=1 isActiveAudio=1
09-16 23:40:35.261 D/AudioFlinger( 1259): updateActiveAudioState mLastActiveAudioState=1 isActiveAudio=1
09-16 23:40:35.261 D/AudioFlinger_Threads( 1259): updateWakeLockUids_l AudioOut_25 uids:
09-16 23:40:35.261 D/AudioFlinger_Threads( 1259): updateWakeLockUids_l AudioOut_2D uids:
09-16 23:40:35.261 D/AudioFlinger_Threads( 1259): updateWakeLockUids_l AudioOut_1D uids:
09-16 23:40:35.261 D/AudioFlinger( 1259): updateActiveAudioState mLastActiveAudioState=1 isActiveAudio=1
09-16 23:40:35.261 D/AudioFlinger_Threads( 1259): updateWakeLockUids_l AudioOut_15 uids:
09-16 23:40:35.266 D/DeviceHalAidl( 1259): [default] getInputBufferSize
09-16 23:40:35.269 D/Hal2AidlMapper( 1259): [default] prepareToOpenStream: handle 0, mixPortHalId 0, device AudioDevice{type: AudioDeviceDescription{type: IN_DEFAULT, connection: }, address: AudioDeviceAddress{id: }}, flags AudioIoFlags{input: 0}, source DEFAULT, config AudioConfig{base: AudioConfigBase{sampleRate: 8000, channelMask: AudioChannelLayout{layoutMask: 1}, format: AudioFormatDescription{type: PCM, pcm: INT_16_BIT, encoding: }}, offloadInfo: AudioOffloadInfo{base: AudioConfigBase{sampleRate: 0, channelMask: AudioChannelLayout{none: 0}, format: AudioFormatDescription{type: DEFAULT, pcm: DEFAULT, encoding: }}, streamType: VOICE_CALL, bitRatePerSecond: 0, durationUs: 0, hasVideo: false, isStreaming: false, bitWidth: 16, offloadBufferSize: 0, usage: UNKNOWN, encapsulationMode: NONE, contentId: 0, syncId: 0}, frameCount: 0}, mixport config AudioPortConfig{id: 0, portId: 0, sampleRate: (null), channelMask: (null), format: (null), gain: (null), flags: (null), ext: AudioPortExt{unspecified: false}}
09-16 23:40:35.274 D/AHAL_Module( 1176): setAudioPortConfigImpl: default: requested AudioPortConfig{id: 0, portId: 15, sampleRate: Int{value: 8000}, channelMask: AudioChannelLayout{layoutMask: 1}, format: AudioFormatDescription{type: PCM, pcm: INT_16_BIT, encoding: }, gain: (null), flags: (null), ext: AudioPortExt{unspecified: false}}
09-16 23:40:35.274 D/AHAL_Module( 1176): setAudioPortConfigImpl: default: not applied; existing config ? 0; requested is valid? 1, fully specified? 0
09-16 23:40:35.274 D/AHAL_Module( 1176): setAudioPortConfigImpl: default: requested AudioPortConfig{id: 0, portId: 15, sampleRate: Int{value: 8000}, channelMask: AudioChannelLayout{layoutMask: 1}, format: AudioFormatDescription{type: PCM, pcm: INT_16_BIT, encoding: }, gain: (null), flags: AudioIoFlags{input: 0}, ext: AudioPortExt{device: AudioPortDeviceExt{device: AudioDevice{type: AudioDeviceDescription{type: IN_MICROPHONE, connection: }, address: AudioDeviceAddress{id: bottom}}, flags: 1, encodedFormats: [], encapsulationModes: 0, encapsulationMetadataTypes: 0, speakerLayout: (null)}}}
09-16 23:40:35.275 D/AHAL_Module( 1176): setAudioPortConfigImpl: default: created new port config AudioPortConfig{id: 190, portId: 15, sampleRate: Int{value: 8000}, channelMask: AudioChannelLayout{layoutMask: 1}, format: AudioFormatDescription{type: PCM, pcm: INT_16_BIT, encoding: }, gain: (null), flags: AudioIoFlags{input: 0}, ext: AudioPortExt{device: AudioPortDeviceExt{device: AudioDevice{type: AudioDeviceDescription{type: IN_MICROPHONE, connection: }, address: AudioDeviceAddress{id: bottom}}, flags: 1, encodedFormats: [], encapsulationModes: 0, encapsulationMetadataTypes: 0, speakerLayout: (null)}}}
09-16 23:40:35.275 D/AHAL_Module( 1176): setAudioPortConfigImpl: default: requested AudioPortConfig{id: 0, portId: 32, sampleRate: Int{value: 8000}, channelMask: AudioChannelLayout{layoutMask: 1}, format: AudioFormatDescription{type: PCM, pcm: INT_16_BIT, encoding: }, gain: (null), flags: AudioIoFlags{input: 0}, ext: AudioPortExt{mix: AudioPortMixExt{handle: 0, usecase: AudioPortMixExtUseCase{source: DEFAULT}, maxOpenStreamCount: 0, maxActiveStreamCount: 0, recommendedMuteDurationMs: 0}}}
09-16 23:40:35.275 D/AHAL_Module( 1176): setAudioPortConfigImpl: default: created new port config AudioPortConfig{id: 191, portId: 32, sampleRate: Int{value: 8000}, channelMask: AudioChannelLayout{layoutMask: 1}, format: AudioFormatDescription{type: PCM, pcm: INT_16_BIT, encoding: }, gain: (null), flags: AudioIoFlags{input: 0}, ext: AudioPortExt{mix: AudioPortMixExt{handle: 0, usecase: AudioPortMixExtUseCase{source: DEFAULT}, maxOpenStreamCount: 1, maxActiveStreamCount: 1, recommendedMuteDurationMs: 0}}}
09-16 23:40:35.275 D/AHAL_Module( 1176): setAudioPatch: default: requested patch AudioPatch{id: 0, sourcePortConfigIds: [190], sinkPortConfigIds: [191], minimumStreamBufferSizeFrames: 0, latenciesMs: []}
09-16 23:40:35.275 D/AudioALSAStreamManager( 1176): calculateInLatencyAndFrames(), flags 0x0, latency 20, frame count 160
09-16 23:40:35.275 D/MTKAdapterLayer( 1176): setAudioPatch(), patch.mLatency: 20 patch.mFrameCount: 160
09-16 23:40:35.276 D/AHAL_Module( 1176): setAudioPatch: default: created patch AudioPatch{id: 66, sourcePortConfigIds: [190], sinkPortConfigIds: [191], minimumStreamBufferSizeFrames: 160, latenciesMs: [20]}
09-16 23:40:35.278 D/Hal2AidlMapper( 1259): [default] releaseAudioPatch: patchId 66
09-16 23:40:35.278 D/AHAL_Module( 1176): resetAudioPatch: default: erased patch 66
09-16 23:40:35.278 D/AudioALSAHardware( 1176): +releaseAudioPatch() handle [0x0] current mAudioHalPatchVector size 5
09-16 23:40:35.278 W/AudioALSAHardware( 1176): [releaseAudioPatch] [7998]
09-16 23:40:35.278 D/Hal2AidlMapper( 1259): [default] resetPortConfig: AudioPortConfig{id: 190, portId: 15, sampleRate: Int{value: 8000}, channelMask: AudioChannelLayout{layoutMask: 1}, format: AudioFormatDescription{type: PCM, pcm: INT_16_BIT, encoding: }, gain: (null), flags: AudioIoFlags{input: 0}, ext: AudioPortExt{device: AudioPortDeviceExt{device: AudioDevice{type: AudioDeviceDescription{type: IN_MICROPHONE, connection: }, address: AudioDeviceAddress{id: bottom}}, flags: 1, encodedFormats: [], encapsulationModes: 0, encapsulationMetadataTypes: 0, speakerLayout: (null)}}}
09-16 23:40:35.279 D/AHAL_Module( 1176): resetAudioPortConfig: default: erased port config 190
09-16 23:40:35.279 D/Hal2AidlMapper( 1259): [default] resetPortConfig: AudioPortConfig{id: 191, portId: 32, sampleRate: Int{value: 8000}, channelMask: AudioChannelLayout{layoutMask: 1}, format: AudioFormatDescription{type: PCM, pcm: INT_16_BIT, encoding: }, gain: (null), flags: AudioIoFlags{input: 0}, ext: AudioPortExt{mix: AudioPortMixExt{handle: 0, usecase: AudioPortMixExtUseCase{source: DEFAULT}, maxOpenStreamCount: 1, maxActiveStreamCount: 1, recommendedMuteDurationMs: 0}}}
09-16 23:40:35.279 D/AHAL_Module( 1176): resetAudioPortConfig: default: erased port config 191
09-16 23:40:35.279 E/Hal2AidlMapper( 1259): [default] resetPortConfig: port config id 191 not found
09-16 23:40:35.279 E/Hal2AidlMapper( 1259): [default] resetPortConfig: port config id 190 not found
09-16 23:40:35.279 D/AudioRecord(16290): getMinFrameCount 320
09-16 23:40:35.285 D/nativeloader(16290): Load /data/app/~~P4o3DxoGPZZypdbe360bYA==/org.amarplayer.amarplayer-bA8ZyggvV6twuKy0HlmF0g==/lib/arm64/libQt6Widgets_arm64-v8a.so using class loader ns clns-10 (caller=/data/app/~~P4o3DxoGPZZypdbe360bYA==/org.amarplayer.amarplayer-bA8ZyggvV6twuKy0HlmF0g==/base.apk): ok
09-16 23:40:35.286 D/nativeloader(16290): Load /data/app/~~P4o3DxoGPZZypdbe360bYA==/org.amarplayer.amarplayer-bA8ZyggvV6twuKy0HlmF0g==/lib/arm64/libQt6Core_arm64-v8a.so using class loader ns clns-10 (caller=/data/app/~~P4o3DxoGPZZypdbe360bYA==/org.amarplayer.amarplayer-bA8ZyggvV6twuKy0HlmF0g==/base.apk): ok
09-16 23:40:35.298 I/HfLooper( 1192): sensor 33171111 = 140.000000 0.000000  40557704893270
09-16 23:40:35.298 I/HfLooper( 1192): sensor light = 35.277000 40557704893270
09-16 23:40:35.298 I/libsensor-displayalgo( 1557): #### sensorDataCallback  value of event C:140.000000,R:0.000000,G:0.000000,B:0.000000,40557704893270, bl: 516
09-16 23:40:35.299 I/libsensor-displayalgo( 1557): input time 40557704893270 cwbtime:40555139735524, preInput time:40557649900352
09-16 23:40:35.299 I/libsensor-displayalgo( 1557): startCalculateLux: miui or fac not first
09-16 23:40:35.299 I/libsensor-displayalgo( 1557): #### startCalculateLux current input event time: 40557704893270 40557649900352
09-16 23:40:35.299 I/libsensor-displayalgo( 1557): #### value of  inputBrightness's brightness_51:516,preBrightness's brightness_51:516,lastPredictedLight :137.239596,brightnessDiff:0.000000,sensorDataDiff:-0.568051
09-16 23:40:35.299 I/libsensor-displayalgo( 1557): #### inputBrightness's timestamp:40418240916747,value of brightness time diff:139463976523, index: 60
09-16 23:40:35.299 I/libsensor-displayalgo( 1557): #### inputSensorEventChanged: 1!!!
09-16 23:40:35.299 I/libsensor-displayalgo( 1557): getInputData start: input[0]:516.000000,inputBrightness.panel_1.brightness_51:0.000000
09-16 23:40:35.299 I/libsensor-displayalgo( 1557): getInputData end: input[0]:516.000000,inputBrightness.panel_1.brightness_51:0.000000
09-16 23:40:35.299 I/libsensor-displayalgo( 1557): alsAlgo: second panel
09-16 23:40:35.299 I/libsensor-displayalgo( 1557): CWB_ALS: model output raw: 2.126817 0.045986
09-16 23:40:35.299 I/libsensor-displayalgo( 1557): HSV RGB R= 18.224644,G= 18.224644,B= 18.224644
09-16 23:40:35.300 I/libsensor-displayalgo( 1557): HSV RGB maxValue:18.224644, minValue:18.224644
09-16 23:40:35.300 E/libsensor-displayalgo( 1557): the value of tmp1:372.440000 tmp 449.960000
09-16 23:40:35.300 I/libsensor-displayalgo( 1557): the value of ratio1 is 0.827718
09-16 23:40:35.300 E/libsensor-displayalgo( 1557): the value of tmp1:0.000000 tmp 0.000000
09-16 23:40:35.300 I/libsensor-displayalgo( 1557): the value of ratio1 is 1.000000
09-16 23:40:35.300 I/libsensor-displayalgo( 1557): Write:the value of channelCali ALS:1.8, IR:0.0, scales:1.000000, hsv:-1.000000
09-16 23:40:35.300 I/libsensor-displayalgo( 1557): the value of hsv: -1.000000
09-16 23:40:35.300 I/libsensor-displayalgo( 1557): the value of  ir: 0.000000  Coef: 23701.878000 19699.158000 12075.050000 12075.050000 
09-16 23:40:35.300 I/libsensor-displayalgo( 1557): the value of  REAL LUX 63.994884
09-16 23:40:35.300 D/libsensor-displayalgo( 1557): brightness:516.000000,flat_mode:1.000000,R1:0.000000,G1:0.000000,B1:0.000000,EVENT ALS:140.000000,IR:0.000000lux: 63.994884
09-16 23:40:35.300 I/libsensor-displayalgo( 1557): luxAges[0]=0.000000, index=1
09-16 23:40:35.300 I/libsensor-displayalgo( 1557): luxAges[1]=0.000000, index=2
09-16 23:40:35.300 I/libsensor-displayalgo( 1557): luxAges[2]=0.000000, index=3
09-16 23:40:35.301 I/libsensor-displayalgo( 1557): medianFilter[index]=63.531960 63.994884 63.994884
09-16 23:40:35.318 D/nativeloader(16290): Load /data/app/~~P4o3DxoGPZZypdbe360bYA==/org.amarplayer.amarplayer-bA8ZyggvV6twuKy0HlmF0g==/lib/arm64/libplugins_multimedia_ffmpegmediaplugin_arm64-v8a.so using class loader ns clns-10 (caller=/data/app/~~P4o3DxoGPZZypdbe360bYA==/org.amarplayer.amarplayer-bA8ZyggvV6twuKy0HlmF0g==/base.apk): ok
09-16 23:40:35.323 D/nativeloader(16290): Load /data/app/~~P4o3DxoGPZZypdbe360bYA==/org.amarplayer.amarplayer-bA8ZyggvV6twuKy0HlmF0g==/lib/arm64/libplugins_multimedia_androidmediaplugin_arm64-v8a.so using class loader ns clns-10 (caller=/data/app/~~P4o3DxoGPZZypdbe360bYA==/org.amarplayer.amarplayer-bA8ZyggvV6twuKy0HlmF0g==/base.apk): ok
09-16 23:40:35.327 D/DesktopModeFlags(16290): Toggle override initialized to: OVERRIDE_UNSET
09-16 23:40:35.332 D/nativeloader(16290): Load /data/app/~~P4o3DxoGPZZypdbe360bYA==/org.amarplayer.amarplayer-bA8ZyggvV6twuKy0HlmF0g==/lib/arm64/libplugins_platforms_qtforandroid_arm64-v8a.so using class loader ns clns-10 (caller=/data/app/~~P4o3DxoGPZZypdbe360bYA==/org.amarplayer.amarplayer-bA8ZyggvV6twuKy0HlmF0g==/base.apk): ok
09-16 23:40:35.333 W/adbd    (30336): timed out while waiting for FUNCTIONFS_BIND, trying again
09-16 23:40:35.333 I/adbd    (30336): UsbFfs: connection terminated: monitor thread finished
09-16 23:40:35.334 I/Qt      (16290): Qt platform plugin started
09-16 23:40:35.341 D/nativeloader(16290): Load /data/app/~~P4o3DxoGPZZypdbe360bYA==/org.amarplayer.amarplayer-bA8ZyggvV6twuKy0HlmF0g==/lib/arm64/libshiboken6.abi3.so using class loader ns clns-10 (caller=/data/app/~~P4o3DxoGPZZypdbe360bYA==/org.amarplayer.amarplayer-bA8ZyggvV6twuKy0HlmF0g==/base.apk): ok
09-16 23:40:35.342 D/nativeloader(16290): Load /data/app/~~P4o3DxoGPZZypdbe360bYA==/org.amarplayer.amarplayer-bA8ZyggvV6twuKy0HlmF0g==/lib/arm64/libpyside6.abi3.so using class loader ns clns-10 (caller=/data/app/~~P4o3DxoGPZZypdbe360bYA==/org.amarplayer.amarplayer-bA8ZyggvV6twuKy0HlmF0g==/base.apk): ok
09-16 23:40:35.351 D/nativeloader(16290): Load /data/app/~~P4o3DxoGPZZypdbe360bYA==/org.amarplayer.amarplayer-bA8ZyggvV6twuKy0HlmF0g==/lib/arm64/QtGui.abi3.so using class loader ns clns-10 (caller=/data/app/~~P4o3DxoGPZZypdbe360bYA==/org.amarplayer.amarplayer-bA8ZyggvV6twuKy0HlmF0g==/base.apk): ok
09-16 23:40:35.352 I/HfLooper( 1192): sensor 33171111 = 140.000000 0.000000  40557759922117
09-16 23:40:35.352 I/HfLooper( 1192): sensor light = 35.277000 40557759922117
09-16 23:40:35.353 I/libsensor-displayalgo( 1557): #### sensorDataCallback  value of event C:140.000000,R:0.000000,G:0.000000,B:0.000000,40557759922117, bl: 516
09-16 23:40:35.353 I/libsensor-displayalgo( 1557): input time 40557759922117 cwbtime:40555139735524, preInput time:40557704893270
09-16 23:40:35.353 I/libsensor-displayalgo( 1557): startCalculateLux: miui or fac not first
09-16 23:40:35.354 I/libsensor-displayalgo( 1557): #### startCalculateLux current input event time: 40557759922117 40557704893270
09-16 23:40:35.354 I/libsensor-displayalgo( 1557): #### value of  inputBrightness's brightness_51:516,preBrightness's brightness_51:516,lastPredictedLight :138.239596,brightnessDiff:0.000000,sensorDataDiff:0.000000
09-16 23:40:35.354 I/libsensor-displayalgo( 1557): #### inputBrightness's timestamp:40418240916747,value of brightness time diff:139519005370, index: 60
09-16 23:40:35.354 I/libsensor-displayalgo( 1557): #### inputSensorEventChanged: 1!!!
09-16 23:40:35.354 I/libsensor-displayalgo( 1557): getInputData start: input[0]:516.000000,inputBrightness.panel_1.brightness_51:0.000000
09-16 23:40:35.354 I/libsensor-displayalgo( 1557): getInputData end: input[0]:516.000000,inputBrightness.panel_1.brightness_51:0.000000
09-16 23:40:35.354 I/libsensor-displayalgo( 1557): alsAlgo: second panel
09-16 23:40:35.355 D/nativeloader(16290): Load /data/app/~~P4o3DxoGPZZypdbe360bYA==/org.amarplayer.amarplayer-bA8ZyggvV6twuKy0HlmF0g==/lib/arm64/QtMultimedia.abi3.so using class loader ns clns-10 (caller=/data/app/~~P4o3DxoGPZZypdbe360bYA==/org.amarplayer.amarplayer-bA8ZyggvV6twuKy0HlmF0g==/base.apk): ok
09-16 23:40:35.355 I/libsensor-displayalgo( 1557): CWB_ALS: model output raw: 2.126817 0.045986
09-16 23:40:35.355 I/libsensor-displayalgo( 1557): HSV RGB R= 18.224644,G= 18.224644,B= 18.224644
09-16 23:40:35.355 I/libsensor-displayalgo( 1557): HSV RGB maxValue:18.224644, minValue:18.224644
09-16 23:40:35.355 E/libsensor-displayalgo( 1557): the value of tmp1:372.440000 tmp 449.960000
09-16 23:40:35.355 I/libsensor-displayalgo( 1557): the value of ratio1 is 0.827718
09-16 23:40:35.355 E/libsensor-displayalgo( 1557): the value of tmp1:0.000000 tmp 0.000000
09-16 23:40:35.355 I/libsensor-displayalgo( 1557): the value of ratio1 is 1.000000
09-16 23:40:35.355 I/libsensor-displayalgo( 1557): Write:the value of channelCali ALS:1.8, IR:0.0, scales:1.000000, hsv:-1.000000
09-16 23:40:35.355 I/libsensor-displayalgo( 1557): the value of hsv: -1.000000
09-16 23:40:35.355 I/libsensor-displayalgo( 1557): the value of  ir: 0.000000  Coef: 23701.878000 19699.158000 12075.050000 12075.050000 
09-16 23:40:35.355 I/libsensor-displayalgo( 1557): the value of  REAL LUX 63.994884
09-16 23:40:35.356 D/libsensor-displayalgo( 1557): brightness:516.000000,flat_mode:1.000000,R1:0.000000,G1:0.000000,B1:0.000000,EVENT ALS:140.000000,IR:0.000000lux: 63.994884
09-16 23:40:35.356 I/libsensor-displayalgo( 1557): luxAges[0]=0.000000, index=2
09-16 23:40:35.356 I/libsensor-displayalgo( 1557): luxAges[1]=0.000000, index=3
09-16 23:40:35.356 I/libsensor-displayalgo( 1557): luxAges[2]=0.000000, index=1
09-16 23:40:35.356 I/libsensor-displayalgo( 1557): medianFilter[index]=63.531960 63.994884 63.994884
09-16 23:40:35.366 D/ControlCenterHeaderExpandController( 2678): onExpansionChanged: progress =  0.0
09-16 23:40:35.366 I/adbd    (30336): opening control endpoint /dev/usb-ffs/adb/ep0
09-16 23:40:35.366 D/nativeloader(16290): Load /data/app/~~P4o3DxoGPZZypdbe360bYA==/org.amarplayer.amarplayer-bA8ZyggvV6twuKy0HlmF0g==/lib/arm64/QtWidgets.abi3.so using class loader ns clns-10 (caller=/data/app/~~P4o3DxoGPZZypdbe360bYA==/org.amarplayer.amarplayer-bA8ZyggvV6twuKy0HlmF0g==/base.apk): ok
09-16 23:40:35.366 D/ControlCenterHeaderExpandController( 2678): onExpansionChanged: progress =  0.0
09-16 23:40:35.369 I/ClockDeviceConfig( 2678): get bounds = Rect(0, 0 - 1080, 2392)
09-16 23:40:35.370 D/ControlCenterHeaderExpandController( 2678): onExpansionChanged: progress =  0.0
09-16 23:40:35.374 D/nativeloader(16290): Load /data/app/~~P4o3DxoGPZZypdbe360bYA==/org.amarplayer.amarplayer-bA8ZyggvV6twuKy0HlmF0g==/lib/arm64/QtCore.abi3.so using class loader ns clns-10 (caller=/data/app/~~P4o3DxoGPZZypdbe360bYA==/org.amarplayer.amarplayer-bA8ZyggvV6twuKy0HlmF0g==/base.apk): ok
09-16 23:40:35.377 D/nativeloader(16290): Load /data/app/~~P4o3DxoGPZZypdbe360bYA==/org.amarplayer.amarplayer-bA8ZyggvV6twuKy0HlmF0g==/lib/arm64/libmain_arm64-v8a.so using class loader ns clns-10 (caller=/data/app/~~P4o3DxoGPZZypdbe360bYA==/org.amarplayer.amarplayer-bA8ZyggvV6twuKy0HlmF0g==/base.apk): ok
09-16 23:40:35.384 I/BufferQueueProducer( 1282): [StatusBar#113](this:0xb400007a35814570,id:-1,api:0,p:-1,c:1282) queueBuffer: fps=0.25 dur=4009.66 max=4009.66 min=4009.66
09-16 23:40:35.386 I/hwcomposer( 1182): [HRT] only_has_blit_dev_job:0, run simpleLayeringRule.  
09-16 23:40:35.386 E/HwcComposer( 1282): presentOrValidateDisplay 0 presentFence:-1
09-16 23:40:35.387 I/hwcomposer( 1182): [HWCDisplay] (0 updateFps():4143), (type:1, mode:2) fps:1.712727,dur:2919.32,max:2566.48,min:9.14  
09-16 23:40:35.387 I/android.hardware.graphics.composer@3.4-service( 1182): Sensor: notify citsensorservice to trigger cwb
09-16 23:40:35.387 I/libsensor-frameBufferManager( 1557): request dump start
09-16 23:40:35.387 I/libsensor-frameBufferManager( 1557): CWB_ALS getDispDump 79 1 400 480 
09-16 23:40:35.388 I/MI-SF   ( 1282): surfaceflinger setAffinity mode=0
09-16 23:40:35.388 D/libcomposer_ext( 1557): ClientImplAidl::getDispDump(), dpy 1, dst (400, 480), dump_point 1, release_fence -1
09-16 23:40:35.388 E/MI-SF   ( 1282): surfaceflinger setAffinity success
09-16 23:40:35.388 D/libcomposer_ext( 1182): DeviceImplAidl::syncPerform(14), client_handle: 2
09-16 23:40:35.388 D/libcomposer_ext( 1182): DeviceImplAidl::ParseGetDispDump(), dpy 1, dst (400, 480), dump_point 1
09-16 23:40:35.388 I/hwcomposer( 1182): [HWC] getDispDump(), client(2), dpy 1, (79,1,479,481), (400, 480), (1, 2), (-1), (-1), (0xb400007253a04330)  
09-16 23:40:35.388 I/hwcomposer( 1182): [DRMDEV] isSupportWbParams(), id_crtc 115, id_connector 33, dump_point 1, src(79, 1, 400, 480), dst(400, 480), config 2  
09-16 23:40:35.388 I/hwcomposer( 1182): [DISP_DUMP] (0 c:2 setDumpBuf():176), client(2), src(79, 1, 479, 481), dst(400, 480), (1, 2), -1, (-1), (0xb400007253a04330)  
09-16 23:40:35.388 I/hwcomposer( 1182): [HWC] (0)fire a callback of refresh to SF[9]  
09-16 23:40:35.388 D/CompatChangeReporter(16290): Compat change id reported: 377864165; UID 10329; state: ENABLED
09-16 23:40:35.388 W/libc    ( 1282): Access denied finding property "ro.vendor.display.max_hdr_luminance"
09-16 23:40:35.393 D/DecorView(16290): updateFreeformOutlineFromActivity, inFreeform=false,inFreeformWindowMode=false
09-16 23:40:35.402 I/hwcomposer( 1182): [HRT] only_has_blit_dev_job:0, run simpleLayeringRule.  
09-16 23:40:35.403 V/PythonActivity(16290): Did super onCreate
09-16 23:40:35.403 E/HwcComposer( 1282): presentOrValidateDisplay 0 presentFence:-1
09-16 23:40:35.403 V/PythonActivity(16290): Access to our meta-data...
09-16 23:40:35.403 W/MessageMonitor(16290): PerfMonitor: Slow Operation: Activity org.amarplayer.amarplayer/org.kivy.android.PythonActivity onCreate took 7764ms
09-16 23:40:35.403 D/libcomposer_ext( 1182): DeviceImplAidl::DeviceClientContextAidl::NotifyDispDumpReady(), client_handle:2, buffer:0xb400007253a08b30, fence:114, period16666667
09-16 23:40:35.404 D/libcomposer_ext( 1557): ClientCallbackAidl::asyncPerform(15)
09-16 23:40:35.404 D/libcomposer_ext( 1557): ClientImplAidl::ParseNotifyDispDumpReady()
09-16 23:40:35.405 D/Activity(16290): Activity = ActivityInfo{84c4437 org.kivy.android.PythonActivity}, Resume onConfigurationChanged = {1.0 510mcc10mnc [id_ID] ldltr sw384dp w384dp h850dp 450dpi nrml long port night finger -keyb/v/h -nav/h winConfig={ mBounds=Rect(0, 0 - 1080, 2392) mAppBounds=Rect(0, 0 - 1080, 2392) mMaxBounds=Rect(0, 0 - 1080, 2392) mDisplayRotation=ROTATION_0 mWindowingMode=fullscreen mActivityType=standard mAlwaysOnTop=undefined mRotation=ROTATION_0 mInSplitScreen=false letterBoxed=false foScaled=false isSpecificEmbedded=false embeddingScale=1.0} s.2 fontWeightAdjustment=0/d/0 themeChanged=0 themeChangedFlags=0 display=0 extraData = Bundle[{}] screenType=0/0}
09-16 23:40:35.407 I/HfLooper( 1192): sensor 33171111 = 139.000000 0.000000  40557814908886
09-16 23:40:35.407 I/HfLooper( 1192): sensor light = 35.277000 40557814908886
09-16 23:40:35.408 I/libsensor-displayalgo( 1557): #### sensorDataCallback  value of event C:139.000000,R:0.000000,G:0.000000,B:0.000000,40557814908886, bl: 516
09-16 23:40:35.408 I/libsensor-displayalgo( 1557): input time 40557814908886 cwbtime:40555139735524, preInput time:40557759922117
09-16 23:40:35.408 I/libsensor-displayalgo( 1557): startCalculateLux: miui or fac not first
09-16 23:40:35.408 I/libsensor-displayalgo( 1557): #### startCalculateLux current input event time: 40557814908886 40557759922117
09-16 23:40:35.408 I/libsensor-displayalgo( 1557): #### value of  inputBrightness's brightness_51:516,preBrightness's brightness_51:516,lastPredictedLight :138.239596,brightnessDiff:0.000000,sensorDataDiff:0.568051
09-16 23:40:35.408 I/libsensor-displayalgo( 1557): #### inputBrightness's timestamp:40418240916747,value of brightness time diff:139573992139, index: 60
09-16 23:40:35.408 I/libsensor-displayalgo( 1557): #### inputSensorEventChanged: 1!!!
09-16 23:40:35.408 I/libsensor-displayalgo( 1557): getInputData start: input[0]:516.000000,inputBrightness.panel_1.brightness_51:0.000000
09-16 23:40:35.409 I/libsensor-displayalgo( 1557): getInputData end: input[0]:516.000000,inputBrightness.panel_1.brightness_51:0.000000
09-16 23:40:35.409 I/libsensor-displayalgo( 1557): alsAlgo: second panel
09-16 23:40:35.409 I/libsensor-displayalgo( 1557): CWB_ALS: model output raw: 2.126817 0.045986
09-16 23:40:35.409 I/libsensor-displayalgo( 1557): HSV RGB R= 18.224644,G= 18.224644,B= 18.224644
09-16 23:40:35.409 I/libsensor-displayalgo( 1557): HSV RGB maxValue:18.224644, minValue:18.224644
09-16 23:40:35.409 E/libsensor-displayalgo( 1557): the value of tmp1:372.440000 tmp 449.960000
09-16 23:40:35.409 I/libsensor-displayalgo( 1557): the value of ratio1 is 0.827718
09-16 23:40:35.409 E/libsensor-displayalgo( 1557): the value of tmp1:0.000000 tmp 0.000000
09-16 23:40:35.409 I/libsensor-displayalgo( 1557): the value of ratio1 is 1.000000
09-16 23:40:35.410 I/libsensor-displayalgo( 1557): Write:the value of channelCali ALS:1.8, IR:0.0, scales:1.000000, hsv:-1.000000
09-16 23:40:35.410 I/libsensor-displayalgo( 1557): the value of hsv: -1.000000
09-16 23:40:35.410 I/libsensor-displayalgo( 1557): the value of  ir: 0.000000  Coef: 23701.878000 19699.158000 12075.050000 12075.050000 
09-16 23:40:35.410 I/libsensor-displayalgo( 1557): the value of  REAL LUX 63.531960
09-16 23:40:35.410 D/libsensor-displayalgo( 1557): brightness:516.000000,flat_mode:1.000000,R1:0.000000,G1:0.000000,B1:0.000000,EVENT ALS:139.000000,IR:0.000000lux: 63.531960
09-16 23:40:35.410 I/libsensor-displayalgo( 1557): luxAges[0]=0.000000, index=3
09-16 23:40:35.410 I/libsensor-displayalgo( 1557): luxAges[1]=0.000000, index=1
09-16 23:40:35.410 I/libsensor-displayalgo( 1557): luxAges[2]=0.000000, index=2
09-16 23:40:35.410 I/libsensor-displayalgo( 1557): medianFilter[index]=63.531960 63.994884 63.994884
09-16 23:40:35.410 D/AurogonBandwidthController( 1956): skinTemperature:34.472
09-16 23:40:35.425 D/nativeloader(16290): Load libpowerhalwrap_jni.so using system ns (caller=/system_ext/framework/mediatek-framework.jar): ok
09-16 23:40:35.425 I/PowerHalWrapper(16290): PowerHalWrapper.getInstance 
09-16 23:40:35.425 I/PowerHalWrapper(16290): PowerHalWrapper.getInstance 
09-16 23:40:35.425 I/M-ProMotion(16290): M-ProMotion is disabled
09-16 23:40:35.428 I/PowerHalWrapper(16290): PowerHalWrapper.getInstance 
09-16 23:40:35.430 I/SurfaceFactory(16290): [static] sSurfaceFactory = com.mediatek.view.impl.SurfaceFactoryImpl@ad9832f
09-16 23:40:35.434 E/libsensor-frameBufferManager( 1557): onCwbSuccess
09-16 23:40:35.438 D/libsensor-parseRGB( 1557): the value of RGB [0.000000 0.000000 0.000000], powPara: 2.152003
09-16 23:40:35.438 D/FramePredict(16290): FramePredict init: true
09-16 23:40:35.439 D/FramePredict(16290): init success
09-16 23:40:35.440 W/libc    (16290): Access denied finding property "ro.vendor.perf.scroll_opt"
09-16 23:40:35.441 W/ActivityManager( 1956): Permission Denial: getCurrentUser() from pid=16290, uid=10329 requires android.permission.INTERACT_ACROSS_USERS
09-16 23:40:35.444 D/ayer.amarplayer(16290): MiuiProcessManagerServiceStub setSchedFifo
09-16 23:40:35.444 I/MiuiProcessManagerImpl(16290): setSchedFifo pid:16290, mode:3
09-16 23:40:35.445 D/ProcessManager( 1956): beginSchedThreads is not Enabled
09-16 23:40:35.445 E/FramePredict(16290): registerContentObserver fail
09-16 23:40:35.446 W/HWUI    (16290): Unknown dataspace 0
09-16 23:40:35.447 W/libc    (16290): Access denied finding property "ro.vendor.display.iris_x7.support"
09-16 23:40:35.447 I/pwIrisCR(16290): isCnVersion = 0, isSupportIris = 0
09-16 23:40:35.445 W/RenderThread(16290): type=1400 audit(0.0:24081): avc:  denied  { read } for  name="u:object_r:vendor_displayfeature_prop:s0" dev="tmpfs" ino=565 scontext=u:r:untrusted_app:s0:c73,c257,c512,c768 tcontext=u:object_r:vendor_displayfeature_prop:s0 tclass=file permissive=0 app=org.amarplayer.amarplayer
09-16 23:40:35.449 D/HWUI    (16290): TAG_DDRE, CanvasContext::setDdreActivities: 
09-16 23:40:35.451 D/FirstFrameSpeedUp(16290): bls: [com.xcj.hm.kangfuyixue]
09-16 23:40:35.451 I/ViewRootImpl(16290): org.amarplayer.amarplayer/org.kivy.android.PythonActivity use first frame acceleration
09-16 23:40:35.460 W/InsetsSource(16290): Has no intersection or mTmpFrame.height(), return Insets.NONE mTmpFrame.height() =0 hasIntersection =false
09-16 23:40:35.460 W/InsetsSource(16290): Has no intersection or mTmpFrame.height(), return Insets.NONE mTmpFrame.height() =0 hasIntersection =false
09-16 23:40:35.460 W/InsetsSource(16290): Has no intersection or mTmpFrame.height(), return Insets.NONE mTmpFrame.height() =0 hasIntersection =false
09-16 23:40:35.462 D/InputEventReceiver(16290): Input log is disabled in InputEventReceiver.
09-16 23:40:35.462 I/HfLooper( 1192): sensor 33171111 = 139.000000 0.000000  40557869901251
09-16 23:40:35.462 I/HfLooper( 1192): sensor light = 35.277000 40557869901251
09-16 23:40:35.462 D/AccessControlImpl( 1956): activityResume packageName: org.amarplayer.amarplayer userId: 0 enabled: trueisTranslucent false
09-16 23:40:35.462 D/AccessControlImpl( 1956): activityResume lockMode: 1
09-16 23:40:35.462 D/SecurityManagerService( 1956): onResumeActivity flag 1
09-16 23:40:35.463 I/libsensor-displayalgo( 1557): #### sensorDataCallback  value of event C:139.000000,R:0.000000,G:0.000000,B:0.000000,40557869901251, bl: 516
09-16 23:40:35.463 D/BackGestureBreakController( 2394): mAppLaunchingButNotResume= false
09-16 23:40:35.463 I/libsensor-displayalgo( 1557): input time 40557869901251 cwbtime:40557843689371, preInput time:40557814908886
09-16 23:40:35.463 I/libsensor-displayalgo( 1557): startCalculateLux: miui or fac not first
09-16 23:40:35.463 I/libsensor-displayalgo( 1557): #### inputSensorEventChanged set to true!!!
09-16 23:40:35.463 I/libsensor-displayalgo( 1557): #### startCalculateLux time of diff: 40557843689371:40557869901251
09-16 23:40:35.463 I/libsensor-displayalgo( 1557): ####startCalculateLuxdiff: 26211880
09-16 23:40:35.463 I/libsensor-displayalgo( 1557): #### startCalculateLux current input event time: 40557869901251 40557814908886
09-16 23:40:35.463 D/RecentsImpl( 2394): mActivityStateObserver org.kivy.android.PythonActivity
09-16 23:40:35.463 D/BackGestureBreakController( 2394): mAppLaunchingButNotResume= false
09-16 23:40:35.463 W/RecentsImpl( 2394): updateGestureWindowVisibleImpl, className=org.kivy.android.PythonActivity
09-16 23:40:35.463 W/RecentsImpl( 2394): updateGestureWindowVisibleImpl, return. mNavStubView=null, mGestureStubLeft=null, mGestureStubRight=null, mIsInAnotherPro=false
09-16 23:40:35.464 W/RecentsImpl( 2394): disableTouchBySwipeStatusBar    disable=false
09-16 23:40:35.465 D/CoreBackPreview( 1956): Window{b80e805 u0 org.amarplayer.amarplayer/org.kivy.android.PythonActivity}: Setting back callback OnBackInvokedCallbackInfo{mCallback=android.window.IOnBackInvokedCallback$Stub$Proxy@dfcdf68, mPriority=-1, mIsAnimationCallback=false, mOverrideBehavior=0}
09-16 23:40:35.466 D/DecorViewImmersiveImpl(16290): onAttachedToWindow. pkg: org.amarplayer.amarplayer
09-16 23:40:35.466 I/ComputilityLevel(16290): getComputilityLevel(): 2
09-16 23:40:35.466 W/InsetsSource(16290): Has no intersection or mTmpFrame.height(), return Insets.NONE mTmpFrame.height() =0 hasIntersection =false
09-16 23:40:35.466 W/InsetsSource(16290): Has no intersection or mTmpFrame.height(), return Insets.NONE mTmpFrame.height() =0 hasIntersection =false
09-16 23:40:35.467 W/InsetsSource(16290): Has no intersection or mTmpFrame.height(), return Insets.NONE mTmpFrame.height() =0 hasIntersection =false
09-16 23:40:35.467 W/InsetsSource(16290): Has no intersection or mTmpFrame.height(), return Insets.NONE mTmpFrame.height() =0 hasIntersection =false
09-16 23:40:35.470 I/hwcomposer( 1182): [HRT] only_has_blit_dev_job:0, run simpleLayeringRule.  
09-16 23:40:35.473 D/DisplayContentStubImpl( 1956): onNewImeFrame: isImeVisible = false, imeFrame = Rect(0, 0 - 0, 0)
09-16 23:40:35.473 W/InsetsSource( 1956): Has no intersection or mTmpFrame.height(), return Insets.NONE mTmpFrame.height() =0 hasIntersection =false
09-16 23:40:35.473 W/InsetsSource( 1956): Has no intersection or mTmpFrame.height(), return Insets.NONE mTmpFrame.height() =0 hasIntersection =false
09-16 23:40:35.473 D/BarFollowAnimation( 1956): pairAppearanceRegionAndWin win=Window{331802 u0 Splash Screen org.amarplayer.amarplayer} 0
09-16 23:40:35.473 D/MiuiRefreshRatePolicy( 1956): reset
09-16 23:40:35.474 D/MiuiMirrorInputMethodImpl( 1956): shouldUpdateImeParent:false,inputMethodParent.getParent() != touchedDisplay.getImeContainer()?false,touchedDisplay:Display{#0 state=ON size=1080x2392 ROTATION_0},ime window:174392079,imeParent:148376465
09-16 23:40:35.475 D/MiSight:( 1956):  sendEvent id=901003101
09-16 23:40:35.475 W/MQSEventManager( 4303): nofocuswindowtimeout occur
09-16 23:40:35.475 D/MiSightJni( 1956): MiSight: Java_com_miui_misight_MiSight_nativeSendEvent enter called. '{"PackageName":"org.amarplayer.amarplayer","WindowName":"org.kivy.android.PythonActivity","Duration":7984}'
09-16 23:40:35.475 D/MiEvent ( 1956): MiEvent: this 0x7599b14c80, paylod=0xb4000076e0b912f0
09-16 23:40:35.475 D/MiEvent ( 1956): flatten EventId 901003101 -t 1789576835 -paraList {"Duration":7984,"PackageName":"org.amarplayer.amarplayer","WindowName":"org.kivy.android.PythonActivity"}
09-16 23:40:35.475 D/BarFollowAnimation( 1956): current status bar control target is : Window{b80e805 u0 org.amarplayer.amarplayer/org.kivy.android.PythonActivity}
09-16 23:40:35.475 D/MiEvent ( 1956): report:EventId 901003101 -t 1789576835 -paraList {"Duration":7984,"PackageName":"org.amarplayer.amarplayer","WindowName":"org.kivy.android.PythonActivity"} success
09-16 23:40:35.475 D/MiEvent ( 1956): ~MiEvent: this 0x7599b14c80, paylod=0xb4000076e0b912f0
09-16 23:40:35.476 I/misight ( 1417): OnEvent EventPrivacyCompliance event=901003101
09-16 23:40:35.476 D/misight ( 1417): ProcessEvent devVersion==OS3.0.301.0.WPGIDXM,faultLevel=2,prv=3 region=eea
09-16 23:40:35.476 I/misight ( 1417): OnEvent EventStorageManager event=901003101,2
09-16 23:40:35.476 D/misight ( 1417): ProcessNewDayEvent event happen time 1789576835,start time=1789491600,restart=1
09-16 23:40:35.476 D/misight ( 1417): ProcessNewDayEvent event happen time 1789576835, last=1789576830,start time=1789491600,next day =1789578000, interval=1305
09-16 23:40:35.476 D/misight ( 1417): Execute start execute sql /data/miuilog/misight/event.db:select id,event_id,daily_cnt,over_cnt,hour_cnt,next_expire_time,last_happen_time,last_log_time from event_daily where event_id = '901003101' limit 1
09-16 23:40:35.476 D/WindowManager( 1956): wms.Input focus has changed to Window{b80e805 u0 org.amarplayer.amarplayer/org.kivy.android.PythonActivity} display=0 updateInputWindows = true
09-16 23:40:35.476 I/MultiSenceManagerInternalStub( 1956): getInstance
09-16 23:40:35.476 D/misight ( 1417): DetectDropByTime event 901003101 parser maxCnt=200 lastTime=1789572646 same=0, overCnt=0,dailyCnt=2,hourCnt=1
09-16 23:40:35.476 D/misight ( 1417): IsPluginInPipeline not find plugin EventLogProcessor
09-16 23:40:35.476 D/misight ( 1417): CheckAndGetLogTime plugin log catch not exist, no check upload xml
09-16 23:40:35.476 D/misight ( 1417): Execute start execute sql /data/miuilog/misight/event.db:update event_daily set  daily_cnt=3, hour_cnt=1, next_expire_time=1789580435, over_cnt=0, last_happen_time=1789576835, last_log_time=0  where id = '11'
09-16 23:40:35.477 I/WindowManager( 1956): Allow fixed rotation for not collecting:ActivityRecord{137338548 u0 org.amarplayer.amarplayer/org.kivy.android.PythonActivity t607}
09-16 23:40:35.477 W/GeneralExceptionParser( 4303): generalParse:exp_nofocuswindowtimeout
09-16 23:40:35.478 W/GeneralExceptionParser( 4303): packageName:org.amarplayer.amarplayer
09-16 23:40:35.478 D/DigestGenerator( 4303): digest=============exp_nofocuswindowtimeoutorg.amarplayer.amarplayer
09-16 23:40:35.478 W/InsetsSource(16290): Has no intersection or mTmpFrame.height(), return Insets.NONE mTmpFrame.height() =0 hasIntersection =false
09-16 23:40:35.478 W/InsetsSource(16290): Has no intersection or mTmpFrame.height(), return Insets.NONE mTmpFrame.height() =0 hasIntersection =false
09-16 23:40:35.478 W/InsetsSource(16290): Has no intersection or mTmpFrame.height(), return Insets.NONE mTmpFrame.height() =0 hasIntersection =false
09-16 23:40:35.480 D/misight ( 1417): Execute start execute sql /data/miuilog/misight/event.db:select id,occured_cnt from event_info where event_id = '901003101' and version_id = '4' and param_list = '{"Duration":7984,"PackageName":"org.amarplayer.amarplayer","WindowName":"org.kivy.android.PythonActivity"}' and time_id = '99' limit 1
09-16 23:40:35.482 E/ayer.amarplayer(16290): [perfctl] 16290 16290 FPSGO ver:7
09-16 23:40:35.482 E/ayer.amarplayer(16290): [perfctl] 1 1 1 0
09-16 23:40:35.483 D/BufferQueueConsumer(16290): [](id:3fa200000000,api:0,p:-1,c:16290) connect: controlledByApp=false
09-16 23:40:35.484 W/MQSEventManager( 4303): begin to storeEvent
09-16 23:40:35.484 W/DatabaseUtils( 4303): Begin to store GeneralExceptionEvent!
09-16 23:40:35.485 D/BLASTBufferQueue(16290): [VRI[PythonActivity]#0](f:0,a:0) constructor()
09-16 23:40:35.485 D/BLASTBufferQueue(16290): [VRI[PythonActivity]#0](f:0,a:0) update width=1080 height=2392 format=-1 mTransformHint=0
09-16 23:40:35.486 D/SurfaceComposerClient( 1956): Transaction::apply InputWindowCommands.focusRequests timestamp=24208587589750, windowName=b80e805 org.amarplayer.amarplayer/org.kivy.android.PythonActivity
09-16 23:40:35.489 I/hwcomposer( 1182): [HRT] only_has_blit_dev_job:0, run simpleLayeringRule.  
09-16 23:40:35.490 D/VRI[PythonActivity](16290): vri.Setup new sync=wmsSync-VRI[PythonActivity]#0
09-16 23:40:35.491 D/MQSEventManager( 4303): send MSG_JUDGE_TRANSMISSION packageName org.amarplayer.amarplayer
09-16 23:40:35.493 D/MQSRuleManager( 4303): Begin to match mqsas rules
09-16 23:40:35.494 I/PermissionManagerProvider( 8392): call method : 14 Binder.getCallingUid() 10228 Binder.getCallingUid() 8392
09-16 23:40:35.495 D/misight ( 1417): Execute start execute sql /data/miuilog/misight/event.db:insert into event_info (event_id,version_id,occured_cnt,first_time,param_list,expire,visible,time_id)  values ( 901003101,4,1,1789576835,'{"Duration":7984,"PackageName":"org.amarplayer.amarplayer","WindowName":"org.kivy.android.PythonActivity"}',0,0,99) 
09-16 23:40:35.495 I/python  (16290): Initializing Python for Android
09-16 23:40:35.495 I/python  (16290): Setting additional env vars from p4a_env_vars.txt
09-16 23:40:35.495 I/python  (16290): Changing directory to '/data/user/0/org.amarplayer.amarplayer/files/app'
09-16 23:40:35.495 I/python  (16290): symlink: libpythonbin.so -> python
09-16 23:40:35.495 V/GrammaticalInflectionUtils( 1956): AttributionSource: android.content.AttributionSource@8f53ed41 does not have READ_SYSTEM_GRAMMATICAL_GENDER permission.
09-16 23:40:35.496 I/python  (16290): Preparing to initialize python
09-16 23:40:35.496 I/python  (16290): _python_bundle dir exists
09-16 23:40:35.496 I/python  (16290): set wchar paths...
09-16 23:40:35.496 W/MQSEventManager( 4303): Method in addExceptionCommetAction, actionCommand is null!
09-16 23:40:35.496 W/MQSActionExecutor( 4303): action is null!
09-16 23:40:35.496 W/MQSEventManager( 4303): executeResult is 2
09-16 23:40:35.500 I/GrallocExtra(16290): gralloc_extra_query:is_SW3D 0
09-16 23:40:35.502 I/misight ( 1417): OnEvent EventInfoPack event 901003101
09-16 23:40:35.506 I/DisplayPolicyStubImpl( 1956): com.android.server.wm.WindowState hide ime, enable touchboost
09-16 23:40:35.506 I/DisplayPolicyStubImpl( 1956): com.android.server.wm.WindowState hide ime, enable touchboost
09-16 23:40:35.507 I/hwcomposer( 1182): [HRT] only_has_blit_dev_job:0, run simpleLayeringRule.  
09-16 23:40:35.507 I/SurfaceFlinger( 1282): onHandleDestroyed: layerId=10303, name=Surface(name=703dbea StatusBar#109)/@0x4d00d78 - animation-leash of insets_animation#10303
09-16 23:40:35.507 I/SurfaceFlinger( 1282): onHandleDestroyed: layerId=10302, name=Surface(name=9d377bb NavigationBar0#6489)/@0xbf4b031 - animation-leash of insets_animation#10302
09-16 23:40:35.507 W/InsetsSource( 2678): Has no intersection or mTmpFrame.height(), return Insets.NONE mTmpFrame.height() =0 hasIntersection =false
09-16 23:40:35.507 W/InsetsSource( 2678): Has no intersection or mTmpFrame.height(), return Insets.NONE mTmpFrame.height() =0 hasIntersection =false
09-16 23:40:35.507 W/InsetsSource( 2678): Has no intersection or mTmpFrame.height(), return Insets.NONE mTmpFrame.height() =0 hasIntersection =false
09-16 23:40:35.508 D/SurfaceFlinger( 1282): updateWinowInfo=1, setFocusedWindow timestamp=24208587589750, windowName=b80e805 org.amarplayer.amarplayer/org.kivy.android.PythonActivity
09-16 23:40:35.513 W/qtMainLoopThrea(16290): type=1400 audit(0.0:24082): avc:  granted  { execute } for  path="/data/data/org.amarplayer.amarplayer/files/app/_python_bundle/modules/zlib.cpython-311.so" dev="dm-59" ino=359139 scontext=u:r:untrusted_app:s0:c73,c257,c512,c768 tcontext=u:object_r:app_data_file:s0:c73,c257,c512,c768 tclass=file app=org.amarplayer.amarplayer
09-16 23:40:35.518 I/HfLooper( 1192): sensor 33171111 = 140.000000 0.000000  40557924924943
09-16 23:40:35.518 I/HfLooper( 1192): sensor light = 35.277000 40557924924943
09-16 23:40:35.518 D/Zygote  ( 1164): Forked child process 23263
09-16 23:40:35.519 I/libsensor-displayalgo( 1557): #### sensorDataCallback  value of event C:140.000000,R:0.000000,G:0.000000,B:0.000000,40557924924943, bl: 516
09-16 23:40:35.523 I/ActivityManager( 1956): Start proc 23263:com.miui.thirdappassistant/u0a315 for content provider {com.miui.thirdappassistant/com.miui.thirdappassistant.ui.exceptionresult.ERHeaderItemViewHolder$SharedPreferencesProvider} caller=com.miui.daemon
09-16 23:40:35.523 I/hwcomposer( 1182): [HRT] only_has_blit_dev_job:0, run simpleLayeringRule.  
09-16 23:40:35.523 I/ActivityManager( 1956): ProcessObserver broadcast disabled
09-16 23:40:35.524 I/libsensor-displayalgo( 1557): input time 40557924924943 cwbtime:40557843689371, preInput time:40557814908886
09-16 23:40:35.524 I/libsensor-displayalgo( 1557): startCalculateLux: miui or fac not first
09-16 23:40:35.524 I/libsensor-displayalgo( 1557): #### startCalculateLux time of diff: 40557843689371:40557924924943:81235572
09-16 23:40:35.524 I/libsensor-displayalgo( 1557): #### inputSensorEventChanged set to true!!!
09-16 23:40:35.524 I/libsensor-displayalgo( 1557): #### startCalculateLux time of diff: 40557843689371:40557869901251
09-16 23:40:35.524 I/libsensor-displayalgo( 1557): ####startCalculateLuxdiff: 81235572
09-16 23:40:35.524 I/libsensor-displayalgo( 1557): #### startCalculateLux current input event time: 40557924924943 40557814908886
09-16 23:40:35.524 I/libsensor-displayalgo( 1557): #### value of  inputBrightness's brightness_51:516,preBrightness's brightness_51:516,lastPredictedLight :137.239596,brightnessDiff:0.000000,sensorDataDiff:-0.568051
09-16 23:40:35.524 I/libsensor-displayalgo( 1557): #### inputBrightness's timestamp:40418240916747,value of brightness time diff:139684008196, index: 60
09-16 23:40:35.524 I/libsensor-displayalgo( 1557): #### inputSensorEventChanged: 1!!!
09-16 23:40:35.524 I/libsensor-displayalgo( 1557): getInputData start: input[0]:516.000000,inputBrightness.panel_1.brightness_51:0.000000
09-16 23:40:35.524 I/libsensor-displayalgo( 1557): getInputData end: input[0]:516.000000,inputBrightness.panel_1.brightness_51:0.000000
09-16 23:40:35.524 I/libsensor-displayalgo( 1557): alsAlgo: second panel
09-16 23:40:35.525 I/libsensor-displayalgo( 1557): CWB_ALS: model output raw: 2.126820 0.045986
09-16 23:40:35.525 I/libsensor-displayalgo( 1557): HSV RGB R= 18.224494,G= 18.224494,B= 18.224494
09-16 23:40:35.525 I/libsensor-displayalgo( 1557): HSV RGB maxValue:18.224494, minValue:18.224494
09-16 23:40:35.526 E/libsensor-displayalgo( 1557): the value of tmp1:372.440000 tmp 449.960000
09-16 23:40:35.526 I/libsensor-displayalgo( 1557): the value of ratio1 is 0.827718
09-16 23:40:35.526 E/libsensor-displayalgo( 1557): the value of tmp1:0.000000 tmp 0.000000
09-16 23:40:35.526 I/libsensor-displayalgo( 1557): the value of ratio1 is 1.000000
09-16 23:40:35.526 I/libsensor-displayalgo( 1557): Write:the value of channelCali ALS:1.8, IR:0.0, scales:1.000000, hsv:-1.000000
09-16 23:40:35.526 I/libsensor-displayalgo( 1557): the value of hsv: -1.000000
09-16 23:40:35.526 I/libsensor-displayalgo( 1557): the value of  ir: 0.000000  Coef: 23701.878000 19699.158000 12075.050000 12075.050000 
09-16 23:40:35.526 I/libsensor-displayalgo( 1557): the value of  REAL LUX 63.994884
09-16 23:40:35.526 D/libsensor-displayalgo( 1557): brightness:516.000000,flat_mode:1.000000,R1:0.000000,G1:0.000000,B1:0.000000,EVENT ALS:140.000000,IR:0.000000lux: 63.994884
09-16 23:40:35.526 I/libsensor-displayalgo( 1557): luxAges[0]=0.000000, index=1
09-16 23:40:35.526 I/libsensor-displayalgo( 1557): luxAges[1]=0.000000, index=2
09-16 23:40:35.526 I/libsensor-displayalgo( 1557): luxAges[2]=0.000000, index=3
09-16 23:40:35.526 I/libsensor-displayalgo( 1557): medianFilter[index]=63.531960 63.994884 63.994884
09-16 23:40:35.527 E/Zygote  (23263): process_name_ptr:23263 com.miui.thirdappassistant
09-16 23:40:35.527 E/Zygote  (23263): SetMemoryProtected process_name_ptr:23263 com.miui.thirdappassistant
09-16 23:40:35.531 I/SKIA    (16290): CreateGraphicsPipeline pipeline cache hit. elpased time: 27.03 ms.
09-16 23:40:35.534 I/python  (16290): Initialized python
09-16 23:40:35.535 I/python  (16290): testing python print redirection
09-16 23:40:35.536 I/irdappassistant(23263): Using generational CollectorTypeCMC GC.
09-16 23:40:35.537 I/python  (16290): Android kivy bootstrap done. __name__ is __main__
09-16 23:40:35.539 I/GrallocExtra(16290): gralloc_extra_query:is_SW3D 0
09-16 23:40:35.540 W/libc    (16290): Access denied finding property "ro.vendor.display.iris_x7.support"
09-16 23:40:35.537 W/RenderThread(16290): type=1400 audit(0.0:24083): avc:  denied  { read } for  name="u:object_r:vendor_displayfeature_prop:s0" dev="tmpfs" ino=565 scontext=u:r:untrusted_app:s0:c73,c257,c512,c768 tcontext=u:object_r:vendor_displayfeature_prop:s0 tclass=file permissive=0 app=org.amarplayer.amarplayer
09-16 23:40:35.541 D/BLASTBufferQueue(16290): [VRI[PythonActivity]#0](f:0,a:1) acquireNextBufferLocked size=1080x2392 mFrameNumber=1 applyTransaction=true mTimestamp=24208649471904(auto) mPendingTransactions.size=0 graphicBufferId=69965017251843 transform=0
09-16 23:40:35.542 D/MI-SF   ( 1282): isTpIdleScene mSetTpIdleFlag 0, mSetLtpoTpIdleFlag 0
09-16 23:40:35.542 D/DisplayModeController( 1282): setDesiredMode 4627039422300187648 {mode={fps=120.00 Hz, modePtr={id=0, vsyncRate=120.00 Hz, peakRefreshRate=120.00 Hz}}, emitEvent=true, force=false}
09-16 23:40:35.542 D/Scheduler( 1282): MtkOverrideDuration: update vsync 120
09-16 23:40:35.542 D/Scheduler( 1282): MtkOverrideDuration: reset override duration
09-16 23:40:35.542 I/PowerHalWrapper( 1282): updateFps(): 120
09-16 23:40:35.543 D/VRI[PythonActivity](16290): vri.reportDrawFinished 0 0 Rect(0, 0 - 1080, 2392)
09-16 23:40:35.543 I/NativeTurboSchedManager(16290): Load libmiui_runtime
09-16 23:40:35.545 D/HWUI    (16290): [HWUI] Flag vulkan_enhance_pipeline_cache enabled
09-16 23:40:35.545 D/HWUI    (16290): [HWUI] EnhanceVkPipelineCache is disabled
09-16 23:40:35.545 D/HWUI    (16290): [HWUI] Flag ddre enabled
09-16 23:40:35.545 D/WindowManager( 1956): wms.finishDrawingLocked: mDrawState=COMMIT_DRAW_PENDING Window{b80e805 u0 org.amarplayer.amarplayer/org.kivy.android.PythonActivity} in Surface(name=org.amarplayer.amarplayer/org.kivy.android.PythonActivity#10305)/@0xec84826
09-16 23:40:35.546 D/DisplayContentStubImpl( 1956): onNewImeFrame: isImeVisible = false, imeFrame = Rect(0, 0 - 0, 0)
09-16 23:40:35.546 W/InsetsSource( 1956): Has no intersection or mTmpFrame.height(), return Insets.NONE mTmpFrame.height() =0 hasIntersection =false
09-16 23:40:35.546 W/InsetsSource( 1956): Has no intersection or mTmpFrame.height(), return Insets.NONE mTmpFrame.height() =0 hasIntersection =false
09-16 23:40:35.546 D/BarFollowAnimation( 1956): pairAppearanceRegionAndWin win=Window{331802 u0 Splash Screen org.amarplayer.amarplayer} 0
09-16 23:40:35.546 D/nativeloader(23263): Load libframework-connectivity-tiramisu-jni.so using APEX ns com_android_tethering for caller /apex/com.android.tethering/javalib/framework-connectivity-t.jar: ok
09-16 23:40:35.547 D/MiuiRefreshRatePolicy( 1956): reset
09-16 23:40:35.548 D/WindowManager( 1956): wms.commitFinishDrawingLocked: mDrawState=READY_TO_SHOW Window{b80e805 u0 org.amarplayer.amarplayer/org.kivy.android.PythonActivity} in Surface(name=org.amarplayer.amarplayer/org.kivy.android.PythonActivity#10305)/@0xec84826
09-16 23:40:35.548 W/InsetsSource(16290): Has no intersection or mTmpFrame.height(), return Insets.NONE mTmpFrame.height() =0 hasIntersection =false
09-16 23:40:35.549 I/WindowManager( 1956): onFirstWindowDrawn, try to remove startingWindow. ar: ActivityRecord{137338548 u0 org.amarplayer.amarplayer/org.kivy.android.PythonActivity t607}  associatedTask: null  isMainWindow: true  startingWindow: Window{331802 u0 Splash Screen org.amarplayer.amarplayer}  startingData: SplashScreenStartingData{bda4895 removeAfterTransaction= 0}
09-16 23:40:35.549 D/PreStartingManager( 1956): Reset colorSurfaceControl: Surface(name=PreColorStarting#10291)/@0x64c7daa  ColorSurfaceSize: 0
09-16 23:40:35.549 D/TaskSnapshot_Helper( 1956): shouldDelay()... Not launched by home, no delay needed.
09-16 23:40:35.549 W/InsetsSource(16290): Has no intersection or mTmpFrame.height(), return Insets.NONE mTmpFrame.height() =0 hasIntersection =false
09-16 23:40:35.549 W/InsetsSource(16290): Has no intersection or mTmpFrame.height(), return Insets.NONE mTmpFrame.height() =0 hasIntersection =false
09-16 23:40:35.551 I/SmartPower( 1956): Miui monitor launch : org.amarplayer.amarplayer/org.kivy.android.PythonActivity  transitionTime:88  launchTime:8412  launchFrom:com.miui.home  launchType:1
09-16 23:40:35.551 I/AppStartScenario( 1956): notifyScenarioChanged: active=false param=Bundle[{renderThreadId=23186, pid=16290, uid=10329, name=org.kivy.android.PythonActivity, type=2, state=1, processName=org.amarplayer.amarplayer, packageName=org.amarplayer.amarplayer}]
09-16 23:40:35.551 I/MiuiPerfServiceClient( 4303): begin bootRecord
09-16 23:40:35.553 D/DisplayContentStubImpl( 1956): onNewImeFrame: isImeVisible = false, imeFrame = Rect(0, 0 - 0, 0)
09-16 23:40:35.553 W/InsetsSource( 1956): Has no intersection or mTmpFrame.height(), return Insets.NONE mTmpFrame.height() =0 hasIntersection =false
09-16 23:40:35.553 D/MiuiForceVkService( 1956): shouldUseVk, pkg=com.miui.thirdappassistant useVk 0
09-16 23:40:35.553 W/InsetsSource( 1956): Has no intersection or mTmpFrame.height(), return Insets.NONE mTmpFrame.height() =0 hasIntersection =false
09-16 23:40:35.553 D/BarFollowAnimation( 1956): pairAppearanceRegionAndWin win=Window{331802 u0 Splash Screen org.amarplayer.amarplayer} 0
09-16 23:40:35.553 I/ActivityThread(23263): Current dynamic renderEngine type=0
09-16 23:40:35.553 D/MiuiRefreshRatePolicy( 1956): reset
09-16 23:40:35.554 I/PowerHalWrapper( 1956): amsBoostStop AMS_BOOST_PACK_SWITCH:false, AMS_BOOST_ACT_SWITCH:false, AMS_BOOST_PROCESS_CREATE:true, AMS_BOOST_PROCESS_CREATE_FOR_GAME:false, AMS_BOOST_HOT_LAUNCH:false 
09-16 23:40:35.555 I/libPowerHal( 1223): [mtkPowerHint] hint:21, hold:6000, ext:30, ext_hold:30000
09-16 23:40:35.556 I/PowerHalWrapper( 1956): amsBoostNotify pid:2394,activity:com.miui.home.launcher.Launcher, package:com.miui.home, mProcessCreatePackorg.amarplayer.amarplayer 
09-16 23:40:35.556 I/PowerHalWrapper( 1956): state: 0 
09-16 23:40:35.557 I/libPowerHal( 1223): [perfLockAcq] idx:6 hdl:38248 hint:21 pid:1223 tid:1223 duration:6000 lock_user:vendor.mediatek => ret_hdl:38248
09-16 23:40:35.557 I/hwcomposer( 1182): [HWCDisplay] (0 setActiveConfigWithConstraints():4595), config:0  
09-16 23:40:35.557 I/hwcomposer( 1182): [HWCDisplay] (0 setActiveConfigWithConstraints():4645), now 24208667320211, diff 377615, estimated_applied_time 16666667 queued_size:0  
09-16 23:40:35.556 I/mtkpower_client( 1956): [PowerHal_Wrap_notifyAppState] com.miui.home/com.miui.home.launcher.Launcher pid=2394 activityId:212581785 state:0
09-16 23:40:35.557 I/libPowerHal( 1223): [PE] MTKPOWER_HINT_PROCESS_CREATE update ONESHOT(set) cmd:10000700 param:16129 pr:3
09-16 23:40:35.557 I/libPowerHal( 1223): [perfLockAcq] Done for hdl : 38248
09-16 23:40:35.557 I/vendor.mediatek.hardware.mtkpower_applist-service.mediatek( 1214): packName: com.miui.home actName: com.miui.home.launcher.Launcher pid: 2394 activityId: 212581785 uid: 10149 state: 0
09-16 23:40:35.557 I/MTK_APPList( 1214): [notifyAPPstate] com.miui.home/com.miui.home.launcher.Launcher, pid=2394, activityId=212581785, uid=10149, mode:Normal state:PAUSED, fps:-1, win:0
09-16 23:40:35.557 I/MTK_APPList( 1214): [notifyAPPstate] multi_resumed_app_count: 1
09-16 23:40:35.557 I/MTK_APPList( 1214): [notifyAPPstate] multi_resumed_app_info[0] org.amarplayer.amarplayer/org.kivy.android.PythonActivity, pid:16290, activityId:137338548, fps:-1, isMultiWindow:0
09-16 23:40:35.557 I/MTK_APPList( 1214): [getForegroundAPPCount] 1
09-16 23:40:35.557 I/MTK_APPList( 1214): [notifyNetdUID] 10329
09-16 23:40:35.558 I/libPowerHal( 1223): [perfLockRel] hdl:38245, idx:4
09-16 23:40:35.559 I/hwcomposer( 1182): [HRT] only_has_blit_dev_job:0, run simpleLayeringRule.  
09-16 23:40:35.559 I/libPowerHal( 1223): [PD] MTKPOWER_HINT_PROCESS_CREATE update ONESHOT(unset) cmd:10000700 param:16129 pr:3
09-16 23:40:35.559 I/libPowerHal( 1223): [perfLockRel] Done for hdl : 38245
09-16 23:40:35.560 E/HwcComposer( 1282): presentOrValidateDisplay 0 presentFence:-1
09-16 23:40:35.560 I/SmartPower: com.miui.thirdappassistant/10315(23263)( 1956): died->background(17229ms) R(process start ) adj=-10000.
09-16 23:40:35.560 I/PowerHalWrapper( 1956): amsBoostNotify AMS_BOOST_PROCESS_CREATE_BOOST:true 
09-16 23:40:35.560 I/PowerHalWrapper( 1956): amsBoostStop AMS_BOOST_PACK_SWITCH:false, AMS_BOOST_ACT_SWITCH:false, AMS_BOOST_PROCESS_CREATE:false, AMS_BOOST_PROCESS_CREATE_FOR_GAME:false, AMS_BOOST_HOT_LAUNCH:false 
09-16 23:40:35.561 D/OnLongClickAgent( 2394): reset:   removeMessages MSG_LONG_CLICK
09-16 23:40:35.562 I/WindowManager( 1956): wms.showSurfaceRobustly mWin:Window{b80e805 u0 org.amarplayer.amarplayer/org.kivy.android.PythonActivity} in Surface(name=org.amarplayer.amarplayer/org.kivy.android.PythonActivity#10305)/@0xec84826
09-16 23:40:35.562 I/mtkpower@impl( 1223): [setMode] type:5, enabled:0
09-16 23:40:35.562 D/OnLongClickAgent( 2394): reset:   removeMessages MSG_LONG_CLICK
09-16 23:40:35.562 D/OnLongClickAgent( 2394): reset:   removeMessages MSG_LONG_CLICK
09-16 23:40:35.562 D/SystemPerformanceHinter( 1956): startSession#HighPerfSession-d0-WindowAnimation
09-16 23:40:35.562 I/CameraActivitySceneMode( 1956): decideSceneMode: ActivityStateChange isn't resumend activityName = com.miui.home.launcher.Launcher, displayId = 0, state = 5, mIsVideocallResumed = false
09-16 23:40:35.562 D/OnLongClickAgent( 2394): reset:   removeMessages MSG_LONG_CLICK
09-16 23:40:35.562 D/OnLongClickAgent( 2394): reset:   removeMessages MSG_LONG_CLICK
09-16 23:40:35.562 D/OnLongClickAgent( 2394): reset:   removeMessages MSG_LONG_CLICK
09-16 23:40:35.563 I/libPowerHal( 1223): [perfLockAcq] idx:7 hdl:38249 hint:30 pid:1223 tid:1223 duration:30000 lock_user:vendor.mediatek => ret_hdl:38249
09-16 23:40:35.563 D/MiuiInputManagerService( 1956): unregisterSrollToTopListener, windowId: 49891803
09-16 23:40:35.563 I/libPowerHal( 1223): [PE] MTKPOWER_HINT_EXT_LAUNCH update cmd:2024000, param:100, pr:3
09-16 23:40:35.563 I/libPowerHal( 1223): [perfLockAcq] Done for hdl : 38249
09-16 23:40:35.564 W/ndroid.systemui( 2678): Binder 0xb400007830ab4b20 destroyed after setInheritRt before being parceled.
09-16 23:40:35.565 I/BpBinder( 1282): onLastStrongRef automatically unlinking death recipients: 
09-16 23:40:35.565 D/CompatibilityInfo( 1956): mCompatibilityFlags - 0
09-16 23:40:35.565 D/CompatibilityInfo( 1956): applicationDensity - 450
09-16 23:40:35.565 D/CompatibilityInfo( 1956): applicationScale - 1.0
09-16 23:40:35.565 I/libPowerHal( 1223): [perfLockRel] hdl:38244, idx:3
09-16 23:40:35.565 D/BLASTBufferQueue( 2678): [VRI[amarplayer]#244](f:0,a:1) destructor()
09-16 23:40:35.565 I/MTK_APPList( 1214): [notifyPID] 16290
09-16 23:40:35.565 D/BufferQueueConsumer( 2678): [VRI[amarplayer]#244(BLAST Consumer)244](id:a76000000f6,api:0,p:-1,c:2678) disconnect: caller 2678
09-16 23:40:35.567 I/libPowerHal( 1223): [perfLockRel] Done for hdl : 38244
09-16 23:40:35.568 I/hwcomposer( 1182): [HWCDisplay] (0 updateAppliedConfigState():4842), applied config complete[idx:24208683986878, config:0]  
09-16 23:40:35.569 I/PowerHalWrapper( 1282): updateFps(): 120
09-16 23:40:35.569 D/SurfaceFlinger( 1282): finalizeDisplayModeChange: display size = 1
09-16 23:40:35.569 I/PowerHalWrapper( 1282): mEnableMultiDisplayMode enable=0 fps=120
09-16 23:40:35.569 I/mtkpower_client( 1282): PowerHal_Wrap_EnableMultiDisplayMode, enable:0 fps:120 CurMultiDisplayMode:-1
09-16 23:40:35.570 I/SurfaceFlinger( 1282): onHandleDestroyed: layerId=10291, name=PreColorStarting#10291
09-16 23:40:35.570 I/PowerHalWrapper( 1282): updateFps(): 120
09-16 23:40:35.569 W/android.fg( 1956): type=1400 audit(0.0:24084): avc:  denied  { search } for  name="iorapd" dev="dm-59" ino=21545 scontext=u:r:system_server:s0 tcontext=u:object_r:iorapd_data_file:s0 tclass=dir permissive=0
09-16 23:40:35.571 D/Launcher.Lifecycle( 2394): onStop:UserHandle{0},ffb7b35,false
09-16 23:40:35.571 D/UninstallDialogWrapper( 2394): mUninstallDialogShowing != isShowfalse, mUninstallDialogShowingfalse,isShowfalse
09-16 23:40:35.572 I/hwcomposer( 1182): [HRT] only_has_blit_dev_job:0, run simpleLayeringRule.  
09-16 23:40:35.572 D/MiuiDownscaleImpl(23263): set override inverted scale : 1.0
09-16 23:40:35.573 I/HfLooper( 1192): sensor 33171111 = 140.000000 0.000000  40557979918722
09-16 23:40:35.573 D/SoscSplitStateController( 2394): updateDividerFixedState: isFixed = false
09-16 23:40:35.573 D/Launcher_UnlockAnimationStateMachine( 2394): onStop = IDLE
09-16 23:40:35.573 E/HwcComposer( 1282): presentOrValidateDisplay 0 presentFence:-1
09-16 23:40:35.574 I/HfLooper( 1192): sensor light = 35.277000 40557979918722
09-16 23:40:35.575 W/AppCompatLetterboxPolicy( 1956): start not layout letterbox Window{331802 u0 Splash Screen org.amarplayer.amarplayer EXITING}
09-16 23:40:35.575 W/hwcomposer( 1182): [DRMDEV] paramIsSame(), id 2351, w 1080/1080, h 2392/2392, pitch 1088/1088, format 0x2/0x1, secure 0/0  
09-16 23:40:35.575 D/DisplayContentStubImpl( 1956): onNewImeFrame: isImeVisible = false, imeFrame = Rect(0, 0 - 0, 0)
09-16 23:40:35.575 I/ActivityTaskManager( 1956): Displayed org.amarplayer.amarplayer/org.kivy.android.PythonActivity for user 0: +8s412ms
09-16 23:40:35.575 W/InsetsSource( 1956): Has no intersection or mTmpFrame.height(), return Insets.NONE mTmpFrame.height() =0 hasIntersection =false
09-16 23:40:35.575 W/InsetsSource( 1956): Has no intersection or mTmpFrame.height(), return Insets.NONE mTmpFrame.height() =0 hasIntersection =false
09-16 23:40:35.575 D/BarFollowAnimation( 1956): pairAppearanceRegionAndWin win=Window{331802 u0 Splash Screen org.amarplayer.amarplayer EXITING} 0
09-16 23:40:35.575 I/libsensor-displayalgo( 1557): #### sensorDataCallback  value of event C:140.000000,R:0.000000,G:0.000000,B:0.000000,40557979918722, bl: 516
09-16 23:40:35.575 D/MBrainLocalService( 1956): isVendorFreezeConditionPass is false
09-16 23:40:35.575 D/MBrainLocalService( 1956): notifyAppLifeCycle failed
09-16 23:40:35.576 I/libsensor-displayalgo( 1557): input time 40557979918722 cwbtime:40557843689371, preInput time:40557924924943
09-16 23:40:35.576 I/libsensor-displayalgo( 1557): startCalculateLux: miui or fac not first
09-16 23:40:35.576 I/libsensor-displayalgo( 1557): #### startCalculateLux time of diff: 40557843689371:40557979918722:136229351
09-16 23:40:35.576 I/libsensor-displayalgo( 1557): #### startCalculateLux time of diff: 40557843689371:40557924924943:81235572
09-16 23:40:35.576 I/libsensor-displayalgo( 1557): #### startCalculateLux time of diff: 40557843689371:40557869901251
09-16 23:40:35.576 I/libsensor-displayalgo( 1557): ####startCalculateLuxdiff: 81235572
09-16 23:40:35.576 I/libsensor-displayalgo( 1557): #### startCalculateLux current input event time: 40557924924943 40557924924943
09-16 23:40:35.576 I/libsensor-displayalgo( 1557): #### value of  inputBrightness's brightness_51:516,preBrightness's brightness_51:516,lastPredictedLight :138.239592,brightnessDiff:0.000000,sensorDataDiff:0.000000
09-16 23:40:35.576 I/libsensor-displayalgo( 1557): #### inputBrightness's timestamp:40418240916747,value of brightness time diff:139684008196, index: 60
09-16 23:40:35.576 I/libsensor-displayalgo( 1557): #### inputSensorEventChanged: 0!!!
09-16 23:40:35.576 D/MiuiRefreshRatePolicy( 1956): reset
09-16 23:40:35.578 W/InsetsSource( 1956): Has no intersection or mTmpFrame.height(), return Insets.NONE mTmpFrame.height() =0 hasIntersection =false
09-16 23:40:35.578 W/InsetsSource( 1956): Has no intersection or mTmpFrame.height(), return Insets.NONE mTmpFrame.height() =0 hasIntersection =false
09-16 23:40:35.578 D/BarFollowAnimation( 1956): pairAppearanceRegionAndWin win=Window{331802 u0 Splash Screen org.amarplayer.amarplayer EXITING} 0
09-16 23:40:35.576 D/SoScSplitScreenController( 2678): updateDividerFixedState isFixed:false
09-16 23:40:35.578 D/LauncherAssistantCompatGoogle( 2394): onStop com.google.android.libraries.gsa.launcherclient.LauncherClient@ae65355
09-16 23:40:35.579 W/InsetsSource( 2678): Has no intersection or mTmpFrame.height(), return Insets.NONE mTmpFrame.height() =0 hasIntersection =false
09-16 23:40:35.579 D/MiuiRefreshRatePolicy( 1956): reset
09-16 23:40:35.579 W/InsetsSource( 2678): Has no intersection or mTmpFrame.height(), return Insets.NONE mTmpFrame.height() =0 hasIntersection =false
09-16 23:40:35.579 W/InsetsSource( 2678): Has no intersection or mTmpFrame.height(), return Insets.NONE mTmpFrame.height() =0 hasIntersection =false
09-16 23:40:35.579 I/hwcomposer( 1182): [HRT] only_has_blit_dev_job:0, run simpleLayeringRule.  
09-16 23:40:35.582 I/HandWritingStubImpl(16290): refreshLastKeyboardType: 1
09-16 23:40:35.582 I/HandWritingStubImpl(16290): getCurrentKeyboardType: 1
09-16 23:40:35.581 W/qtMainLoopThrea(16290): type=1400 audit(0.0:24085): avc:  granted  { execute } for  path="/data/data/org.amarplayer.amarplayer/files/app/_python_bundle/modules/_hashlib.cpython-311.so" dev="dm-59" ino=359079 scontext=u:r:untrusted_app:s0:c73,c257,c512,c768 tcontext=u:object_r:app_data_file:s0:c73,c257,c512,c768 tclass=file app=org.amarplayer.amarplayer
09-16 23:40:35.584 D/SatelliteController( 2654): iisInCarrierRoamingNbIotNtn: satellite is disabled
09-16 23:40:35.585 I/ActivityManager( 1956): unbindService com.android.server.am.ActiveServices@d157864 conn=android.os.BinderProxy@11808c4 callingPid=2394
09-16 23:40:35.586 I/SurfaceFlinger( 1282): onHandleDestroyed: layerId=10308, name=Surface(name=b80e805 org.amarplayer.amarplayer/org.kivy.android.PythonActivity#10304)/@0x478428b - animation-leash of starting_reveal#10308
09-16 23:40:35.587 W/Settings( 2654): Setting airplane_mode_on has moved from android.provider.Settings.System to android.provider.Settings.Global, returning read-only value.
09-16 23:40:35.587 I/Choreographer( 2678): first vsync insert message into MessageQueue Head
09-16 23:40:35.587 I/hwcomposer( 1182): [HRT] only_has_blit_dev_job:0, run simpleLayeringRule.  
09-16 23:40:35.588 D/DouyinContentPagePolicy( 1956):  setRefreshRate:-1
09-16 23:40:35.589 I/libPowerHal( 1223): [perfLockAcq] idx:3 hdl:38250 hint:70 pid:1223 tid:1223 duration:80 lock_user:vendor.mediatek => ret_hdl:38250
09-16 23:40:35.589 I/libPowerHal( 1223): [perfLockAcq] Done for hdl : 38250
09-16 23:40:35.589 I/ImeTracker( 1956): org.amarplayer.amarplayer:196e819b: onRequestHide at ORIGIN_SERVER reason HIDE_UNSPECIFIED_WINDOW fromUser false
09-16 23:40:35.589 I/InputMethodManagerServiceImpl( 1956): Skip shouldIgnoreHideCurrentInputForBackDisplay check.
09-16 23:40:35.589 I/android.hardware.graphics.composer@3.4-service( 1182): Sensor: notify citsensorservice to trigger cwb
09-16 23:40:35.590 I/MiuiNetworkPolicy( 1956): updateUidState uid = 10315, uidState = 19
09-16 23:40:35.590 I/MiuiNetworkPolicy( 1956): updateUidState uid = 99006, uidState = 5
09-16 23:40:35.590 I/MiuiNetworkPolicy( 1956): updateUidState uid = 10252, uidState = 5
09-16 23:40:35.590 I/MiuiNetworkPolicy( 1956): updateUidState uid = 10165, uidState = 5
09-16 23:40:35.590 I/MiuiNetworkPolicy( 1956): updateUidState uid = 10147, uidState = 5
09-16 23:40:35.590 W/libc    ( 1282): Access denied finding property "ro.vendor.display.max_hdr_luminance"
09-16 23:40:35.590 D/InputMethodManagerService( 1956): startInputUncheckedLocked:set client state as:ClientState{8f2904f mUid=10329 mPid=16290 mSelfReportedDisplayId=0}
09-16 23:40:35.591 I/libsensor-frameBufferManager( 1557): request dump start
09-16 23:40:35.591 I/libsensor-frameBufferManager( 1557): CWB_ALS getDispDump 79 1 400 480 
09-16 23:40:35.591 D/libcomposer_ext( 1557): ClientImplAidl::getDispDump(), dpy 1, dst (400, 480), dump_point 1, release_fence -1
09-16 23:40:35.592 D/libcomposer_ext( 1182): DeviceImplAidl::syncPerform(14), client_handle: 2
09-16 23:40:35.592 D/libcomposer_ext( 1182): DeviceImplAidl::ParseGetDispDump(), dpy 1, dst (400, 480), dump_point 1
09-16 23:40:35.592 I/hwcomposer( 1182): [HWC] getDispDump(), client(2), dpy 1, (79,1,479,481), (400, 480), (1, 2), (-1), (-1), (0xb400007253a0d690)  
09-16 23:40:35.592 I/hwcomposer( 1182): [DRMDEV] isSupportWbParams(), id_crtc 115, id_connector 33, dump_point 1, src(79, 1, 400, 480), dst(400, 480), config 0  
09-16 23:40:35.592 I/hwcomposer( 1182): [DISP_DUMP] (0 c:2 setDumpBuf():176), client(2), src(79, 1, 479, 481), dst(400, 480), (1, 2), -1, (-1), (0xb400007253a0d690)  
09-16 23:40:35.592 I/hwcomposer( 1182): [HWC] (0)fire a callback of refresh to SF[9]  
09-16 23:40:35.594 D/InsetsController(16290): hide(ime(), fromIme=false)
09-16 23:40:35.594 I/ImeTracker(16290): org.amarplayer.amarplayer:196e819b: onCancelled at PHASE_CLIENT_ALREADY_HIDDEN
09-16 23:40:35.596 D/LauncherClient.PersistentConnection( 2394): cleanUp mStoppedtrue mLauncherOverlay:com.miui.launcher.overlay.ILauncherOverlay$Stub$Proxy@f5568a0
09-16 23:40:35.596 D/LauncherClient.Connection( 2394): overlay service already disconnected forcom.mi.appfinder class:com.miui.launcher.overlay.client.LauncherOverlayConnection@98b55fb
09-16 23:40:35.596 E/Launcher.application( 2394): setClickAppWaitForCallback = false
09-16 23:40:35.596 D/ForegroundUtils( 4329): Foreground UID status:
09-16 23:40:35.596 D/ForegroundUtils( 4329): UID: 10125 is in foreground: false
09-16 23:40:35.596 D/ForegroundUtils( 4329): UID: 10148 is in foreground: false
09-16 23:40:35.596 D/ForegroundUtils( 4329): UID: 10149 is in foreground: true
09-16 23:40:35.596 D/ForegroundUtils( 4329): UID: 10157 is in foreground: false
09-16 23:40:35.596 D/ForegroundUtils( 4329): UID: 10158 is in foreground: true
09-16 23:40:35.596 D/ForegroundUtils( 4329): UID: 10161 is in foreground: true
09-16 23:40:35.596 D/ForegroundUtils( 4329): UID: 10165 is in foreground: true
09-16 23:40:35.596 D/ForegroundUtils( 4329): UID: 10175 is in foreground: false
09-16 23:40:35.596 D/ForegroundUtils( 4329): UID: 10259 is in foreground: true
09-16 23:40:35.596 D/ForegroundUtils( 4329): UID: 10261 is in foreground: false
09-16 23:40:35.596 D/ForegroundUtils( 4329): UID: 10284 is in foreground: false
09-16 23:40:35.596 D/ForegroundUtils( 4329): UID: 10329 is in foreground: true
09-16 23:40:35.597 D/LauncherOverlay( 4647): setActivityState:0
09-16 23:40:35.597 I/RENDER_TURBO(23263): onActivityThreadCreate not in white list, pkg=com.miui.thirdappassistant, type=spinel
09-16 23:40:35.597 D/HyperComm_TelephonyMonitor( 2612): onSignalStrengthsChanged[1]: SignalStrength:{mCdma=invalid,mGsm=invalid,mWcdma=invalid,mTdscdma=invalid,mLte=CellSignalStrengthLte: rssi=-99 rsrp=-107 rsrq=-10 rssnr=5 cqiTableIndex=2147483647 cqi=0 ta=0 miuiLevel=2 mOptimizedLevel=0 level=3 parametersUseForLevel=0,mNr=invalid,primary=CellSignalStrengthLte,mNrAsPrimaryInNrNsa=false}
09-16 23:40:35.597 I/SceneObserver( 2612): notify event: EVENT_SIGNAL_STRENGTHS_CHANGED
09-16 23:40:35.598 I/hwcomposer( 1182): [HRT] only_has_blit_dev_job:0, run simpleLayeringRule.  
09-16 23:40:35.597 W/qtMainLoopThrea(16290): type=1400 audit(0.0:24086): avc:  granted  { execute } for  path="/data/data/org.amarplayer.amarplayer/files/app/_python_bundle/modules/_blake2.cpython-311.so" dev="dm-59" ino=359060 scontext=u:r:untrusted_app:s0:c73,c257,c512,c768 tcontext=u:object_r:app_data_file:s0:c73,c257,c512,c768 tclass=file app=org.amarplayer.amarplayer
09-16 23:40:35.598 E/HwcComposer( 1282): presentOrValidateDisplay 0 presentFence:-1
09-16 23:40:35.599 D/LauncherOverlay(15234): setActivityState:0
09-16 23:40:35.599 D/libcomposer_ext( 1182): DeviceImplAidl::DeviceClientContextAidl::NotifyDispDumpReady(), client_handle:2, buffer:0xb400007253a03c70, fence:128, period8333333
09-16 23:40:35.599 D/LauncherOverlay.Window(15234): onStop
09-16 23:40:35.599 D/LifecycleOverlayWindow(15234): MiuiHome onStop: false
09-16 23:40:35.600 I/LauncherOverlayCallback( 4647): handleMessage WHAT_ACTIVITY_STATE_CHANGED what：0
09-16 23:40:35.600 D/LauncherOverlay.Window( 4647): onStop
09-16 23:40:35.600 I/LauncherOverlayCallback( 4647): handleMessage WHAT_LAUNCHER_STATE what：0
09-16 23:40:35.600 D/LauncherOverlay.Window( 4647): launcherState 0
09-16 23:40:35.600 D/LauncherOverlay.Window( 4647): resumedStateNow 0,resumedStateNew = 0
09-16 23:40:35.601 D/libcomposer_ext( 1557): ClientCallbackAidl::asyncPerform(15)
09-16 23:40:35.601 D/libcomposer_ext( 1557): ClientImplAidl::ParseNotifyDispDumpReady()
09-16 23:40:35.605 I/SubtypeOperator( 4148): SubtypeOperator$1.onUnbindInput():43 
09-16 23:40:35.606 D/InputEventReceiver( 4148): Input log is disabled in InputEventReceiver.
09-16 23:40:35.606 I/hwcomposer( 1182): [HRT] only_has_blit_dev_job:0, run simpleLayeringRule.  
09-16 23:40:35.607 E/HwcComposer( 1282): presentOrValidateDisplay 0 presentFence:-1
09-16 23:40:35.609 I/MiuiNetworkPolicy( 1956): updateUidState uid = 99001, uidState = 5
09-16 23:40:35.610 I/MiuiNetworkPolicy( 1956): updateUidState uid = 10199, uidState = 5
09-16 23:40:35.610 I/MiuiNetworkPolicy( 1956): updateUidState uid = 10181, uidState = 4
09-16 23:40:35.611 I/CameraActivitySceneMode( 1956): decideSceneMode: ActivityStateChange isn't resumend activityName = com.miui.home.launcher.Launcher, displayId = 0, state = 6, mIsVideocallResumed = false
09-16 23:40:35.614 I/hwcomposer( 1182): [HRT] only_has_blit_dev_job:0, run simpleLayeringRule.  
09-16 23:40:35.614 D/power@timer( 1223): [mtkPowerTimer] visRead:0
09-16 23:40:35.614 I/SubtypeOperator( 4148): SubtypeOperator$1.onBindInput():33 
09-16 23:40:35.615 E/HwcComposer( 1282): presentOrValidateDisplay 0 presentFence:-1
09-16 23:40:35.619 E/libsensor-frameBufferManager( 1557): onCwbSuccess
09-16 23:40:35.620 I/GoogleInputMethodService( 4148): GoogleInputMethodService.onFinishInput():2361 
09-16 23:40:35.621 I/SurfaceFlinger( 1282): onHandleDestroyed: layerId=10270, name=com.miui.home/com.miui.home.launcher.Launcher#10270
09-16 23:40:35.621 I/SurfaceFlinger( 1282): onHandleDestroyed: layerId=10271, name=GoogleDiscoverWindow#10271
09-16 23:40:35.621 I/SurfaceFlinger( 1282): onHandleDestroyed: layerId=10269, name=LauncherOverlayWindow:com.mi.appfinder#10269
09-16 23:40:35.622 I/hwcomposer( 1182): [HRT] only_has_blit_dev_job:0, run simpleLayeringRule.  
09-16 23:40:35.622 I/GoogleInputMethodService( 4148): GoogleInputMethodService.onStartInput():1532 onStartInput(EditorInfo{EditorInfo{packageName=org.amarplayer.amarplayer, inputType=0, inputTypeString=NULL, enableLearning=false, autoCorrection=false, autoComplete=false, imeOptions=0, privateImeOptions=null, actionName=UNSPECIFIED, actionLabel=null, initialSelStart=-1, initialSelEnd=-1, initialCapsMode=0, label=null, fieldId=0, fieldName=null, extras=Bundle[mParcelledData.dataSize=72], hintText=null, hintLocales=[]}}, false)
09-16 23:40:35.622 I/LatinIMEBase( 4148): LatinIMEBase.updateInputViewCoverNavigation():316 Update input view padding, isNavbarOverInputWindow=true, bottom inset=133
09-16 23:40:35.622 E/HwcComposer( 1282): presentOrValidateDisplay 0 presentFence:-1
09-16 23:40:35.622 I/Module  ( 4148): DeviceLockedStatusModuleProvider$Module.updateDeviceLockedStatusInternal():119 repeatCheckTimes = 0, locked = false
09-16 23:40:35.624 D/InputMethodManagerServiceImpl( 1956): ime switch to security: false , switch to normal ime: false , switch from security: false
09-16 23:40:35.625 D/MiuiMirrorInputMethodImpl( 1956): InsetsControlTarget invalid!:Window{b80e805 u0 org.amarplayer.amarplayer/org.kivy.android.PythonActivity}
09-16 23:40:35.626 I/HandWritingStubImpl(16290): getCurrentKeyboardType: 1
09-16 23:40:35.626 I/ImeTracker( 1956): system_server:7d1db6c6: onRequestHide at ORIGIN_SERVER reason IME_REQUESTED_CHANGED_LISTENER fromUser false
09-16 23:40:35.627 D/ForegroundUtils( 4329): Foreground UID status:
09-16 23:40:35.627 D/ForegroundUtils( 4329): UID: 10125 is in foreground: false
09-16 23:40:35.627 D/ForegroundUtils( 4329): UID: 10148 is in foreground: false
09-16 23:40:35.627 D/ForegroundUtils( 4329): UID: 10149 is in foreground: false
09-16 23:40:35.627 W/AppCompatLetterboxPolicy( 1956): start not layout letterbox Window{331802 u0 Splash Screen org.amarplayer.amarplayer EXITING}
09-16 23:40:35.627 D/ForegroundUtils( 4329): UID: 10157 is in foreground: false
09-16 23:40:35.627 D/ForegroundUtils( 4329): UID: 10158 is in foreground: true
09-16 23:40:35.627 D/ForegroundUtils( 4329): UID: 10161 is in foreground: true
09-16 23:40:35.627 D/ForegroundUtils( 4329): UID: 10165 is in foreground: true
09-16 23:40:35.627 D/ForegroundUtils( 4329): UID: 10175 is in foreground: false
09-16 23:40:35.627 D/ForegroundUtils( 4329): UID: 10259 is in foreground: true
09-16 23:40:35.627 D/ForegroundUtils( 4329): UID: 10261 is in foreground: false
09-16 23:40:35.627 D/ForegroundUtils( 4329): UID: 10284 is in foreground: false
09-16 23:40:35.627 D/ForegroundUtils( 4329): UID: 10329 is in foreground: true
09-16 23:40:35.627 D/DisplayContentStubImpl( 1956): onNewImeFrame: isImeVisible = false, imeFrame = Rect(0, 0 - 0, 0)
09-16 23:40:35.627 W/InsetsSource( 1956): Has no intersection or mTmpFrame.height(), return Insets.NONE mTmpFrame.height() =0 hasIntersection =false
09-16 23:40:35.627 W/InsetsSource( 1956): Has no intersection or mTmpFrame.height(), return Insets.NONE mTmpFrame.height() =0 hasIntersection =false
09-16 23:40:35.627 D/BarFollowAnimation( 1956): pairAppearanceRegionAndWin win=Window{331802 u0 Splash Screen org.amarplayer.amarplayer EXITING} 0
09-16 23:40:35.628 D/MiuiRefreshRatePolicy( 1956): reset
09-16 23:40:35.628 I/HfLooper( 1192): sensor 33171111 = 140.000000 0.000000  40558034909290
09-16 23:40:35.629 I/HfLooper( 1192): sensor light = 35.277000 40558034909290
09-16 23:40:35.630 D/Aurogon ( 1956):  uid = 10149 switch to BG
09-16 23:40:35.630 I/DisplayManagerServiceImpl( 1956): updateInputScene: , status: 0 targetPkg: input, cookie: 270
09-16 23:40:35.630 D/MI-SF   ( 1282): updateScene: module = 270 (Unknown), value = 0, pkg = input
09-16 23:40:35.631 I/ImeTracker( 1956): system_server:7d1db6c6: onCancelled at PHASE_SERVER_SHOULD_HIDE
09-16 23:40:35.632 D/ProcessObserverV15( 6427): onForegroundActivitiesChanged:pid = 2394,activity-uid=10149,foregroundActivities=false
09-16 23:40:35.632 I/MiuiNetworkPolicy( 1956): updateUidState uid = 10170, uidState = 4
09-16 23:40:35.632 W/MiPicks-ProcessObserverV15(23825): onForegroundActivitiesChanged:pid = 2394,activity-uid=10149,foregroundActivities=false
09-16 23:40:35.632 I/MiuiNetworkPolicy( 1956): updateUidState uid = 10161, uidState = 5
09-16 23:40:35.632 I/MiuiNetworkPolicy( 1956): updateUidState uid = 10158, uidState = 5
09-16 23:40:35.632 I/MiuiNetworkPolicy( 1956): updateUidState uid = 10149, uidState = 5
09-16 23:40:35.633 I/Module  ( 4148): DeviceLockedStatusModuleProvider$Module.updateDeviceLockedStatusInternal():119 repeatCheckTimes = 1, locked = false
09-16 23:40:35.634 D/DouyinContentPagePolicy( 1956):  setRefreshRate:-1
09-16 23:40:35.635 I/hwcomposer( 1182): [HRT] only_has_blit_dev_job:0, run simpleLayeringRule.  
09-16 23:40:35.635 D/ActivityThread(23263): setEmbeddedParam packageName=com.miui.thirdappassistant processName=com.miui.thirdappassistant isEmbedded=false isIsolated=false
09-16 23:40:35.635 E/HwcComposer( 1282): presentOrValidateDisplay 0 presentFence:-1
09-16 23:40:35.636 D/ApplicationLoaders(23263): Returning zygote-cached class loader: /system_ext/framework/androidx.window.extensions.jar
09-16 23:40:35.636 D/ApplicationLoaders(23263): Returning zygote-cached class loader: /system_ext/framework/androidx.window.sidecar.jar
09-16 23:40:35.637 D/libsensor-parseRGB( 1557): the value of RGB [0.000000 0.000000 0.000000], powPara: 2.152003
09-16 23:40:35.637 I/libsensor-displayalgo( 1557): #### sensorDataCallback  value of event C:140.000000,R:0.000000,G:0.000000,B:0.000000,40558034909290, bl: 516
09-16 23:40:35.637 I/libsensor-displayalgo( 1557): input time 40558034909290 cwbtime:40558030087832, preInput time:40557924924943
09-16 23:40:35.637 I/libsensor-displayalgo( 1557): startCalculateLux: miui or fac not first
09-16 23:40:35.637 I/libsensor-displayalgo( 1557): #### inputSensorEventChanged set to true!!!
09-16 23:40:35.637 I/libsensor-displayalgo( 1557): #### startCalculateLux time of diff: 40558030087832:40558034909290
09-16 23:40:35.637 I/libsensor-displayalgo( 1557): ####startCalculateLuxdiff: 4821458
09-16 23:40:35.637 I/libsensor-displayalgo( 1557): #### startCalculateLux current input event time: 40558034909290 40557924924943
09-16 23:40:35.639 D/HighSpeedTrainModeController( 2654): msg.what = 10
09-16 23:40:35.641 D/NetworkSpeedTracker( 2654): updateNwSignalInfo not allowed ,ignore
09-16 23:40:35.641 D/MiuiTelephonyDFS( 2654): msg.what = 2
09-16 23:40:35.641 I/DisplayPolicyStubImpl( 1956): com.android.server.wm.WindowState hide ime, enable touchboost
09-16 23:40:35.641 I/SurfaceFlinger( 1282): onHandleDestroyed: layerId=10257, name=Surface(name=a65030f InputMethod#144)/@0xd01557a - animation-leash of insets_animation#10257
09-16 23:40:35.642 I/DisplayPolicyStubImpl( 1956): com.android.server.wm.WindowState hide ime, enable touchboost
09-16 23:40:35.642 D/MiuiTelephonyDFS( 2654): getVoiceRat = 13
09-16 23:40:35.642 D/MiuiTelephonyDFS( 2654): getRsrp = -107
09-16 23:40:35.642 D/MiuiTelephonyDFS( 2654): getVoiceRat = 13
09-16 23:40:35.642 D/MiuiTelephonyDFS( 2654): getSnr = 5
09-16 23:40:35.642 D/MiSight:( 2654):  constructEvent id=915100004
09-16 23:40:35.642 I/hwcomposer( 1182): [HRT] only_has_blit_dev_job:0, run simpleLayeringRule.  
09-16 23:40:35.643 D/MiSight:( 2654):  sendEvent id=915100004
09-16 23:40:35.643 D/MiSightJni( 2654): MiSight: Java_com_miui_misight_MiSight_nativeSendEvent enter called. '{"rsrpValue":-107}'
09-16 23:40:35.643 W/InsetsSource( 2394): Has no intersection or mTmpFrame.height(), return Insets.NONE mTmpFrame.height() =0 hasIntersection =false
09-16 23:40:35.643 D/MiEvent ( 2654): MiEvent: this 0x74e95e7df0, paylod=0xb4000076e0a68590
09-16 23:40:35.643 E/HwcComposer( 1282): presentOrValidateDisplay 0 presentFence:-1
09-16 23:40:35.643 W/InsetsSource( 2394): Has no intersection or mTmpFrame.height(), return Insets.NONE mTmpFrame.height() =0 hasIntersection =false
09-16 23:40:35.643 W/InsetsSource( 2394): Has no intersection or mTmpFrame.height(), return Insets.NONE mTmpFrame.height() =0 hasIntersection =false
09-16 23:40:35.643 D/MiEvent ( 2654): flatten EventId 915100004 -t 1789576835 -paraList {"rsrpValue":-107}
09-16 23:40:35.644 D/MiEvent ( 2654): report:EventId 915100004 -t 1789576835 -paraList {"rsrpValue":-107} success
09-16 23:40:35.644 D/MiEvent ( 2654): ~MiEvent: this 0x74e95e7df0, paylod=0xb4000076e0a68590
09-16 23:40:35.645 I/misight ( 1417): OnEvent EventPrivacyCompliance event=915100004
09-16 23:40:35.645 D/misight ( 1417): ProcessEvent devVersion==OS3.0.301.0.WPGIDXM,faultLevel=2,prv=3 region=eea
09-16 23:40:35.645 I/misight ( 1417): OnEvent EventStorageManager event=915100004,3
09-16 23:40:35.645 D/misight ( 1417): ProcessNewDayEvent event happen time 1789576835,start time=1789491600,restart=1
09-16 23:40:35.645 D/misight ( 1417): ProcessNewDayEvent event happen time 1789576835, last=1789576835,start time=1789491600,next day =1789578000, interval=1305
09-16 23:40:35.645 D/misight ( 1417): Execute start execute sql /data/miuilog/misight/event.db:select id,event_id,daily_cnt,over_cnt,hour_cnt,next_expire_time,last_happen_time,last_log_time from event_daily where event_id = '915100004' limit 1
09-16 23:40:35.645 D/misight ( 1417): DetectDropByTime event 915100004 parser maxCnt=200 lastTime=1789576695 same=0, overCnt=6398,dailyCnt=100,hourCnt=7
09-16 23:40:35.645 I/misight ( 1417): DetectDropEvent event 915100004 over hour cnt drop it, hourCnt=8 halfCnt=3, maxCnt=200 punishSecond=432,space=140
09-16 23:40:35.645 D/misight ( 1417): Execute start execute sql /data/miuilog/misight/event.db:update event_daily set  daily_cnt=100, hour_cnt=7, next_expire_time=1789576936, over_cnt=6399, last_happen_time=1789576695, last_log_time=0  where id = '3'
09-16 23:40:35.646 W/InsetsSource(16290): Has no intersection or mTmpFrame.height(), return Insets.NONE mTmpFrame.height() =0 hasIntersection =false
09-16 23:40:35.646 W/InsetsSource(16290): Has no intersection or mTmpFrame.height(), return Insets.NONE mTmpFrame.height() =0 hasIntersection =false
09-16 23:40:35.647 W/InsetsSource(16290): Has no intersection or mTmpFrame.height(), return Insets.NONE mTmpFrame.height() =0 hasIntersection =false
09-16 23:40:35.648 I/misight ( 1417): OnEvent EventInfoPack event 915100004
09-16 23:40:35.649 I/hwcomposer( 1182): [HRT] only_has_blit_dev_job:0, run simpleLayeringRule.  
09-16 23:40:35.649 E/HwcComposer( 1282): presentOrValidateDisplay 0 presentFence:-1
09-16 23:40:35.650 D/nativeloader(23263): InitLlndkLibrariesProduct: libEGL.so:libGLESv1_CM.so:libGLESv2.so:libGLESv3.so:libRS.so:libandroid_net.so:libapexsupport.so:libavf.so:libbinder_ndk.so:libc.so:libcgrouprc.so:libclang_rt.asan-aarch64-android.so:libclang_rt.asan-arm-android.so:libclang_rt.hwasan-aarch64-android.so:libcom.android.tethering.connectivity_native.so:libdl.so:libft2.so:liblog.so:libm.so:libmediandk.so:libnativewindow.so:libneuralnetworks.so:libselinux.so:libsync.so:libvendorsupport.so:libvndksupport.so:libvulkan.so
09-16 23:40:35.650 D/nativeloader(23263): Configuring product-clns-10 for unbundled product apk /product/app/ThirdAppAssistantGlobal/ThirdAppAssistantGlobal.apk. target_sdk_version=36, uses_libraries=, library_path=/product/app/ThirdAppAssistantGlobal/lib/arm64:/product/app/ThirdAppAssistantGlobal/ThirdAppAssistantGlobal.apk!/lib/arm64-v8a:/product/lib64:/system/product/lib64, permitted_path=/data:/mnt/expand:/data/user/0/com.miui.thirdappassistant:/product/lib64:/system/product/lib64
09-16 23:40:35.651 D/nativeloader(23263): InitVndkspLibrariesProduct: VNDK is deprecated with product
09-16 23:40:35.658 I/hwcomposer( 1182): [HRT] only_has_blit_dev_job:0, run simpleLayeringRule.  
09-16 23:40:35.658 I/irdappassistant(23263): AssetManager2(0xb400007730a0cdf8) locale list changing from [] to [in-ID]
09-16 23:40:35.658 E/HwcComposer( 1282): presentOrValidateDisplay 0 presentFence:-1
09-16 23:40:35.659 I/SmartPower: com.android.vending/10157(26693)( 1956): idle->background(17562ms) R(service create com.android.vending/com.google.android.finsky.scheduler.process.mainimpl.PhoneskyJobServiceMain) adj=0.
09-16 23:40:35.659 I/whetstone.activity( 1956): Power Event callback listener is empty for resId=256
09-16 23:40:35.659 D/BatteryStatsManagerStub( 1956): notifyEvent for resId=256 used 1ms
09-16 23:40:35.660 I/MiuiNetworkPolicy( 1956): updateUidState uid = 10157, uidState = 8
09-16 23:40:35.660 W/PackageConfigPersister( 1956): App-specific configuration not found for packageName: org.amarplayer.amarplayer and userId: 0
09-16 23:40:35.662 E/MiuiPreloadClassImpl(23263): invoke error.
09-16 23:40:35.662 D/MiuiMonitorThread(23263): Shared singleton Thread for stability monitor start
09-16 23:40:35.665 I/Finsky  (26693): [2] SCH: job service start with id 9693.
09-16 23:40:35.665 D/ActivityThread(23263): the event that target app starts is : AppLaunchEvent{mType='441', mProcessName='com.miui.thirdappassistant', mPackageName='com.miui.thirdappassistant', mIsMainProcess='true', mVersionCode='1040', mVersionName='', mLaunchTime='2026-09-16'}
09-16 23:40:35.666 I/hwcomposer( 1182): [HRT] only_has_blit_dev_job:0, run simpleLayeringRule.  
09-16 23:40:35.666 E/HwcComposer( 1282): presentOrValidateDisplay 0 presentFence:-1
09-16 23:40:35.666 W/MQSEventManager( 4303): 441 occur
09-16 23:40:35.666 D/HWUI    (23263): [HWUI] Flag vulkan_enhance_pipeline_cache enabled
09-16 23:40:35.666 D/HWUI    (23263): [HWUI] EnhanceVkPipelineCache is disabled
09-16 23:40:35.666 D/HWUI    (23263): [HWUI] Flag ddre enabled
09-16 23:40:35.667 V/GraphicsEnvironment(23263): Currently set values for:
09-16 23:40:35.667 V/GraphicsEnvironment(23263):   angle_gl_driver_selection_pkgs=[]
09-16 23:40:35.667 V/GraphicsEnvironment(23263):   angle_gl_driver_selection_values=[]
09-16 23:40:35.667 V/GraphicsEnvironment(23263): com.miui.thirdappassistant is not listed in per-application setting
09-16 23:40:35.668 V/GraphicsEnvironment(23263): ANGLE allowlist from config: com.dreamgames.royalmatch com.dts.freefiremax com.dxx.firenow com.gramgames.mergedragons com.ludo.king com.mojang.minecraftpe com.my.defense com.nintendo.zaka com.os.airforce com.playrix.fishdomdd.gplay io.teslatech.callbreak jp.konami.prospia net.peakgames.toonblast
09-16 23:40:35.668 V/GraphicsEnvironment(23263): com.miui.thirdappassistant is not listed in ANGLE allowlist or settings, returning default
09-16 23:40:35.669 I/mtkpower@impl( 1223): [powerd_req] TIMER_MSG_PERF_LOCK_TIMEOUT hdl:38250
09-16 23:40:35.670 I/libPowerHal( 1223): [perfLockRel] hdl:38250, idx:3
09-16 23:40:35.670 I/libPowerHal( 1223): [perfLockRel] Done for hdl : 38250
09-16 23:40:35.671 I/ActivityThread(23263): TrafficStats init done
09-16 23:40:35.674 I/hwcomposer( 1182): [HRT] only_has_blit_dev_job:0, run simpleLayeringRule.  
09-16 23:40:35.674 E/HwcComposer( 1282): presentOrValidateDisplay 0 presentFence:-1
09-16 23:40:35.677 E/ashmem  (23263): Pinning is deprecated since Android Q. Please use trim or other methods.
09-16 23:40:35.678 I/ForceDarkHelperStubImpl(23263): initialize for com.miui.thirdappassistant , ForceDarkOrigin
09-16 23:40:35.680 D/nativeloader(23263): Load libforcedarkimpl.so using system ns (caller=/system_ext/framework/miui-framework.jar): ok
09-16 23:40:35.680 D/HWUI    (23263): JNI_OnLoad success
09-16 23:40:35.680 I/MiuiForceDarkConfig(23263): setConfig density:2.812500, mainRule:0, secondaryRule:0, tertiaryRule:0
09-16 23:40:35.682 I/hwcomposer( 1182): [HRT] only_has_blit_dev_job:0, run simpleLayeringRule.  
09-16 23:40:35.682 I/HfLooper( 1192): sensor 33171111 = 142.000000 0.000000  40558089902439
09-16 23:40:35.682 I/HfLooper( 1192): sensor light = 35.277000 40558089902439
09-16 23:40:35.683 E/HwcComposer( 1282): presentOrValidateDisplay 0 presentFence:-1
09-16 23:40:35.683 I/libsensor-displayalgo( 1557): #### sensorDataCallback  value of event C:142.000000,R:0.000000,G:0.000000,B:0.000000,40558089902439, bl: 516
09-16 23:40:35.683 I/libsensor-displayalgo( 1557): input time 40558089902439 cwbtime:40558030087832, preInput time:40557924924943
09-16 23:40:35.683 I/libsensor-displayalgo( 1557): startCalculateLux: miui or fac not first
09-16 23:40:35.683 I/libsensor-displayalgo( 1557): #### inputSensorEventChanged set to true!!!
09-16 23:40:35.683 I/libsensor-displayalgo( 1557): #### startCalculateLux time of diff: 40558030087832:40558089902439
09-16 23:40:35.683 I/libsensor-displayalgo( 1557): ####startCalculateLuxdiff: 59814607
09-16 23:40:35.683 I/libsensor-displayalgo( 1557): #### startCalculateLux current input event time: 40558089902439 40557924924943
09-16 23:40:35.687 I/Finsky  (26693): [2450] SCH: Satisfied jobs for 9693 are: 12-1
09-16 23:40:35.690 I/Finsky  (26693): [2458] SCH: Job 12-1 starting
09-16 23:40:35.691 I/Finsky  (26693): [2] WM::SCH: Logging work start for 12-1
09-16 23:40:35.691 I/hwcomposer( 1182): [HRT] only_has_blit_dev_job:0, run simpleLayeringRule.  
09-16 23:40:35.691 I/Finsky  (26693): [2] [ContentSync] job started
09-16 23:40:35.691 E/HwcComposer( 1282): presentOrValidateDisplay 0 presentFence:-1
09-16 23:40:35.693 I/ActivityThread(23263): Miui Feature Init done
09-16 23:40:35.697 D/ResMonitorStub(23263): The current process type is: system_app, process name is: com.miui.thirdappassistant
09-16 23:40:35.699 I/hwcomposer( 1182): [HRT] only_has_blit_dev_job:0, run simpleLayeringRule.  
09-16 23:40:35.700 E/HwcComposer( 1282): presentOrValidateDisplay 0 presentFence:-1
09-16 23:40:35.705 I/JavaheapMonitor(23263): Java heap leak ratio threshold from RMS: 80%, Max: 256M, Process name: com.miui.thirdappassistant
09-16 23:40:35.705 I/JavaheapMonitor(23263): Java heap loop intervals: (Count: 5)
09-16 23:40:35.706 I/JavaheapMonitor(23263): 0: 0.0, 300s
09-16 23:40:35.706 I/JavaheapMonitor(23263): 1: 0.2, 180s
09-16 23:40:35.706 I/JavaheapMonitor(23263): 2: 0.4, 60s
09-16 23:40:35.706 I/JavaheapMonitor(23263): 3: 0.6, 30s
09-16 23:40:35.706 I/JavaheapMonitor(23263): 4: 0.8, 10s
09-16 23:40:35.706 I/JavaheapMonitor(23263): Java heap monitor start in proc: com.miui.thirdappassistant
09-16 23:40:35.706 D/ResMonitorStub(23263): The current process type supports enabling Java heap monitoring
09-16 23:40:35.708 I/hwcomposer( 1182): [HRT] only_has_blit_dev_job:0, run simpleLayeringRule.  
09-16 23:40:35.709 E/HwcComposer( 1282): presentOrValidateDisplay 0 presentFence:-1
09-16 23:40:35.716 D/BaseOneTrackImp(23263): OneTrackImp init : Configuration{appId='28***************69'projectId='th*************nt'pKeyId='71************************************75', pluginId='null', channel='null', international=false, region='null', overrideMiuiRegionSetting=false, mode=APP, GAIDEnable=true, IMSIEnable=true, IMEIEnable=true, LogDirPathForCrashReport=null, ExceptionCatcherEnable=true, instanceId=null}
09-16 23:40:35.716 I/hwcomposer( 1182): [HRT] only_has_blit_dev_job:0, run simpleLayeringRule.  
09-16 23:40:35.716 D/OneTrackSdk(23263): updateDebugSwitch sEnable: false sDebugMode：false sDebugProperty：false
09-16 23:40:35.716 D/BaseOneTrackImp(23263): OneTrackImp sdk ver : 3.1.12
09-16 23:40:35.716 D/OneTrackSdk(23263): updateTestSwitch sTestEnable: false sTestMode：false sTestProperty：false
09-16 23:40:35.716 D/OneTrackSdk(23263): log on: false, quick upload on: false
09-16 23:40:35.717 D/OneTrackSdk(23263): updateDebugSwitch sEnable: false sDebugMode：false sDebugProperty：false
09-16 23:40:35.717 E/HwcComposer( 1282): presentOrValidateDisplay 0 presentFence:-1
09-16 23:40:35.719 D/OneTrack-Crashlytics(23263): updateDebugSwitch sEnable: false sDebugMode：false sDebugProperty：false
09-16 23:40:35.719 D/OneTrack-Crashlytics(23263): sDebugProperty: false
09-16 23:40:35.719 I/OneTrack-Crashlytics-XCrash(23263): Crashlytics init, version: 2.0.1
09-16 23:40:35.719 I/OneTrack-Crashlytics-XCrash(23263): libxcrash_dumper.so not exist in nativeLibraryDir
09-16 23:40:35.724 I/hwcomposer( 1182): [HRT] only_has_blit_dev_job:0, run simpleLayeringRule.  
09-16 23:40:35.725 E/HwcComposer( 1282): presentOrValidateDisplay 0 presentFence:-1
09-16 23:40:35.733 I/hwcomposer( 1182): [HRT] only_has_blit_dev_job:0, run simpleLayeringRule.  
09-16 23:40:35.733 D/nativeloader(23263): Load /product/app/ThirdAppAssistantGlobal/ThirdAppAssistantGlobal.apk!/lib/arm64-v8a/libxcrash.so using class loader ns product-clns-10 (caller=/product/app/ThirdAppAssistantGlobal/ThirdAppAssistantGlobal.apk): ok
09-16 23:40:35.734 E/HwcComposer( 1282): presentOrValidateDisplay 0 presentFence:-1
09-16 23:40:35.737 E/HyperSentinel( 1956): ->pid:2022,processName:"com.whatsapp.w4b",Rss Memory Size Change 559472kb -> 419260kb
09-16 23:40:35.737 I/HfLooper( 1192): sensor 33171111 = 185.000000 0.000000  40558144925584
09-16 23:40:35.738 I/HfLooper( 1192): sensor light = 35.277000 40558144925584
09-16 23:40:35.739 I/WindowManager( 1956): StartingWindow exit animation finished, win = Window{331802 u0 Splash Screen org.amarplayer.amarplayer EXITING} remove = true
09-16 23:40:35.739 I/WindowManager( 1956): wms.hideSurface mWin:Window{331802 u0 Splash Screen org.amarplayer.amarplayer EXITING} reason:(onExitAnimationDone) in Surface(name=Splash Screen org.amarplayer.amarplayer#10293)/@0xebeb24e
09-16 23:40:35.740 I/libsensor-displayalgo( 1557): #### sensorDataCallback  value of event C:185.000000,R:0.000000,G:0.000000,B:0.000000,40558144925584, bl: 516
09-16 23:40:35.741 D/MiuiMirrorInputMethodImpl( 1956): InsetsControlTarget invalid!:Window{b80e805 u0 org.amarplayer.amarplayer/org.kivy.android.PythonActivity}
09-16 23:40:35.741 D/WindowManager( 1956): postWindowRemoveCleanupLocked: Removing startingWindow Window{331802 u0 Splash Screen org.amarplayer.amarplayer} from ActivityRecord{137338548 u0 org.amarplayer.amarplayer/org.kivy.android.PythonActivity t607} activity = ActivityRecord{137338548 u0 org.amarplayer.amarplayer/org.kivy.android.PythonActivity t607}
09-16 23:40:35.741 I/hwcomposer( 1182): [HRT] only_has_blit_dev_job:0, run simpleLayeringRule.  
09-16 23:40:35.742 E/HwcComposer( 1282): presentOrValidateDisplay 0 presentFence:-1
09-16 23:40:35.742 D/DisplayContentStubImpl( 1956): onNewImeFrame: isImeVisible = false, imeFrame = Rect(0, 0 - 0, 0)
09-16 23:40:35.742 W/InsetsSource( 1956): Has no intersection or mTmpFrame.height(), return Insets.NONE mTmpFrame.height() =0 hasIntersection =false
09-16 23:40:35.742 W/InsetsSource( 1956): Has no intersection or mTmpFrame.height(), return Insets.NONE mTmpFrame.height() =0 hasIntersection =false
09-16 23:40:35.743 D/BarFollowAnimation( 1956): pairAppearanceRegionAndWin win=Window{b80e805 u0 org.amarplayer.amarplayer/org.kivy.android.PythonActivity} 0
09-16 23:40:35.743 D/MiuiRefreshRatePolicy( 1956): reset
09-16 23:40:35.743 I/libsensor-displayalgo( 1557): input time 40558144925584 cwbtime:40558030087832, preInput time:40557924924943
09-16 23:40:35.743 I/libsensor-displayalgo( 1557): startCalculateLux: miui or fac not first
09-16 23:40:35.743 I/libsensor-displayalgo( 1557): #### startCalculateLux time of diff: 40558030087832:40558144925584:114837752
09-16 23:40:35.743 I/libsensor-displayalgo( 1557): #### inputSensorEventChanged set to true!!!
09-16 23:40:35.743 I/libsensor-displayalgo( 1557): #### startCalculateLux time of diff: 40558030087832:40558089902439
09-16 23:40:35.743 I/libsensor-displayalgo( 1557): ####startCalculateLuxdiff: 114837752
09-16 23:40:35.743 I/libsensor-displayalgo( 1557): #### startCalculateLux current input event time: 40558144925584 40557924924943
09-16 23:40:35.743 I/libsensor-displayalgo( 1557): #### value of  inputBrightness's brightness_51:516,preBrightness's brightness_51:516,lastPredictedLight :138.239592,brightnessDiff:0.000000,sensorDataDiff:-25.562263
09-16 23:40:35.743 I/libsensor-displayalgo( 1557): #### inputBrightness's timestamp:40418240916747,value of brightness time diff:139904008837, index: 60
09-16 23:40:35.743 I/libsensor-displayalgo( 1557): #### inputSensorEventChanged: 1!!!
09-16 23:40:35.743 I/libsensor-displayalgo( 1557): getInputData start: input[0]:516.000000,inputBrightness.panel_1.brightness_51:0.000000
09-16 23:40:35.743 I/libsensor-displayalgo( 1557): getInputData end: input[0]:516.000000,inputBrightness.panel_1.brightness_51:0.000000
09-16 23:40:35.743 I/libsensor-displayalgo( 1557): alsAlgo: second panel
09-16 23:40:35.746 I/libsensor-displayalgo( 1557): CWB_ALS: model output raw: 2.126736 0.045985
09-16 23:40:35.747 I/OneTrack-XCrash(23263): xc_trace_dumper->waiting for quit signal!
09-16 23:40:35.747 D/SystemPerformanceHinter( 1956): endSession#HighPerfSession-d0-WindowAnimation
09-16 23:40:35.748 D/nativeloader(23263): Load /product/app/ThirdAppAssistantGlobal/ThirdAppAssistantGlobal.apk!/lib/arm64-v8a/libshadowhook.so using class loader ns product-clns-10 (caller=/product/app/ThirdAppAssistantGlobal/ThirdAppAssistantGlobal.apk): ok
09-16 23:40:35.748 I/libsensor-displayalgo( 1557): HSV RGB R= 18.227830,G= 18.227830,B= 18.227830
09-16 23:40:35.748 I/libsensor-displayalgo( 1557): HSV RGB maxValue:18.227830, minValue:18.227830
09-16 23:40:35.748 E/libsensor-displayalgo( 1557): the value of tmp1:372.440000 tmp 449.960000
09-16 23:40:35.748 I/libsensor-displayalgo( 1557): the value of ratio1 is 0.827718
09-16 23:40:35.748 E/libsensor-displayalgo( 1557): the value of tmp1:0.000000 tmp 0.000000
09-16 23:40:35.748 I/libsensor-displayalgo( 1557): the value of ratio1 is 1.000000
09-16 23:40:35.749 I/libsensor-displayalgo( 1557): Write:the value of channelCali ALS:1.8, IR:0.0, scales:1.000000, hsv:-1.000000
09-16 23:40:35.749 I/libsensor-displayalgo( 1557): the value of hsv: -1.000000
09-16 23:40:35.749 I/libsensor-displayalgo( 1557): the value of  ir: 0.000000  Coef: 23701.878000 19699.158000 12075.050000 12075.050000 
09-16 23:40:35.749 I/libsensor-displayalgo( 1557): the value of  REAL LUX 84.826637
09-16 23:40:35.749 D/libsensor-displayalgo( 1557): brightness:516.000000,flat_mode:1.000000,R1:0.000000,G1:0.000000,B1:0.000000,EVENT ALS:185.000000,IR:0.000000lux: 84.826637
09-16 23:40:35.749 I/libsensor-displayalgo( 1557): dbv:516,lux:84.8,hsv:-1.0,dc:0CWB R:0.0,G:0.0,B:0.0Event ALS:185.0,IR:0.0Cali ALS:0.0,IR:0.0
09-16 23:40:35.749 I/libsensor-displayalgo( 1557): luxAges[0]=0.000000, index=2
09-16 23:40:35.749 I/libsensor-displayalgo( 1557): luxAges[1]=0.000000, index=3
09-16 23:40:35.749 I/libsensor-displayalgo( 1557): luxAges[2]=0.000000, index=1
09-16 23:40:35.750 I/libsensor-displayalgo( 1557): medianFilter[index]=63.531960 84.826637 63.994884
09-16 23:40:35.750 W/InsetsSource( 1956): Has no intersection or mTmpFrame.height(), return Insets.NONE mTmpFrame.height() =0 hasIntersection =false
09-16 23:40:35.750 W/InsetsSource( 1956): Has no intersection or mTmpFrame.height(), return Insets.NONE mTmpFrame.height() =0 hasIntersection =false
09-16 23:40:35.750 D/BarFollowAnimation( 1956): pairAppearanceRegionAndWin win=Window{b80e805 u0 org.amarplayer.amarplayer/org.kivy.android.PythonActivity} 0
09-16 23:40:35.750 I/hwcomposer( 1182): [HRT] only_has_blit_dev_job:0, run simpleLayeringRule.  
09-16 23:40:35.751 D/MiuiRefreshRatePolicy( 1956): reset
09-16 23:40:35.751 E/HwcComposer( 1282): presentOrValidateDisplay 0 presentFence:-1
09-16 23:40:35.753 I/android.vending(26693): Waiting for a blocking GC ProfileSaver
09-16 23:40:35.755 D/AutoDensity(23263): autodensity debugEnable = 
09-16 23:40:35.755 E/shadowhook_tag(23263): shadowhook version 1.1.1: shadowhook init(mode: SHARED, debuggable: false), return: 0, real-init: yes
09-16 23:40:35.756 D/nativeloader(23263): Load /product/app/ThirdAppAssistantGlobal/ThirdAppAssistantGlobal.apk!/lib/arm64-v8a/libbytehook.so using class loader ns product-clns-10 (caller=/product/app/ThirdAppAssistantGlobal/ThirdAppAssistantGlobal.apk): ok
09-16 23:40:35.757 E/bytehook_tag(23263): bytehook version 1.1.1: bytehook init(mode: AUTOMATIC, debuggable: false), return: 0, real-init: yes
09-16 23:40:35.757 I/SurfaceFlinger( 1282): onHandleDestroyed: layerId=10293, name=Splash Screen org.amarplayer.amarplayer#10293
09-16 23:40:35.757 I/SurfaceFlinger( 1282): onHandleDestroyed: layerId=10309, name=Surface(name=331802 Splash Screen org.amarplayer.amarplayer#10292)/@0xa862350 - animation-leash of window_animation#10309
09-16 23:40:35.758 I/SurfaceFlinger( 1282): onHandleDestroyed: layerId=10292, name=331802 Splash Screen org.amarplayer.amarplayer#10292
09-16 23:40:35.759 I/hwcomposer( 1182): [HRT] only_has_blit_dev_job:0, run simpleLayeringRule.  
09-16 23:40:35.759 W/libc    (23263): Access denied finding property "ro.debuggable"
09-16 23:40:35.763 D/AutoDensity(23263): 	getAccessibilityDpi Exception: android.provider.Settings$SettingNotFoundException: display_density_forced
09-16 23:40:35.768 I/hwcomposer( 1182): [HRT] only_has_blit_dev_job:0, run simpleLayeringRule.  
09-16 23:40:35.772 I/MiuiNetworkPolicy( 1956): updateUidState uid = 10315, uidState = 5
09-16 23:40:35.793 I/HfLooper( 1192): sensor 33171111 = 297.000000 0.000000  40558199919959
09-16 23:40:35.793 I/HfLooper( 1192): sensor light = 35.277000 40558199919959
09-16 23:40:35.794 I/libsensor-displayalgo( 1557): #### sensorDataCallback  value of event C:297.000000,R:0.000000,G:0.000000,B:0.000000,40558199919959, bl: 516
09-16 23:40:35.794 I/libsensor-displayalgo( 1557): input time 40558199919959 cwbtime:40558030087832, preInput time:40558144925584
09-16 23:40:35.794 I/libsensor-displayalgo( 1557): startCalculateLux: miui or fac not first
09-16 23:40:35.794 I/libsensor-displayalgo( 1557): #### startCalculateLux time of diff: 40558030087832:40558199919959:169832127
09-16 23:40:35.794 I/libsensor-displayalgo( 1557): #### startCalculateLux time of diff: 40558030087832:40558144925584:114837752
09-16 23:40:35.794 I/libsensor-displayalgo( 1557): #### startCalculateLux time of diff: 40558030087832:40558089902439
09-16 23:40:35.794 I/libsensor-displayalgo( 1557): ####startCalculateLuxdiff: 114837752
09-16 23:40:35.794 I/libsensor-displayalgo( 1557): #### startCalculateLux current input event time: 40558144925584 40558144925584
09-16 23:40:35.794 I/libsensor-displayalgo( 1557): #### value of  inputBrightness's brightness_51:516,preBrightness's brightness_51:516,lastPredictedLight :183.239662,brightnessDiff:0.000000,sensorDataDiff:0.000000
09-16 23:40:35.794 I/libsensor-displayalgo( 1557): #### inputBrightness's timestamp:40418240916747,value of brightness time diff:139904008837, index: 60
09-16 23:40:35.794 I/libsensor-displayalgo( 1557): #### inputSensorEventChanged: 0!!!
09-16 23:40:35.818 I/hwcomposer( 1182): [HWC] (0)fire a callback of refresh to SF[4]  
09-16 23:40:35.824 I/hwcomposer( 1182): [HRT] only_has_blit_dev_job:0, run simpleLayeringRule.  
09-16 23:40:35.825 E/HwcComposer( 1282): presentOrValidateDisplay 0 presentFence:-1
09-16 23:40:35.829 I/BufferQueueProducer( 1282): [FramebufferSurface](this:0xb400007925609940,id:-1,api:1,p:1282,c:1282) queueBuffer: fps=0.64 dur=3143.71 max=3009.49 min=134.23
09-16 23:40:35.831 I/android.hardware.graphics.composer@3.4-service( 1182): Sensor: notify citsensorservice to trigger cwb
09-16 23:40:35.831 D/Aurogon ( 1956):  onForegroundActivitiesChanged packageName = com.miui.home
09-16 23:40:35.831 I/libsensor-frameBufferManager( 1557): request dump start
09-16 23:40:35.832 I/MI-SF   ( 1282): surfaceflinger setAffinity mode=1
09-16 23:40:35.832 I/libsensor-frameBufferManager( 1557): CWB_ALS getDispDump 79 1 400 480 
09-16 23:40:35.832 D/libcomposer_ext( 1557): ClientImplAidl::getDispDump(), dpy 1, dst (400, 480), dump_point 1, release_fence -1
09-16 23:40:35.832 E/MI-SF   ( 1282): surfaceflinger setAffinity success
09-16 23:40:35.832 I/MI-SF   ( 1282): surfaceflinger setreAffinity reTid=1352
09-16 23:40:35.832 E/MI-SF   ( 1282): surfaceflinger setAffinity success
09-16 23:40:35.832 D/libcomposer_ext( 1182): DeviceImplAidl::syncPerform(14), client_handle: 2
09-16 23:40:35.832 D/libcomposer_ext( 1182): DeviceImplAidl::ParseGetDispDump(), dpy 1, dst (400, 480), dump_point 1
09-16 23:40:35.832 I/hwcomposer( 1182): [HWC] getDispDump(), client(2), dpy 1, (79,1,479,481), (400, 480), (1, 2), (-1), (-1), (0xb400007253a0d7b0)  
09-16 23:40:35.832 I/hwcomposer( 1182): [DRMDEV] isSupportWbParams(), id_crtc 115, id_connector 33, dump_point 1, src(79, 1, 400, 480), dst(400, 480), config 0  
09-16 23:40:35.832 I/hwcomposer( 1182): [DISP_DUMP] (0 c:2 setDumpBuf():176), client(2), src(79, 1, 479, 481), dst(400, 480), (1, 2), -1, (-1), (0xb400007253a0d7b0)  
09-16 23:40:35.832 I/hwcomposer( 1182): [HWC] (0)fire a callback of refresh to SF[9]  
09-16 23:40:35.833 W/libc    ( 1282): Access denied finding property "ro.vendor.display.max_hdr_luminance"
09-16 23:40:35.835 D/AudioFlinger( 1259): updateActiveAudioState mLastActiveAudioState=1 isActiveAudio=1
09-16 23:40:35.836 I/android.vending(26693): WaitForGcToComplete blocked ProfileSaver on Background for 82.390ms
09-16 23:40:35.837 D/JavaheapMonitor(26693): Java heap used=15M max=256M, proc: com.android.vending
09-16 23:40:35.837 V/JavaheapMonitor(26693): Check java heap usage finished! Next check delay: 300000
09-16 23:40:35.840 I/hwcomposer( 1182): [HRT] only_has_blit_dev_job:0, run simpleLayeringRule.  
09-16 23:40:35.840 E/HwcComposer( 1282): presentOrValidateDisplay 0 presentFence:-1
09-16 23:40:35.841 D/libcomposer_ext( 1182): DeviceImplAidl::DeviceClientContextAidl::NotifyDispDumpReady(), client_handle:2, buffer:0xb400007253a0bb90, fence:105, period8333333
09-16 23:40:35.841 D/libcomposer_ext( 1557): ClientCallbackAidl::asyncPerform(15)
09-16 23:40:35.841 D/libcomposer_ext( 1557): ClientImplAidl::ParseNotifyDispDumpReady()
09-16 23:40:35.842 I/MI-SF   ( 1282): surfaceflinger setAffinity mode=0
09-16 23:40:35.842 E/MI-SF   ( 1282): surfaceflinger setAffinity success
09-16 23:40:35.847 I/HfLooper( 1192): sensor 33171111 = 420.000000 1.000000  40558254911627
09-16 23:40:35.848 I/HfLooper( 1192): sensor light = 35.277000 40558254911627
09-16 23:40:35.848 I/libsensor-displayalgo( 1557): #### sensorDataCallback  value of event C:420.000000,R:1.000000,G:0.000000,B:0.000000,40558254911627, bl: 516
09-16 23:40:35.849 I/libsensor-displayalgo( 1557): input time 40558254911627 cwbtime:40558030087832, preInput time:40558144925584
09-16 23:40:35.849 I/libsensor-displayalgo( 1557): startCalculateLux: miui or fac not first
09-16 23:40:35.849 I/libsensor-displayalgo( 1557): #### startCalculateLux time of diff: 40558030087832:40558254911627:224823795
09-16 23:40:35.849 I/libsensor-displayalgo( 1557): #### startCalculateLux time of diff: 40558030087832:40558199919959:169832127
09-16 23:40:35.849 I/libsensor-displayalgo( 1557): #### startCalculateLux time of diff: 40558030087832:40558144925584:114837752
09-16 23:40:35.849 I/libsensor-displayalgo( 1557): #### startCalculateLux time of diff: 40558030087832:40558089902439
09-16 23:40:35.849 I/libsensor-displayalgo( 1557): ####startCalculateLuxdiff: 114837752
09-16 23:40:35.849 I/libsensor-displayalgo( 1557): #### startCalculateLux current input event time: 40558144925584 40558144925584
09-16 23:40:35.849 I/libsensor-displayalgo( 1557): #### value of  inputBrightness's brightness_51:516,preBrightness's brightness_51:516,lastPredictedLight :183.239662,brightnessDiff:0.000000,sensorDataDiff:0.000000
09-16 23:40:35.849 I/libsensor-displayalgo( 1557): #### inputBrightness's timestamp:40418240916747,value of brightness time diff:139904008837, index: 60
09-16 23:40:35.849 I/libsensor-displayalgo( 1557): #### inputSensorEventChanged: 0!!!
09-16 23:40:35.860 D/HWUI    ( 2678): ImageDecoder_nDecodeBitmap: width = 49, height = 56, encodedFormat = 4
09-16 23:40:35.861 W/HWUI    ( 2678): Image decoding logging dropped!
09-16 23:40:35.863 E/libsensor-frameBufferManager( 1557): onCwbSuccess
09-16 23:40:35.866 D/ThemeValues( 2678): customized theme has contain this value: |com.android.systemui/bool/battery_meter_use_legacy_drawable/true
09-16 23:40:35.867 I/hwcomposer( 1182): [HRT] only_has_blit_dev_job:0, run simpleLayeringRule.  
09-16 23:40:35.867 D/DynamicIslandWindowViewController( 2678): handleDynamicIsland: action_update_light
09-16 23:40:35.867 D/DynamicIslandWindowViewController( 2678): handleDynamicIsland: isLight true
09-16 23:40:35.868 D/libsensor-parseRGB( 1557): the value of RGB [238.734252 238.000000 244.000000], powPara: 2.152003
09-16 23:40:35.870 D/HWUI    ( 2678): ImageDecoder_nDecodeBitmap: width = 54, height = 54, encodedFormat = 4
09-16 23:40:35.870 W/HWUI    ( 2678): Image decoding logging dropped!
09-16 23:40:35.871 D/HWUI    ( 2678): ImageDecoder_nDecodeBitmap: width = 51, height = 56, encodedFormat = 4
09-16 23:40:35.871 W/HWUI    ( 2678): Image decoding logging dropped!
09-16 23:40:35.880 D/MiuiInputManagerService( 1956): registerSrollToTopListener, windowId: 14199217, listener: miui.hardware.input.IScrollToTopListener$Stub$Proxy@fa9b704
09-16 23:40:35.884 I/hwcomposer( 1182): [HRT] only_has_blit_dev_job:0, run simpleLayeringRule.  
09-16 23:40:35.892 I/hwcomposer( 1182): [HRT] only_has_blit_dev_job:0, run simpleLayeringRule.  
09-16 23:40:35.901 I/hwcomposer( 1182): [HRT] only_has_blit_dev_job:0, run simpleLayeringRule.  
09-16 23:40:35.903 I/HfLooper( 1192): sensor 33171111 = 426.000000 1.000000  40558309903103
09-16 23:40:35.903 I/HfLooper( 1192): sensor light = 35.277000 40558309903103
09-16 23:40:35.903 I/libsensor-displayalgo( 1557): #### sensorDataCallback  value of event C:426.000000,R:1.000000,G:0.000000,B:0.000000,40558309903103, bl: 516
09-16 23:40:35.904 I/libsensor-displayalgo( 1557): input time 40558309903103 cwbtime:40558273382909, preInput time:40558144925584
09-16 23:40:35.905 I/libsensor-displayalgo( 1557): startCalculateLux: miui or fac not first
09-16 23:40:35.905 I/libsensor-displayalgo( 1557): #### inputSensorEventChanged set to true!!!
09-16 23:40:35.905 I/libsensor-displayalgo( 1557): #### startCalculateLux time of diff: 40558273382909:40558309903103
09-16 23:40:35.905 I/libsensor-displayalgo( 1557): ####startCalculateLuxdiff: 36520194
09-16 23:40:35.905 I/libsensor-displayalgo( 1557): #### startCalculateLux current input event time: 40558309903103 40558144925584
09-16 23:40:35.909 I/hwcomposer( 1182): [HRT] only_has_blit_dev_job:0, run simpleLayeringRule.  
09-16 23:40:35.916 I/hwcomposer( 1182): [HRT] only_has_blit_dev_job:0, run simpleLayeringRule.  
09-16 23:40:35.926 I/hwcomposer( 1182): [HRT] only_has_blit_dev_job:0, run simpleLayeringRule.  
09-16 23:40:35.934 I/hwcomposer( 1182): [HRT] only_has_blit_dev_job:0, run simpleLayeringRule.  
09-16 23:40:35.943 I/hwcomposer( 1182): [HRT] only_has_blit_dev_job:0, run simpleLayeringRule.  
09-16 23:40:35.944 W/ParceledListSlice( 1956): Element #231 is 25380 bytes.
09-16 23:40:35.950 I/hwcomposer( 1182): [HRT] only_has_blit_dev_job:0, run simpleLayeringRule.  
09-16 23:40:35.956 I/libPerfCtl( 1214): xgfGetFPS pid:1282 fps:-1
09-16 23:40:35.956 I/libPerfCtl( 1214): xgfGetFPS pid:2678 fps:120
09-16 23:40:35.956 I/libPerfCtl( 1214): xgfGetFPS pid:16290 fps:-1
09-16 23:40:35.957 I/HfLooper( 1192): sensor 33171111 = 427.000000 0.000000  40558364932257
09-16 23:40:35.958 I/HfLooper( 1192): sensor light = 35.277000 40558364932257
09-16 23:40:35.959 I/libsensor-displayalgo( 1557): #### sensorDataCallback  value of event C:427.000000,R:0.000000,G:0.000000,B:0.000000,40558364932257, bl: 516
09-16 23:40:35.959 I/libsensor-displayalgo( 1557): input time 40558364932257 cwbtime:40558273382909, preInput time:40558144925584
09-16 23:40:35.960 I/hwcomposer( 1182): [HRT] only_has_blit_dev_job:0, run simpleLayeringRule.  
09-16 23:40:35.961 I/libsensor-displayalgo( 1557): startCalculateLux: miui or fac not first
09-16 23:40:35.961 I/libsensor-displayalgo( 1557): #### startCalculateLux time of diff: 40558273382909:40558364932257:91549348
09-16 23:40:35.961 I/libsensor-displayalgo( 1557): #### inputSensorEventChanged set to true!!!
09-16 23:40:35.961 I/libsensor-displayalgo( 1557): #### startCalculateLux time of diff: 40558273382909:40558309903103
09-16 23:40:35.961 I/libsensor-displayalgo( 1557): ####startCalculateLuxdiff: 91549348
09-16 23:40:35.961 I/libsensor-displayalgo( 1557): #### startCalculateLux current input event time: 40558364932257 40558144925584
09-16 23:40:35.961 I/libsensor-displayalgo( 1557): #### value of  inputBrightness's brightness_51:516,preBrightness's brightness_51:516,lastPredictedLight :183.239662,brightnessDiff:0.000000,sensorDataDiff:-137.473591
09-16 23:40:35.961 I/libsensor-displayalgo( 1557): #### inputBrightness's timestamp:40418240916747,value of brightness time diff:140124015510, index: 60
09-16 23:40:35.961 I/libsensor-displayalgo( 1557): #### inputSensorEventChanged: 1!!!
09-16 23:40:35.961 I/libsensor-displayalgo( 1557): getInputData start: input[0]:516.000000,inputBrightness.panel_1.brightness_51:0.000000
09-16 23:40:35.961 I/libsensor-displayalgo( 1557): getInputData end: input[0]:516.000000,inputBrightness.panel_1.brightness_51:0.000000
09-16 23:40:35.961 I/libsensor-displayalgo( 1557): alsAlgo: second panel
09-16 23:40:35.963 I/libsensor-displayalgo( 1557): CWB_ALS: model output raw: 396.004031 0.256702
09-16 23:40:35.963 I/libsensor-displayalgo( 1557): HSV RGB R= 238.833012,G= 238.077451,B= 244.050038
09-16 23:40:35.963 I/libsensor-displayalgo( 1557): HSV RGB maxValue:244.050038, minValue:238.077451
09-16 23:40:35.963 E/libsensor-displayalgo( 1557): the value of tmp1:372.440000 tmp 449.960000
09-16 23:40:35.963 I/libsensor-displayalgo( 1557): the value of ratio1 is 0.827718
09-16 23:40:35.963 E/libsensor-displayalgo( 1557): the value of tmp1:0.000000 tmp 0.000000
09-16 23:40:35.963 I/libsensor-displayalgo( 1557): the value of ratio1 is 1.000000
09-16 23:40:35.963 I/libsensor-displayalgo( 1557): Write:the value of channelCali ALS:327.8, IR:0.3, scales:1.000000, hsv:-1.000000
09-16 23:40:35.963 I/libsensor-displayalgo( 1557): the value of hsv: -1.000000
09-16 23:40:35.963 I/libsensor-displayalgo( 1557): the value of  ir: 0.000000  Coef: 23701.878000 19699.158000 12075.050000 12075.050000 
09-16 23:40:35.963 I/libsensor-displayalgo( 1557): the value of  REAL LUX 45.931797
09-16 23:40:35.963 D/libsensor-displayalgo( 1557): brightness:516.000000,flat_mode:1.000000,R1:131002.519887,G1:130136.988357,B1:137299.855197,EVENT ALS:427.000000,IR:0.000000lux: 45.931797
09-16 23:40:35.963 I/libsensor-displayalgo( 1557): dbv:516,lux:45.9,hsv:-1.0,dc:0CWB R:131002.5,G:130137.0,B:137299.9Event ALS:427.0,IR:0.0Cali ALS:0.0,IR:0.0
09-16 23:40:35.963 I/libsensor-displayalgo( 1557): luxAges[0]=0.000000, index=3
09-16 23:40:35.963 I/libsensor-displayalgo( 1557): luxAges[1]=0.000000, index=2
09-16 23:40:35.963 I/libsensor-displayalgo( 1557): luxAges[2]=0.000000, index=1
09-16 23:40:35.963 I/libsensor-displayalgo( 1557): medianFilter[index]=45.931797 63.994884 84.826637
09-16 23:40:35.968 I/hwcomposer( 1182): [HRT] only_has_blit_dev_job:0, run simpleLayeringRule.  
09-16 23:40:35.976 I/hwcomposer( 1182): [HRT] only_has_blit_dev_job:0, run simpleLayeringRule.  
09-16 23:40:35.978 D/HWUI    ( 2678): ImageDecoder_nDecodeBitmap: width = 43, height = 56, encodedFormat = 4
09-16 23:40:35.979 W/HWUI    ( 2678): Image decoding logging dropped!
09-16 23:40:35.981 D/HWUI    ( 2678): ImageDecoder_nDecodeBitmap: width = 49, height = 56, encodedFormat = 4
09-16 23:40:35.982 I/ayer.amarplayer(16290): Compiler allocated 6807KB to compile void android.view.ViewRootImpl.performTraversals()
09-16 23:40:35.982 W/HWUI    ( 2678): Image decoding logging dropped!
09-16 23:40:35.984 D/HWUI    ( 2678): ImageDecoder_nDecodeBitmap: width = 45, height = 56, encodedFormat = 4
09-16 23:40:35.984 W/HWUI    ( 2678): Image decoding logging dropped!
09-16 23:40:35.985 I/hwcomposer( 1182): [HRT] only_has_blit_dev_job:0, run simpleLayeringRule.  
09-16 23:40:35.987 D/HWUI    ( 2678): ImageDecoder_nDecodeBitmap: width = 51, height = 56, encodedFormat = 4
09-16 23:40:35.987 W/HWUI    ( 2678): Image decoding logging dropped!
09-16 23:40:35.989 D/HWUI    ( 2678): ImageDecoder_nDecodeBitmap: width = 64, height = 53, encodedFormat = 4
09-16 23:40:35.990 W/HWUI    ( 2678): Image decoding logging dropped!
09-16 23:40:35.992 D/HWUI    ( 2678): ImageDecoder_nDecodeBitmap: width = 43, height = 56, encodedFormat = 4
09-16 23:40:35.992 W/HWUI    ( 2678): Image decoding logging dropped!
09-16 23:40:35.994 D/HWUI    ( 2678): ImageDecoder_nDecodeBitmap: width = 54, height = 54, encodedFormat = 4
09-16 23:40:35.994 W/HWUI    ( 2678): Image decoding logging dropped!
09-16 23:40:35.996 D/HWUI    ( 2678): ImageDecoder_nDecodeBitmap: width = 40, height = 56, encodedFormat = 4
09-16 23:40:35.996 W/HWUI    ( 2678): Image decoding logging dropped!
09-16 23:40:35.998 D/HWUI    ( 2678): ImageDecoder_nDecodeBitmap: width = 38, height = 56, encodedFormat = 4
09-16 23:40:35.999 W/HWUI    ( 2678): Image decoding logging dropped!
09-16 23:40:36.004 D/ThemeValues( 2678): customized theme has contain this value: |com.android.systemui/bool/battery_meter_use_legacy_drawable/true
09-16 23:40:36.007 D/ThemeValues( 2678): customized theme has contain this value: |com.android.systemui/bool/battery_meter_use_legacy_drawable/true
09-16 23:40:36.010 D/ThemeValues( 2678): customized theme has contain this value: |com.android.systemui/bool/battery_meter_use_legacy_drawable/true
09-16 23:40:36.012 D/ThemeValues( 2678): customized theme has contain this value: |com.android.systemui/bool/battery_meter_use_legacy_drawable/true
09-16 23:40:36.012 I/HfLooper( 1192): sensor 33171111 = 424.000000 0.000000  40558419920574
09-16 23:40:36.013 I/HfLooper( 1192): sensor light = 35.277000 40558419920574
09-16 23:40:36.013 D/AALLightSensor( 1511): oldLux=35 [SA:-1 LA:-1] newLux=35 (oriLux: 35)
09-16 23:40:36.013 I/libsensor-displayalgo( 1557): #### sensorDataCallback  value of event C:424.000000,R:0.000000,G:0.000000,B:0.000000,40558419920574, bl: 516
09-16 23:40:36.014 I/libsensor-displayalgo( 1557): input time 40558419920574 cwbtime:40558273382909, preInput time:40558364932257
09-16 23:40:36.014 I/libsensor-displayalgo( 1557): startCalculateLux: miui or fac not first
09-16 23:40:36.014 I/libsensor-displayalgo( 1557): #### startCalculateLux time of diff: 40558273382909:40558419920574:146537665
09-16 23:40:36.014 I/libsensor-displayalgo( 1557): #### startCalculateLux time of diff: 40558273382909:40558364932257:91549348
09-16 23:40:36.014 I/libsensor-displayalgo( 1557): #### startCalculateLux time of diff: 40558273382909:40558309903103
09-16 23:40:36.014 I/libsensor-displayalgo( 1557): ####startCalculateLuxdiff: 91549348
09-16 23:40:36.014 I/libsensor-displayalgo( 1557): #### startCalculateLux current input event time: 40558364932257 40558364932257
09-16 23:40:36.014 I/libsensor-displayalgo( 1557): #### value of  inputBrightness's brightness_51:516,preBrightness's brightness_51:516,lastPredictedLight :99.220328,brightnessDiff:0.000000,sensorDataDiff:0.000000
09-16 23:40:36.014 I/libsensor-displayalgo( 1557): #### inputBrightness's timestamp:40418240916747,value of brightness time diff:140124015510, index: 60
09-16 23:40:36.014 I/libsensor-displayalgo( 1557): #### inputSensorEventChanged: 0!!!
09-16 23:40:36.016 D/ThemeValues( 2678): customized theme has contain this value: |com.android.systemui/bool/battery_meter_use_legacy_drawable/true
09-16 23:40:36.022 D/ThemeValues( 2678): customized theme has contain this value: |com.android.systemui/bool/battery_meter_use_legacy_drawable/true
09-16 23:40:36.027 D/ThemeValues( 2678): customized theme has contain this value: |com.android.systemui/bool/battery_meter_use_legacy_drawable/true
09-16 23:40:36.029 D/HWUI    ( 2678): ImageDecoder_nDecodeBitmap: width = 52, height = 56, encodedFormat = 4
09-16 23:40:36.030 W/HWUI    ( 2678): Image decoding logging dropped!
09-16 23:40:36.030 I/hwcomposer( 1182): [HWC] (0)fire a callback of refresh to SF[4]  
09-16 23:40:36.034 D/ControlCenterHeaderExpandController( 2678): onExpansionChanged: progress =  0.0
09-16 23:40:36.035 I/hwcomposer( 1182): [HRT] only_has_blit_dev_job:0, run simpleLayeringRule.  
09-16 23:40:36.035 E/HwcComposer( 1282): presentOrValidateDisplay 0 presentFence:-1
09-16 23:40:36.038 D/HWUI    ( 2678): ImageDecoder_nDecodeBitmap: width = 47, height = 53, encodedFormat = 4
09-16 23:40:36.038 W/HWUI    ( 2678): Image decoding logging dropped!
09-16 23:40:36.039 D/HWUI    ( 2678): ImageDecoder_nDecodeBitmap: width = 56, height = 56, encodedFormat = 4
09-16 23:40:36.039 W/HWUI    ( 2678): Image decoding logging dropped!
09-16 23:40:36.039 I/MI-SF   ( 1282): surfaceflinger setAffinity mode=1
09-16 23:40:36.039 E/MI-SF   ( 1282): surfaceflinger setAffinity success
09-16 23:40:36.039 I/MI-SF   ( 1282): surfaceflinger setreAffinity reTid=1352
09-16 23:40:36.039 E/MI-SF   ( 1282): surfaceflinger setAffinity success
09-16 23:40:36.039 I/android.hardware.graphics.composer@3.4-service( 1182): Sensor: notify citsensorservice to trigger cwb
09-16 23:40:36.040 I/libsensor-frameBufferManager( 1557): request dump start
09-16 23:40:36.040 I/libsensor-frameBufferManager( 1557): CWB_ALS getDispDump 79 1 400 480 
09-16 23:40:36.040 D/libcomposer_ext( 1557): ClientImplAidl::getDispDump(), dpy 1, dst (400, 480), dump_point 1, release_fence -1
09-16 23:40:36.040 D/HWUI    ( 2678): ImageDecoder_nDecodeBitmap: width = 49, height = 56, encodedFormat = 4
09-16 23:40:36.040 D/libcomposer_ext( 1182): DeviceImplAidl::syncPerform(14), client_handle: 2
09-16 23:40:36.040 D/libcomposer_ext( 1182): DeviceImplAidl::ParseGetDispDump(), dpy 1, dst (400, 480), dump_point 1
09-16 23:40:36.040 I/hwcomposer( 1182): [HWC] getDispDump(), client(2), dpy 1, (79,1,479,481), (400, 480), (1, 2), (-1), (-1), (0xb400007253a07c90)  
09-16 23:40:36.040 I/hwcomposer( 1182): [DRMDEV] isSupportWbParams(), id_crtc 115, id_connector 33, dump_point 1, src(79, 1, 400, 480), dst(400, 480), config 0  
09-16 23:40:36.040 I/hwcomposer( 1182): [DISP_DUMP] (0 c:2 setDumpBuf():176), client(2), src(79, 1, 479, 481), dst(400, 480), (1, 2), -1, (-1), (0xb400007253a07c90)  
09-16 23:40:36.040 I/hwcomposer( 1182): [HWC] (0)fire a callback of refresh to SF[9]  
09-16 23:40:36.041 W/HWUI    ( 2678): Image decoding logging dropped!
09-16 23:40:36.041 D/HWUI    ( 2678): ImageDecoder_nDecodeBitmap: width = 41, height = 53, encodedFormat = 4
09-16 23:40:36.041 W/HWUI    ( 2678): Image decoding logging dropped!
09-16 23:40:36.042 I/hwcomposer( 1182): [HRT] only_has_blit_dev_job:0, run simpleLayeringRule.  
09-16 23:40:36.043 E/HwcComposer( 1282): presentOrValidateDisplay 0 presentFence:-1
09-16 23:40:36.043 D/libcomposer_ext( 1182): DeviceImplAidl::DeviceClientContextAidl::NotifyDispDumpReady(), client_handle:2, buffer:0xb400007253a0ae10, fence:105, period8333333
09-16 23:40:36.044 D/HWUI    ( 2678): ImageDecoder_nDecodeBitmap: width = 46, height = 53, encodedFormat = 4
09-16 23:40:36.044 D/libcomposer_ext( 1557): ClientCallbackAidl::asyncPerform(15)
09-16 23:40:36.044 D/libcomposer_ext( 1557): ClientImplAidl::ParseNotifyDispDumpReady()
09-16 23:40:36.044 I/MI-SF   ( 1282): surfaceflinger setAffinity mode=0
09-16 23:40:36.045 W/HWUI    ( 2678): Image decoding logging dropped!
09-16 23:40:36.045 E/MI-SF   ( 1282): surfaceflinger setAffinity success
09-16 23:40:36.045 D/HWUI    ( 2678): ImageDecoder_nDecodeBitmap: width = 19, height = 56, encodedFormat = 4
09-16 23:40:36.045 W/HWUI    ( 2678): Image decoding logging dropped!
09-16 23:40:36.045 W/libc    ( 1282): Access denied finding property "ro.vendor.display.max_hdr_luminance"
09-16 23:40:36.047 D/HWUI    ( 2678): ImageDecoder_nDecodeBitmap: width = 47, height = 53, encodedFormat = 4
09-16 23:40:36.047 W/HWUI    ( 2678): Image decoding logging dropped!
09-16 23:40:36.049 D/HWUI    ( 2678): ImageDecoder_nDecodeBitmap: width = 49, height = 56, encodedFormat = 4
09-16 23:40:36.050 W/HWUI    ( 2678): Image decoding logging dropped!
09-16 23:40:36.052 D/HWUI    ( 2678): ImageDecoder_nDecodeBitmap: width = 41, height = 53, encodedFormat = 4
09-16 23:40:36.052 W/HWUI    ( 2678): Image decoding logging dropped!
09-16 23:40:36.052 I/hwcomposer( 1182): [HRT] only_has_blit_dev_job:0, run simpleLayeringRule.  
09-16 23:40:36.055 D/HWUI    ( 2678): ImageDecoder_nDecodeBitmap: width = 46, height = 53, encodedFormat = 4
09-16 23:40:36.055 W/HWUI    ( 2678): Image decoding logging dropped!
09-16 23:40:36.056 D/HWUI    ( 2678): ImageDecoder_nDecodeBitmap: width = 19, height = 56, encodedFormat = 4
09-16 23:40:36.056 W/HWUI    ( 2678): Image decoding logging dropped!
09-16 23:40:36.066 E/libsensor-frameBufferManager( 1557): onCwbSuccess
09-16 23:40:36.067 I/HfLooper( 1192): sensor 33171111 = 424.000000 0.000000  40558474912651
09-16 23:40:36.067 I/HfLooper( 1192): sensor light = 35.277000 40558474912651
09-16 23:40:36.068 I/python  (16290): DEBUG 1: main() mulai
09-16 23:40:36.070 D/libsensor-parseRGB( 1557): the value of RGB [238.752413 238.000000 244.000000], powPara: 2.152003
09-16 23:40:36.070 I/libsensor-displayalgo( 1557): #### sensorDataCallback  value of event C:424.000000,R:0.000000,G:0.000000,B:0.000000,40558474912651, bl: 516
09-16 23:40:36.070 I/libsensor-displayalgo( 1557): input time 40558474912651 cwbtime:40558475575909, preInput time:40558364932257
09-16 23:40:36.070 I/libsensor-displayalgo( 1557): startCalculateLux: miui or fac not first
09-16 23:40:36.070 I/libsensor-displayalgo( 1557): #### inputSensorEventChanged set to true!!!
09-16 23:40:36.070 I/libsensor-displayalgo( 1557): #### startCalculateLux time of diff: 40558475575909:40558474912651
09-16 23:40:36.070 I/libsensor-displayalgo( 1557): ####startCalculateLuxdiff: -663258
09-16 23:40:36.070 I/libsensor-displayalgo( 1557): #### startCalculateLux current input event time: 40558474912651 40558364932257
09-16 23:40:36.076 W/libc    (16290): Access denied finding property "vendor.migl.debug"
09-16 23:40:36.076 I/libMiGL (16290): EnableDR: 0
09-16 23:40:36.076 D/libMiGL (16290): mDFIInterval: -1
09-16 23:40:36.076 D/libMEOW (16290): meow new tls: 0xb400007860b90190
09-16 23:40:36.077 I/hwcomposer( 1182): [HRT] only_has_blit_dev_job:0, run simpleLayeringRule.  
09-16 23:40:36.079 D/libMEOW (16290): meow reload base cfg path: na
09-16 23:40:36.079 D/libMEOW (16290): meow reload overlay cfg path: na
09-16 23:40:36.079 D/libMEOW (16290): applied 0 plugin for [org.amarplayer.amarplayer].
09-16 23:40:36.079 I/mali    (16290): Successfully parsed 2 environment variable(s) from /vendor/etc/mali_platform.config.
09-16 23:40:36.085 W/HidlServiceManagement(16290): hwservicemanager is not supported on the device.
09-16 23:40:36.085 I/HidlServiceManagement(16290): Trying to get transport of android.hardware.configstore@1.0::ISurfaceFlingerConfigs/default without hwservicemanager
09-16 23:40:36.087 I/ayer.amarplayer(16290): AssetManager2(0xb400007730ae79f8) locale list changing from [] to [in-ID]
09-16 23:40:36.103 I/python  (16290): DEBUG 2: QApplication selesai
09-16 23:40:36.108 I/qt.multimedia.ffmpeg(16290): Using Qt multimedia with FFmpeg version 7.1.5 LGPL version 2.1 or later
09-16 23:40:36.118 D/AudioSystem(16290): onNewService: media.audio_policy service obtained 0xb4000076e0a6a020
09-16 23:40:36.118 I/hwcomposer( 1182): [HWC] (0)fire a callback of refresh to SF[4]  
09-16 23:40:36.118 D/AudioSystem(16290): getService: checking for service media.audio_policy: 0xb4000076e0a6a020
09-16 23:40:36.119 D/APM_AudioPolicyManager( 1259): listAudioPorts mAvailableInputDevices 0x80000004, 0x80000040, 0x80000080, 0x80000100, 0x80002000, 0x90000000
09-16 23:40:36.119 D/NativePermissionController( 1259): checkPermission: missing 13 for 10329
09-16 23:40:36.119 D/APM_AudioPolicyManager( 1259): listAudioPorts mAvailableInputDevices 0x80000004, 0x80000040, 0x80000080, 0x80000100, 0x80002000, 0x90000000
09-16 23:40:36.120 D/NativePermissionController( 1259): checkPermission: missing 13 for 10329
09-16 23:40:36.123 I/HfLooper( 1192): sensor 33171111 = 422.000000 1.000000  40558530027983
09-16 23:40:36.123 I/HfLooper( 1192): sensor light = 35.277000 40558530027983
09-16 23:40:36.123 I/libsensor-displayalgo( 1557): #### sensorDataCallback  value of event C:422.000000,R:1.000000,G:0.000000,B:0.000000,40558530027983, bl: 516
09-16 23:40:36.123 I/libsensor-displayalgo( 1557): input time 40558530027983 cwbtime:40558475575909, preInput time:40558364932257
09-16 23:40:36.123 I/libsensor-displayalgo( 1557): startCalculateLux: miui or fac not first
09-16 23:40:36.123 I/libsensor-displayalgo( 1557): #### inputSensorEventChanged set to true!!!
09-16 23:40:36.123 I/libsensor-displayalgo( 1557): #### startCalculateLux time of diff: 40558475575909:40558530027983
09-16 23:40:36.123 I/libsensor-displayalgo( 1557): ####startCalculateLuxdiff: 54452074
09-16 23:40:36.123 I/libsensor-displayalgo( 1557): #### startCalculateLux current input event time: 40558530027983 40558364932257
09-16 23:40:36.125 D/NativePermissionController( 1259): checkPermission: missing 13 for 10329
09-16 23:40:36.125 D/NativePermissionController( 1259): checkPermission: missing 13 for 10329
09-16 23:40:36.127 I/hwcomposer( 1182): [HRT] only_has_blit_dev_job:0, run simpleLayeringRule.  
09-16 23:40:36.128 E/HwcComposer( 1282): presentOrValidateDisplay 0 presentFence:-1
09-16 23:40:36.133 I/MI-SF   ( 1282): surfaceflinger setAffinity mode=1
09-16 23:40:36.133 E/MI-SF   ( 1282): surfaceflinger setAffinity success
09-16 23:40:36.133 I/MI-SF   ( 1282): surfaceflinger setreAffinity reTid=1352
09-16 23:40:36.133 E/MI-SF   ( 1282): surfaceflinger setAffinity success
09-16 23:40:36.177 I/HfLooper( 1192): sensor 33171111 = 423.000000 0.000000  40558584929218
09-16 23:40:36.178 I/HfLooper( 1192): sensor light = 35.277000 40558584929218
09-16 23:40:36.178 I/libsensor-displayalgo( 1557): #### sensorDataCallback  value of event C:423.000000,R:0.000000,G:0.000000,B:0.000000,40558584929218, bl: 516
09-16 23:40:36.179 I/libsensor-displayalgo( 1557): input time 40558584929218 cwbtime:40558475575909, preInput time:40558364932257
09-16 23:40:36.179 I/libsensor-displayalgo( 1557): startCalculateLux: miui or fac not first
09-16 23:40:36.179 I/libsensor-displayalgo( 1557): #### startCalculateLux time of diff: 40558475575909:40558584929218:109353309
09-16 23:40:36.179 I/libsensor-displayalgo( 1557): #### inputSensorEventChanged set to true!!!
09-16 23:40:36.179 I/libsensor-displayalgo( 1557): #### startCalculateLux time of diff: 40558475575909:40558530027983
09-16 23:40:36.179 I/libsensor-displayalgo( 1557): ####startCalculateLuxdiff: 109353309
09-16 23:40:36.179 I/libsensor-displayalgo( 1557): #### startCalculateLux current input event time: 40558584929218 40558364932257
09-16 23:40:36.179 I/libsensor-displayalgo( 1557): #### value of  inputBrightness's brightness_51:516,preBrightness's brightness_51:516,lastPredictedLight :99.220328,brightnessDiff:0.000000,sensorDataDiff:0.012203
09-16 23:40:36.179 I/libsensor-displayalgo( 1557): #### inputBrightness's timestamp:40418240916747,value of brightness time diff:140344012471, index: 60
09-16 23:40:36.179 I/libsensor-displayalgo( 1557): #### inputSensorEventChanged: 1!!!
09-16 23:40:36.179 I/libsensor-displayalgo( 1557): getInputData start: input[0]:516.000000,inputBrightness.panel_1.brightness_51:0.000000
09-16 23:40:36.179 I/libsensor-displayalgo( 1557): getInputData end: input[0]:516.000000,inputBrightness.panel_1.brightness_51:0.000000
09-16 23:40:36.179 I/libsensor-displayalgo( 1557): alsAlgo: second panel
09-16 23:40:36.180 I/libsensor-displayalgo( 1557): CWB_ALS: model output raw: 391.749946 0.252713
09-16 23:40:36.180 I/libsensor-displayalgo( 1557): HSV RGB R= 238.167273,G= 237.420148,B= 243.405766
09-16 23:40:36.180 I/libsensor-displayalgo( 1557): HSV RGB maxValue:243.405766, minValue:237.420148
09-16 23:40:36.180 E/libsensor-displayalgo( 1557): the value of tmp1:372.440000 tmp 449.960000
09-16 23:40:36.180 I/libsensor-displayalgo( 1557): the value of ratio1 is 0.827718
09-16 23:40:36.180 E/libsensor-displayalgo( 1557): the value of tmp1:0.000000 tmp 0.000000
09-16 23:40:36.180 I/libsensor-displayalgo( 1557): the value of ratio1 is 1.000000
09-16 23:40:36.180 I/libsensor-displayalgo( 1557): Write:the value of channelCali ALS:324.3, IR:0.3, scales:1.000000, hsv:-1.000000
09-16 23:40:36.180 I/libsensor-displayalgo( 1557): the value of hsv: -1.000000
09-16 23:40:36.180 I/libsensor-displayalgo( 1557): the value of  ir: 0.000000  Coef: 23701.878000 19699.158000 12075.050000 12075.050000 
09-16 23:40:36.180 I/libsensor-displayalgo( 1557): the value of  REAL LUX 45.710140
09-16 23:40:36.180 D/libsensor-displayalgo( 1557): brightness:516.000000,flat_mode:1.000000,R1:131023.966749,G1:130136.988357,B1:137299.855197,EVENT ALS:423.000000,IR:0.000000lux: 45.710140
09-16 23:40:36.180 I/libsensor-displayalgo( 1557): luxAges[0]=0.000000, index=1
09-16 23:40:36.180 I/libsensor-displayalgo( 1557): luxAges[1]=0.000000, index=3
09-16 23:40:36.180 I/libsensor-displayalgo( 1557): luxAges[2]=0.000000, index=2
09-16 23:40:36.180 I/libsensor-displayalgo( 1557): medianFilter[index]=45.931797 45.710140 84.826637
09-16 23:40:36.180 I/libsensor-displayalgo( 1557): ##### the value of lux: 45.931797, cct: 0.000000
09-16 23:40:36.180 E/libsensor-ssccalapi( 1557): Enter calibrateApi process_msg
09-16 23:40:36.180 I/libsensor-ssccalapi( 1557): Sensorgroup get sensor, find 33171111 sensor success
09-16 23:40:36.180 E/HfManager( 1557): successfully try 1 times to wait device ready
09-16 23:40:36.181 E/libsensor-ssccalapi( 1557): [CAL_LUX_VALUE_NOTIFY] 104 201.000000 45.931797 => 45932     0 527332127
09-16 23:40:36.182 E/HfManager( 1557): HfManager::configCalibration sensor = 68 err = 0
09-16 23:40:36.232 I/HfLooper( 1192): sensor 33171111 = 422.000000 0.000000  40558639921550
09-16 23:40:36.233 I/HfLooper( 1192): sensor light = 25.732000 40558639921550
09-16 23:40:36.233 D/AALService( 1511): [CRTC_115] onALIChanged: 35 -> 25
09-16 23:40:36.233 D/AALService( 1511): onALIChanged skip ali evnet since dre off
09-16 23:40:36.233 I/libsensor-displayalgo( 1557): #### sensorDataCallback  value of event C:422.000000,R:0.000000,G:0.000000,B:0.000000,40558639921550, bl: 516
09-16 23:40:36.233 I/libsensor-displayalgo( 1557): input time 40558639921550 cwbtime:40558475575909, preInput time:40558584929218
09-16 23:40:36.233 I/libsensor-displayalgo( 1557): startCalculateLux: miui or fac not first
09-16 23:40:36.233 I/libsensor-displayalgo( 1557): #### startCalculateLux time of diff: 40558475575909:40558639921550:164345641
09-16 23:40:36.233 I/libsensor-displayalgo( 1557): #### startCalculateLux time of diff: 40558475575909:40558584929218:109353309
09-16 23:40:36.233 I/libsensor-displayalgo( 1557): #### startCalculateLux time of diff: 40558475575909:40558530027983
09-16 23:40:36.233 I/libsensor-displayalgo( 1557): ####startCalculateLuxdiff: 109353309
09-16 23:40:36.233 I/libsensor-displayalgo( 1557): #### startCalculateLux current input event time: 40558584929218 40558584929218
09-16 23:40:36.234 I/libsensor-displayalgo( 1557): #### value of  inputBrightness's brightness_51:516,preBrightness's brightness_51:516,lastPredictedLight :98.741511,brightnessDiff:0.000000,sensorDataDiff:0.000000
09-16 23:40:36.234 I/libsensor-displayalgo( 1557): #### inputBrightness's timestamp:40418240916747,value of brightness time diff:140344012471, index: 60
09-16 23:40:36.234 I/libsensor-displayalgo( 1557): #### inputSensorEventChanged: 0!!!
09-16 23:40:36.282 W/Finsky  (26693): [2] STU: Failed to get storage stats for package 'com.google.android.uwb' (1601: Error getting stats: android.content.pm.PackageManager.NameNotFoundException)
09-16 23:40:36.282 I/android.hardware.graphics.composer@3.4-service( 1182): Sensor: notify citsensorservice to trigger cwb
09-16 23:40:36.282 W/Finsky  (26693): [2] STU: Failed to get storage stats for package 'com.android.wifi' (1601: Error getting stats: android.content.pm.PackageManager.NameNotFoundException)
09-16 23:40:36.282 I/libsensor-frameBufferManager( 1557): request dump start
09-16 23:40:36.282 I/libsensor-frameBufferManager( 1557): CWB_ALS getDispDump 79 1 400 480 
09-16 23:40:36.282 D/libcomposer_ext( 1557): ClientImplAidl::getDispDump(), dpy 1, dst (400, 480), dump_point 1, release_fence -1
09-16 23:40:36.282 D/libcomposer_ext( 1182): DeviceImplAidl::syncPerform(14), client_handle: 2
09-16 23:40:36.282 D/libcomposer_ext( 1182): DeviceImplAidl::ParseGetDispDump(), dpy 1, dst (400, 480), dump_point 1
09-16 23:40:36.283 I/hwcomposer( 1182): [HWC] getDispDump(), client(2), dpy 1, (79,1,479,481), (400, 480), (1, 2), (-1), (-1), (0xb400007253a0c250)  
09-16 23:40:36.283 I/hwcomposer( 1182): [DRMDEV] isSupportWbParams(), id_crtc 115, id_connector 33, dump_point 1, src(79, 1, 400, 480), dst(400, 480), config 0  
09-16 23:40:36.283 I/hwcomposer( 1182): [DISP_DUMP] (0 c:2 setDumpBuf():176), client(2), src(79, 1, 479, 481), dst(400, 480), (1, 2), -1, (-1), (0xb400007253a0c250)  
09-16 23:40:36.283 I/hwcomposer( 1182): [HWC] (0)fire a callback of refresh to SF[9]  
09-16 23:40:36.287 I/hwcomposer( 1182): [HRT] only_has_blit_dev_job:0, run simpleLayeringRule.  
09-16 23:40:36.287 E/HwcComposer( 1282): presentOrValidateDisplay 0 presentFence:-1
09-16 23:40:36.287 I/HfLooper( 1192): sensor 33171111 = 423.000000 0.000000  40558694914550
09-16 23:40:36.287 I/HfLooper( 1192): sensor light = 25.732000 40558694914550
09-16 23:40:36.288 D/libcomposer_ext( 1182): DeviceImplAidl::DeviceClientContextAidl::NotifyDispDumpReady(), client_handle:2, buffer:0xb400007253a090d0, fence:105, period8333333
09-16 23:40:36.288 D/libcomposer_ext( 1557): ClientCallbackAidl::asyncPerform(15)
09-16 23:40:36.288 D/libcomposer_ext( 1557): ClientImplAidl::ParseNotifyDispDumpReady()
09-16 23:40:36.288 I/android.hardware.graphics.composer@3.4-service( 1182): Sensor: notify citsensorservice to trigger cwb
09-16 23:40:36.288 I/libsensor-displayalgo( 1557): #### sensorDataCallback  value of event C:423.000000,R:0.000000,G:0.000000,B:0.000000,40558694914550, bl: 516
09-16 23:40:36.288 I/MI-SF   ( 1282): surfaceflinger setAffinity mode=0
09-16 23:40:36.289 I/libsensor-displayalgo( 1557): input time 40558694914550 cwbtime:40558475575909, preInput time:40558584929218
09-16 23:40:36.289 E/MI-SF   ( 1282): surfaceflinger setAffinity success
09-16 23:40:36.289 I/libsensor-displayalgo( 1557): startCalculateLux: miui or fac not first
09-16 23:40:36.289 I/libsensor-displayalgo( 1557): #### startCalculateLux time of diff: 40558475575909:40558694914550:219338641
09-16 23:40:36.289 I/libsensor-frameBufferManager( 1557): request dump start
09-16 23:40:36.289 I/libsensor-frameBufferManager( 1557): CWB_ALS getDispDump 79 1 400 480 
09-16 23:40:36.289 D/libcomposer_ext( 1557): ClientImplAidl::getDispDump(), dpy 1, dst (400, 480), dump_point 1, release_fence -1
09-16 23:40:36.289 I/libsensor-displayalgo( 1557): #### startCalculateLux time of diff: 40558475575909:40558639921550:164345641
09-16 23:40:36.289 I/libsensor-displayalgo( 1557): #### startCalculateLux time of diff: 40558475575909:40558584929218:109353309
09-16 23:40:36.289 I/libsensor-displayalgo( 1557): #### startCalculateLux time of diff: 40558475575909:40558530027983
09-16 23:40:36.289 I/libsensor-displayalgo( 1557): ####startCalculateLuxdiff: 109353309
09-16 23:40:36.289 D/libcomposer_ext( 1182): DeviceImplAidl::syncPerform(14), client_handle: 2
09-16 23:40:36.289 D/libcomposer_ext( 1182): DeviceImplAidl::ParseGetDispDump(), dpy 1, dst (400, 480), dump_point 1
09-16 23:40:36.289 I/hwcomposer( 1182): [HWC] getDispDump(), client(2), dpy 1, (79,1,479,481), (400, 480), (1, 2), (-1), (-1), (0xb400007253a0c7f0)  
09-16 23:40:36.289 I/libsensor-displayalgo( 1557): #### startCalculateLux current input event time: 40558584929218 40558584929218
09-16 23:40:36.289 I/libsensor-displayalgo( 1557): #### value of  inputBrightness's brightness_51:516,preBrightness's brightness_51:516,lastPredictedLight :98.741511,brightnessDiff:0.000000,sensorDataDiff:0.000000
09-16 23:40:36.289 I/hwcomposer( 1182): [DRMDEV] isSupportWbParams(), id_crtc 115, id_connector 33, dump_point 1, src(79, 1, 400, 480), dst(400, 480), config 0  
09-16 23:40:36.289 I/libsensor-displayalgo( 1557): #### inputBrightness's timestamp:40418240916747,value of brightness time diff:140344012471, index: 60
09-16 23:40:36.289 I/libsensor-displayalgo( 1557): #### inputSensorEventChanged: 0!!!
09-16 23:40:36.289 I/hwcomposer( 1182): [DISP_DUMP] (0 c:2 setDumpBuf():176), client(2), src(79, 1, 479, 481), dst(400, 480), (1, 2), -1, (-1), (0xb400007253a0c7f0)  
09-16 23:40:36.289 W/libc    ( 1282): Access denied finding property "ro.vendor.display.max_hdr_luminance"
09-16 23:40:36.306 W/Finsky  (26693): [2] STU: Failed to get storage stats for package 'com.google.android.widevine.nonupdatable' (1601: Error getting stats: android.content.pm.PackageManager.NameNotFoundException)
09-16 23:40:36.310 E/libsensor-frameBufferManager( 1557): onCwbSuccess
09-16 23:40:36.314 D/libsensor-parseRGB( 1557): the value of RGB [238.770707 238.000000 244.000000], powPara: 2.152003
09-16 23:40:36.339 D/JavaheapMonitor(12577): Java heap used=2M max=256M, proc: com.xiaomi.joyose
09-16 23:40:36.339 V/JavaheapMonitor(12577): Check java heap usage finished! Next check delay: 300000
09-16 23:40:36.343 I/HfLooper( 1192): sensor 33171111 = 423.000000 0.000000  40558749907434
09-16 23:40:36.343 I/HfLooper( 1192): sensor light = 25.732000 40558749907434
09-16 23:40:36.343 I/libsensor-displayalgo( 1557): #### sensorDataCallback  value of event C:423.000000,R:0.000000,G:0.000000,B:0.000000,40558749907434, bl: 516
09-16 23:40:36.344 I/libsensor-displayalgo( 1557): input time 40558749907434 cwbtime:40558719862371, preInput time:40558584929218
09-16 23:40:36.344 I/libsensor-displayalgo( 1557): startCalculateLux: miui or fac not first
09-16 23:40:36.344 I/libsensor-displayalgo( 1557): #### inputSensorEventChanged set to true!!!
09-16 23:40:36.344 I/libsensor-displayalgo( 1557): #### startCalculateLux time of diff: 40558719862371:40558749907434
09-16 23:40:36.344 I/libsensor-displayalgo( 1557): ####startCalculateLuxdiff: 30045063
09-16 23:40:36.344 I/libsensor-displayalgo( 1557): #### startCalculateLux current input event time: 40558749907434 40558584929218
09-16 23:40:36.366 I/hwcomposer( 1182): [HWC] (0)fire a callback of refresh to SF[4]  
09-16 23:40:36.372 I/hwcomposer( 1182): [HRT] only_has_blit_dev_job:0, run simpleLayeringRule.  
09-16 23:40:36.372 E/HwcComposer( 1282): presentOrValidateDisplay 0 presentFence:-1
09-16 23:40:36.372 W/adbd    (30336): timed out while waiting for FUNCTIONFS_BIND, trying again
09-16 23:40:36.372 I/adbd    (30336): UsbFfs: connection terminated: monitor thread finished
09-16 23:40:36.376 D/libcomposer_ext( 1182): DeviceImplAidl::DeviceClientContextAidl::NotifyDispDumpReady(), client_handle:2, buffer:0xb400007253a0b950, fence:36, period8333333
09-16 23:40:36.377 D/libcomposer_ext( 1557): ClientCallbackAidl::asyncPerform(15)
09-16 23:40:36.377 D/libcomposer_ext( 1557): ClientImplAidl::ParseNotifyDispDumpReady()
09-16 23:40:36.377 I/MI-SF   ( 1282): surfaceflinger setAffinity mode=1
09-16 23:40:36.377 E/MI-SF   ( 1282): surfaceflinger setAffinity success
09-16 23:40:36.377 I/MI-SF   ( 1282): surfaceflinger setreAffinity reTid=1352
09-16 23:40:36.377 E/MI-SF   ( 1282): surfaceflinger setAffinity success
09-16 23:40:36.394 E/libsensor-frameBufferManager( 1557): onCwbSuccess
09-16 23:40:36.396 D/libsensor-parseRGB( 1557): the value of RGB [238.682386 238.000000 244.000000], powPara: 2.152003
09-16 23:40:36.396 W/Finsky  (26693): [2] STU: Failed to get storage stats for package 'com.google.android.devicelock' (1601: Error getting stats: android.content.pm.PackageManager.NameNotFoundException)
09-16 23:40:36.397 I/HfLooper( 1192): sensor 33171111 = 423.000000 0.000000  40558804897501
09-16 23:40:36.398 I/HfLooper( 1192): sensor light = 25.732000 40558804897501
09-16 23:40:36.398 I/libsensor-displayalgo( 1557): #### sensorDataCallback  value of event C:423.000000,R:0.000000,G:0.000000,B:0.000000,40558804897501, bl: 516
09-16 23:40:36.398 I/libsensor-displayalgo( 1557): input time 40558804897501 cwbtime:40558804154294, preInput time:40558584929218
09-16 23:40:36.399 I/libsensor-displayalgo( 1557): startCalculateLux: miui or fac not first
09-16 23:40:36.399 I/libsensor-displayalgo( 1557): #### inputSensorEventChanged set to true!!!
09-16 23:40:36.399 I/libsensor-displayalgo( 1557): #### startCalculateLux time of diff: 40558804154294:40558804897501
09-16 23:40:36.399 I/libsensor-displayalgo( 1557): ####startCalculateLuxdiff: 743207
09-16 23:40:36.399 I/libsensor-displayalgo( 1557): #### startCalculateLux current input event time: 40558804897501 40558584929218
09-16 23:40:36.402 I/adbd    (30336): opening control endpoint /dev/usb-ffs/adb/ep0
09-16 23:40:36.452 I/HfLooper( 1192): sensor 33171111 = 423.000000 0.000000  40558859922107
09-16 23:40:36.452 I/HfLooper( 1192): sensor light = 25.732000 40558859922107
09-16 23:40:36.453 I/libsensor-displayalgo( 1557): #### sensorDataCallback  value of event C:423.000000,R:0.000000,G:0.000000,B:0.000000,40558859922107, bl: 516
09-16 23:40:36.454 I/libsensor-displayalgo( 1557): input time 40558859922107 cwbtime:40558804154294, preInput time:40558584929218
09-16 23:40:36.454 I/libsensor-displayalgo( 1557): startCalculateLux: miui or fac not first
09-16 23:40:36.454 I/libsensor-displayalgo( 1557): #### inputSensorEventChanged set to true!!!
09-16 23:40:36.454 I/libsensor-displayalgo( 1557): #### startCalculateLux time of diff: 40558804154294:40558859922107
09-16 23:40:36.454 I/libsensor-displayalgo( 1557): ####startCalculateLuxdiff: 55767813
09-16 23:40:36.454 I/libsensor-displayalgo( 1557): #### startCalculateLux current input event time: 40558859922107 40558584929218
09-16 23:40:36.484 W/Finsky  (26693): [2] STU: Failed to get storage stats for package 'com.android.apex.cts.shim' (1601: Error getting stats: android.content.pm.PackageManager.NameNotFoundException)
09-16 23:40:36.507 I/HfLooper( 1192): sensor 33171111 = 423.000000 0.000000  40558914914751
09-16 23:40:36.507 I/HfLooper( 1192): sensor light = 25.732000 40558914914751
09-16 23:40:36.508 I/libsensor-displayalgo( 1557): #### sensorDataCallback  value of event C:423.000000,R:0.000000,G:0.000000,B:0.000000,40558914914751, bl: 516
09-16 23:40:36.509 I/libsensor-displayalgo( 1557): input time 40558914914751 cwbtime:40558804154294, preInput time:40558584929218
09-16 23:40:36.509 I/libsensor-displayalgo( 1557): startCalculateLux: miui or fac not first
09-16 23:40:36.509 I/libsensor-displayalgo( 1557): #### startCalculateLux time of diff: 40558804154294:40558914914751:110760457
09-16 23:40:36.509 I/libsensor-displayalgo( 1557): #### inputSensorEventChanged set to true!!!
09-16 23:40:36.509 I/libsensor-displayalgo( 1557): #### startCalculateLux time of diff: 40558804154294:40558859922107
09-16 23:40:36.509 I/libsensor-displayalgo( 1557): ####startCalculateLuxdiff: 110760457
09-16 23:40:36.509 I/libsensor-displayalgo( 1557): #### startCalculateLux current input event time: 40558914914751 40558584929218
09-16 23:40:36.509 I/libsensor-displayalgo( 1557): #### value of  inputBrightness's brightness_51:516,preBrightness's brightness_51:516,lastPredictedLight :98.741511,brightnessDiff:0.000000,sensorDataDiff:0.000000
09-16 23:40:36.509 I/libsensor-displayalgo( 1557): #### inputBrightness's timestamp:40418240916747,value of brightness time diff:140673998004, index: 60
09-16 23:40:36.509 I/libsensor-displayalgo( 1557): #### inputSensorEventChanged: 1!!!
09-16 23:40:36.509 I/libsensor-displayalgo( 1557): getInputData start: input[0]:516.000000,inputBrightness.panel_1.brightness_51:0.000000
09-16 23:40:36.509 I/libsensor-displayalgo( 1557): getInputData end: input[0]:516.000000,inputBrightness.panel_1.brightness_51:0.000000
09-16 23:40:36.509 I/libsensor-displayalgo( 1557): alsAlgo: second panel
09-16 23:40:36.510 I/libsensor-displayalgo( 1557): CWB_ALS: model output raw: 391.707114 0.252648
09-16 23:40:36.510 I/libsensor-displayalgo( 1557): HSV RGB R= 238.146547,G= 237.413847,B= 243.399372
09-16 23:40:36.510 I/libsensor-displayalgo( 1557): HSV RGB maxValue:243.399372, minValue:237.413847
09-16 23:40:36.510 E/libsensor-displayalgo( 1557): the value of tmp1:372.440000 tmp 449.960000
09-16 23:40:36.510 I/libsensor-displayalgo( 1557): the value of ratio1 is 0.827718
09-16 23:40:36.510 E/libsensor-displayalgo( 1557): the value of tmp1:0.000000 tmp 0.000000
09-16 23:40:36.510 I/libsensor-displayalgo( 1557): the value of ratio1 is 1.000000
09-16 23:40:36.510 I/libsensor-displayalgo( 1557): Write:the value of channelCali ALS:324.2, IR:0.3, scales:1.000000, hsv:-1.000000
09-16 23:40:36.510 I/libsensor-displayalgo( 1557): the value of hsv: -1.000000
09-16 23:40:36.510 I/libsensor-displayalgo( 1557): the value of  ir: 0.000000  Coef: 23701.878000 19699.158000 12075.050000 12075.050000 
09-16 23:40:36.510 I/libsensor-displayalgo( 1557): the value of  REAL LUX 45.726551
09-16 23:40:36.510 D/libsensor-displayalgo( 1557): brightness:516.000000,flat_mode:1.000000,R1:130941.280420,G1:130136.988357,B1:137299.855197,EVENT ALS:423.000000,IR:0.000000lux: 45.726551
09-16 23:40:36.510 I/libsensor-displayalgo( 1557): luxAges[0]=0.000000, index=1
09-16 23:40:36.510 I/libsensor-displayalgo( 1557): luxAges[1]=0.000000, index=2
09-16 23:40:36.510 I/libsensor-displayalgo( 1557): luxAges[2]=0.000000, index=3
09-16 23:40:36.510 I/libsensor-displayalgo( 1557): medianFilter[index]=45.710140 45.931797 45.726551
09-16 23:40:36.525 I/python  (16290): Traceback (most recent call last):
09-16 23:40:36.525 I/python  (16290):   File "/home/muammar/aplikasiMp3/.buildozer/android/app/main.py", line 2, in <module>
09-16 23:40:36.525 I/python  (16290):   File "<frozen runpy>", line 229, in run_module
09-16 23:40:36.525 I/python  (16290):   File "<frozen runpy>", line 88, in _run_code
09-16 23:40:36.525 I/python  (16290):   File "/home/muammar/aplikasiMp3/.buildozer/android/app/amarPlayer_android.py", line 2970, in <module>
09-16 23:40:36.525 I/python  (16290):   File "/home/muammar/aplikasiMp3/.buildozer/android/app/amarPlayer_android.py", line 2904, in main
09-16 23:40:36.525 I/python  (16290):   File "/home/muammar/aplikasiMp3/.buildozer/android/app/amarPlayer_android.py", line 549, in __init__
09-16 23:40:36.526 I/python  (16290): AttributeError: 'AmarPlayer' object has no attribute 'glib_timer'
09-16 23:40:36.526 I/python  (16290): Python for android ended.
09-16 23:40:36.556 W/Finsky  (26693): [2] STU: Failed to get storage stats for package 'com.google.android.appsearch' (1601: Error getting stats: android.content.pm.PackageManager.NameNotFoundException)
09-16 23:40:36.561 I/mtkpower_client( 1956): perf_lock_acq, hdl:37861, dur:3000, num:4, pid:1956, tid:2393
09-16 23:40:36.563 I/mtkpower_client( 1956): ret_hdl:38251
09-16 23:40:36.563 I/mtkpower_client( 1956): perf_lock_rel, hdl:38251, pid: 1956, tid:2393
09-16 23:40:36.566 I/HfLooper( 1192): sensor 33171111 = 424.000000 0.000000  40558969912992
09-16 23:40:36.566 I/HfLooper( 1192): sensor light = 25.732000 40558969912992
09-16 23:40:36.566 I/libPowerHal( 1223): cmdSetting - unknown cmd:340c300, scmd:(null) ,param_1:1
09-16 23:40:36.566 I/libPowerHal( 1223): [perfLockAcq] idx:3 hdl:38251 hint:-1 pid:1956 tid:2393 duration:3000 lock_user:system_server => ret_hdl:38251
09-16 23:40:36.567 I/libPowerHal( 1223): end_default_hold_time HindID : 21
09-16 23:40:36.567 I/libPowerHal( 1223): [disableScenarioByHintId] Disable HindID : 21
09-16 23:40:36.567 I/libPowerHal( 1223): [disableScenarioByHintId] disableScenarioByHintId: HindID : 21
09-16 23:40:36.567 I/libPowerHal( 1223): [PD] MTKPOWER_HINT_PROCESS_CREATE update cmd:1408300 param:40, pr:3
09-16 23:40:36.567 I/libsensor-displayalgo( 1557): #### sensorDataCallback  value of event C:424.000000,R:0.000000,G:0.000000,B:0.000000,40558969912992, bl: 516
09-16 23:40:36.567 I/libsensor-displayalgo( 1557): input time 40558969912992 cwbtime:40558804154294, preInput time:40558914914751
09-16 23:40:36.567 I/libsensor-displayalgo( 1557): startCalculateLux: miui or fac not first
09-16 23:40:36.567 I/libsensor-displayalgo( 1557): #### startCalculateLux time of diff: 40558804154294:40558969912992:165758698
09-16 23:40:36.567 I/libsensor-displayalgo( 1557): #### startCalculateLux time of diff: 40558804154294:40558914914751:110760457
09-16 23:40:36.567 I/libsensor-displayalgo( 1557): #### startCalculateLux time of diff: 40558804154294:40558859922107
09-16 23:40:36.567 I/libsensor-displayalgo( 1557): ####startCalculateLuxdiff: 110760457
09-16 23:40:36.567 I/libsensor-displayalgo( 1557): #### startCalculateLux current input event time: 40558914914751 40558914914751
09-16 23:40:36.567 I/libsensor-displayalgo( 1557): #### value of  inputBrightness's brightness_51:516,preBrightness's brightness_51:516,lastPredictedLight :98.776963,brightnessDiff:0.000000,sensorDataDiff:0.000000
09-16 23:40:36.567 I/libsensor-displayalgo( 1557): #### inputBrightness's timestamp:40418240916747,value of brightness time diff:140673998004, index: 60
09-16 23:40:36.567 I/libsensor-displayalgo( 1557): #### inputSensorEventChanged: 0!!!
09-16 23:40:36.567 D/SLM-SRV-SLAService( 1956): checktemp temperature = 34472 temperature_average = 34064 isPerformanceMode = false thermal_enable_slm = true
09-16 23:40:36.567 I/libPowerHal( 1223): [PD] MTKPOWER_HINT_PROCESS_CREATE update cmd:300c000 param:0, pr:6
09-16 23:40:36.568 I/libPowerHal( 1223): [PD] MTKPOWER_HINT_PROCESS_CREATE update cmd:400000 param:-1 pr:6
09-16 23:40:36.568 I/libPowerHal( 1223): [PD] MTKPOWER_HINT_PROCESS_CREATE update cmd:400100 param:-1 pr:6
09-16 23:40:36.569 I/libPowerHal( 1223): [setDvfsrcDevFreqOpp] opp:2, freq:2400000000
09-16 23:40:36.569 I/libPowerHal( 1223): [PD] MTKPOWER_HINT_PROCESS_CREATE update cmd:1000000 param:2 pr:3
09-16 23:40:36.569 I/libPowerHal( 1223): [PD] MTKPOWER_HINT_PROCESS_CREATE update ONESHOT(unset) cmd:10000700 param:16129 pr:3
09-16 23:40:36.569 I/libPowerHal( 1223): [recordCPUFreqInfo] set cluster[0] min(-1): -1 max(-1): -1 cluster[1] min(-1): -1 max(-1): -1
09-16 23:40:36.571 W/Finsky  (26693): [2] STU: Failed to get storage stats for package 'com.google.android.art' (1601: Error getting stats: android.content.pm.PackageManager.NameNotFoundException)
09-16 23:40:36.571 W/LibMBrainProxy( 1223): MBrain offline
09-16 23:40:36.572 I/libPowerHal( 1223): [disableScenarioByHintId] Disable HindID : 57
09-16 23:40:36.572 I/libPowerHal( 1223): [PE] system_server update ONESHOT(set) cmd:3410300 param:21 pr:3
09-16 23:40:36.572 I/libPowerHal( 1223): [perfLockAcq] Done for hdl : 38251
09-16 23:40:36.572 I/libPowerHal( 1223): [perfLockRel] hdl:38251, idx:3
09-16 23:40:36.573 I/libPowerHal( 1223): end_default_hold_time HindID : 21
09-16 23:40:36.573 I/libPowerHal( 1223): [disableScenarioByHintId] Disable HindID : 21
09-16 23:40:36.573 I/libPowerHal( 1223): [disableScenarioByHintId] Disable HindID : 57
09-16 23:40:36.573 I/libPowerHal( 1223): [PD] system_server update ONESHOT(unset) cmd:3410300 param:21 pr:3
09-16 23:40:36.573 I/libPowerHal( 1223): [perfLockRel] Done for hdl : 38251
--------- beginning of crash
09-16 23:40:36.586 F/libc    (16290): FORTIFY: pthread_mutex_lock called on a destroyed mutex (0x7910bc9ce8)
09-16 23:40:36.586 F/libc    (16290): FORTIFY: pthread_mutex_lock called on a destroyed mutex (0x7910bc9ce8)
09-16 23:40:36.586 I/libc    (16290): handling signal: 6
09-16 23:40:36.586 I/libc    (16290): handling signal: 6
09-16 23:40:36.586 E/libc    (16290): get api level success, 31
09-16 23:40:36.587 E/libc    (16290): get api level success, 31
09-16 23:40:36.587 F/libc    (16290): Fatal signal 6 (SIGABRT), code -1 (SI_QUEUE) in tid 23255 (hwuiTask1), pid 16290 (ayer.amarplayer)
09-16 23:40:36.587 I/libc    (16290): debuggerd_dispatch_pseudothread start. crashing tid: 23255
09-16 23:40:36.599 I/libc    (16290): crash_dump pid: 23323
09-16 23:40:36.603 W/Finsky  (26693): [2] STU: Failed to get storage stats for package 'com.android.bt' (1601: Error getting stats: android.content.pm.PackageManager.NameNotFoundException)
09-16 23:40:36.618 I/HfLooper( 1192): sensor 33171111 = 423.000000 0.000000  40559024899453
09-16 23:40:36.618 I/HfLooper( 1192): sensor light = 25.732000 40559024899453
09-16 23:40:36.619 I/libsensor-displayalgo( 1557): #### sensorDataCallback  value of event C:423.000000,R:0.000000,G:0.000000,B:0.000000,40559024899453, bl: 516
09-16 23:40:36.620 I/libsensor-displayalgo( 1557): input time 40559024899453 cwbtime:40558804154294, preInput time:40558914914751
09-16 23:40:36.620 I/libsensor-displayalgo( 1557): startCalculateLux: miui or fac not first
09-16 23:40:36.620 I/libsensor-displayalgo( 1557): #### startCalculateLux time of diff: 40558804154294:40559024899453:220745159
09-16 23:40:36.620 I/libsensor-displayalgo( 1557): #### startCalculateLux time of diff: 40558804154294:40558969912992:165758698
09-16 23:40:36.620 I/libsensor-displayalgo( 1557): #### startCalculateLux time of diff: 40558804154294:40558914914751:110760457
09-16 23:40:36.620 I/libsensor-displayalgo( 1557): #### startCalculateLux time of diff: 40558804154294:40558859922107
09-16 23:40:36.620 I/libsensor-displayalgo( 1557): ####startCalculateLuxdiff: 110760457
09-16 23:40:36.620 I/libsensor-displayalgo( 1557): #### startCalculateLux current input event time: 40558914914751 40558914914751
09-16 23:40:36.620 I/libsensor-displayalgo( 1557): #### value of  inputBrightness's brightness_51:516,preBrightness's brightness_51:516,lastPredictedLight :98.776963,brightnessDiff:0.000000,sensorDataDiff:0.000000
09-16 23:40:36.620 I/libsensor-displayalgo( 1557): #### inputBrightness's timestamp:40418240916747,value of brightness time diff:140673998004, index: 60
09-16 23:40:36.620 I/libsensor-displayalgo( 1557): #### inputSensorEventChanged: 0!!!
09-16 23:40:36.626 W/libc    (23323): Access denied finding property "persist.vendor.track.malloc.enable"
09-16 23:40:36.626 W/libc    (23323): Access denied finding property "persist.vendor.fd.monitor.enable"
09-16 23:40:36.631 I/crash_dump64(23323): crash_dump start
09-16 23:40:36.631 I/crash_dump64(23323): Fork in crash_dump. child pid: 23324
09-16 23:40:36.642 W/crash_dump64(23324): failed to attach to thread 23308: No such process
09-16 23:40:36.642 E/crash_dump64(23324): failed to interrupt 23308 to detach: No such process
09-16 23:40:36.642 W/crash_dump64(23324): failed to ptrace interrupt thread 23308: No such process
09-16 23:40:36.642 W/crash_dump64(23324): failed to attach to thread 23309: No such process
09-16 23:40:36.642 E/crash_dump64(23324): failed to interrupt 23309 to detach: No such process
09-16 23:40:36.642 W/crash_dump64(23324): failed to ptrace interrupt thread 23309: No such process
09-16 23:40:36.642 W/crash_dump64(23324): failed to attach to thread 23310: No such process
09-16 23:40:36.642 E/crash_dump64(23324): failed to interrupt 23310 to detach: No such process
09-16 23:40:36.642 W/crash_dump64(23324): failed to ptrace interrupt thread 23310: No such process
09-16 23:40:36.664 I/crash_dump64(23324): fork_exit_write reset
09-16 23:40:36.665 I/crash_dump64(23324): obtaining output fd from tombstoned, type: kDebuggerdTombstoneProto
09-16 23:40:36.666 F/libc    (16290): FORTIFY: pthread_mutex_lock called on a destroyed mutex (0x78f6446078)
09-16 23:40:36.666 F/libc    (16290): FORTIFY: pthread_mutex_lock called on a destroyed mutex (0x78f6445e18)
09-16 23:40:36.666 I/tombstoned(  719): crash_accept_cb sockfd: 9
09-16 23:40:36.666 I/libc    (16290): handling signal: 6
09-16 23:40:36.666 E/libc    (16290): get api level success, 31
09-16 23:40:36.666 I/tombstoned(  719): received crash request for pid 23255, type: kDebuggerdTombstoneProto
09-16 23:40:36.667 I/libc    (16290): handling signal: 6
09-16 23:40:36.667 E/libc    (16290): get api level success, 31
09-16 23:40:36.669 I/tombstoned(  719): Send response to CrashRequest, rc: 12
09-16 23:40:36.669 I/crash_dump64(23324): g_tombstoned_connected is 1
09-16 23:40:36.669 I/crash_dump64(23324): performing dump of process 16290 (target tid = 23255)
09-16 23:40:36.670 W/Finsky  (26693): [2] STU: Failed to get storage stats for package 'com.google.android.mediaprovider' (1601: Error getting stats: android.content.pm.PackageManager.NameNotFoundException)
09-16 23:40:36.672 I/HfLooper( 1192): sensor 33171111 = 424.000000 0.000000  40559079923453
09-16 23:40:36.673 I/HfLooper( 1192): sensor light = 25.732000 40559079923453
09-16 23:40:36.673 I/libsensor-displayalgo( 1557): #### sensorDataCallback  value of event C:424.000000,R:0.000000,G:0.000000,B:0.000000,40559079923453, bl: 516
09-16 23:40:36.673 I/libsensor-displayalgo( 1557): input time 40559079923453 cwbtime:40558804154294, preInput time:40558914914751
09-16 23:40:36.673 I/libsensor-displayalgo( 1557): startCalculateLux: miui or fac not first
09-16 23:40:36.673 I/libsensor-displayalgo( 1557): #### startCalculateLux time of diff: 40558804154294:40559079923453:275769159
09-16 23:40:36.673 I/libsensor-displayalgo( 1557): #### startCalculateLux time of diff: 40558804154294:40559024899453:220745159
09-16 23:40:36.673 I/libsensor-displayalgo( 1557): #### startCalculateLux time of diff: 40558804154294:40558969912992:165758698
09-16 23:40:36.673 I/libsensor-displayalgo( 1557): #### startCalculateLux time of diff: 40558804154294:40558914914751:110760457
09-16 23:40:36.673 I/libsensor-displayalgo( 1557): #### startCalculateLux time of diff: 40558804154294:40558859922107
09-16 23:40:36.673 I/libsensor-displayalgo( 1557): ####startCalculateLuxdiff: 110760457
09-16 23:40:36.673 I/libsensor-displayalgo( 1557): #### startCalculateLux current input event time: 40558914914751 40558914914751
09-16 23:40:36.673 I/libsensor-displayalgo( 1557): #### value of  inputBrightness's brightness_51:516,preBrightness's brightness_51:516,lastPredictedLight :98.776963,brightnessDiff:0.000000,sensorDataDiff:0.000000
09-16 23:40:36.673 I/libsensor-displayalgo( 1557): #### inputBrightness's timestamp:40418240916747,value of brightness time diff:140673998004, index: 60
09-16 23:40:36.673 I/libsensor-displayalgo( 1557): #### inputSensorEventChanged: 0!!!
09-16 23:40:36.681 I/crash_dump64(23324): engrave_tomstone start
09-16 23:40:36.728 I/HfLooper( 1192): sensor 33171111 = 423.000000 0.000000  40559134916602
09-16 23:40:36.728 I/HfLooper( 1192): sensor light = 25.732000 40559134916602
09-16 23:40:36.728 I/libsensor-displayalgo( 1557): #### sensorDataCallback  value of event C:423.000000,R:0.000000,G:0.000000,B:0.000000,40559134916602, bl: 516
09-16 23:40:36.729 I/libsensor-displayalgo( 1557): input time 40559134916602 cwbtime:40558804154294, preInput time:40558914914751
09-16 23:40:36.729 I/libsensor-displayalgo( 1557): startCalculateLux: miui or fac not first
09-16 23:40:36.729 I/libsensor-displayalgo( 1557): #### startCalculateLux time of diff: 40558804154294:40559134916602:330762308
09-16 23:40:36.729 I/libsensor-displayalgo( 1557): #### startCalculateLux time of diff: 40558804154294:40559079923453:275769159
09-16 23:40:36.729 I/libsensor-displayalgo( 1557): #### startCalculateLux time of diff: 40558804154294:40559024899453:220745159
09-16 23:40:36.729 I/libsensor-displayalgo( 1557): #### startCalculateLux time of diff: 40558804154294:40558969912992:165758698
09-16 23:40:36.729 I/libsensor-displayalgo( 1557): #### startCalculateLux time of diff: 40558804154294:40558914914751:110760457
09-16 23:40:36.729 I/libsensor-displayalgo( 1557): #### startCalculateLux time of diff: 40558804154294:40558859922107
09-16 23:40:36.729 I/libsensor-displayalgo( 1557): ####startCalculateLuxdiff: 110760457
09-16 23:40:36.729 I/libsensor-displayalgo( 1557): #### startCalculateLux current input event time: 40558914914751 40558914914751
09-16 23:40:36.729 I/libsensor-displayalgo( 1557): #### value of  inputBrightness's brightness_51:516,preBrightness's brightness_51:516,lastPredictedLight :98.776963,brightnessDiff:0.000000,sensorDataDiff:0.000000
09-16 23:40:36.729 I/libsensor-displayalgo( 1557): #### inputBrightness's timestamp:40418240916747,value of brightness time diff:140673998004, index: 60
09-16 23:40:36.729 I/libsensor-displayalgo( 1557): #### inputSensorEventChanged: 0!!!
09-16 23:40:36.735 I/ayer.amarplayer(16290): hook_module_exit libgui_unisoc_utils.so over, handle:0x0
09-16 23:40:36.735 W/RefBase (16290): RefBase: Explicit destruction, weak count = 0 (in 0x78f6445d48). Use sp<> to manage this object. Note - if weak count is 0, this leaks mRefs (weakref_impl).
09-16 23:40:36.738 W/Finsky  (26693): [2] STU: Failed to get storage stats for package 'com.android.virt' (1601: Error getting stats: android.content.pm.PackageManager.NameNotFoundException)
09-16 23:40:36.739 W/Finsky  (26693): [2] STU: Failed to get storage stats for package 'com.google.android.resolv' (1601: Error getting stats: android.content.pm.PackageManager.NameNotFoundException)
09-16 23:40:36.766 D/RefBase (16290):   #00 pc 0000000000073b50  /apex/com.android.runtime/lib64/bionic/libc.so (__cxa_finalize+224) (BuildId: 9511d9cb89af590535458e21a5811d1a)
09-16 23:40:36.766 D/RefBase (16290):   #01 pc 0000000000078a64  /apex/com.android.runtime/lib64/bionic/libc.so (exit+36) (BuildId: 9511d9cb89af590535458e21a5811d1a)
09-16 23:40:36.766 D/RefBase (16290):   #02 pc 0000000000002b58  /data/app/~~P4o3DxoGPZZypdbe360bYA==/org.amarplayer.amarplayer-bA8ZyggvV6twuKy0HlmF0g==/lib/arm64/libmain_arm64-v8a.so (main+1692) (BuildId: a03f120ca95afda5d2388c323d8b0e9511b5289c)
09-16 23:40:36.766 D/RefBase (16290):   #03 pc 000000000006a7d4  /data/app/~~P4o3DxoGPZZypdbe360bYA==/org.amarplayer.amarplayer-bA8ZyggvV6twuKy0HlmF0g==/lib/arm64/libplugins_platforms_qtforandroid_arm64-v8a.so (BuildId: de4ab8cf7dab42b389ffad6063d52a129fef5167)
09-16 23:40:36.766 D/RefBase (16290):   #04 pc 00000000002c23a0  /apex/com.android.art/lib64/libart.so (art_quick_generic_jni_trampoline+144) (BuildId: cecb684d19b4f44ee3cbd66142c315f4)
09-16 23:40:36.766 D/RefBase (16290):   #05 pc 00000000002ab260  /apex/com.android.art/lib64/libart.so (art_quick_invoke_static_stub+640) (BuildId: cecb684d19b4f44ee3cbd66142c315f4)
09-16 23:40:36.766 D/RefBase (16290):   #06 pc 000000000087a970  /apex/com.android.art/lib64/libart.so (bool art::interpreter::DoCall<false>(art::ArtMethod*, art::Thread*, art::ShadowFrame&, art::Instruction const*, unsigned short, bool, art::JValue*)+1884) (BuildId: cecb684d19b4f44ee3cbd66142c315f4)
09-16 23:40:36.766 D/RefBase (16290):   #07 pc 00000000006fce54  /apex/com.android.art/lib64/libart.so (void art::interpreter::ExecuteSwitchImplCpp<false>(art::interpreter::SwitchImplContext*)+284) (BuildId: cecb684d19b4f44ee3cbd66142c315f4)
09-16 23:40:36.766 D/RefBase (16290):   #08 pc 00000000002fde48  /apex/com.android.art/lib64/libart.so (ExecuteSwitchImplAsm+8) (BuildId: cecb684d19b4f44ee3cbd66142c315f4)
09-16 23:40:36.766 D/RefBase (16290):   #09 pc 0000000000020f88  [anon:dalvik-classes.dex extracte...ayer.amarplayer-bA8ZyggvV6twuKy0HlmF0g==/base.apk] (org.qtproject.qt.android.QtNative.lambda$startApplication$2)
09-16 23:40:36.766 D/RefBase (16290):   #10 pc 000000000087ab14  /apex/com.android.art/lib64/libart.so (bool art::interpreter::DoCall<false>(art::ArtMethod*, art::Thread*, art::ShadowFrame&, art::Instruction const*, unsigned short, bool, art::JValue*)+2304) (BuildId: cecb684d19b4f44ee3cbd66142c315f4)
09-16 23:40:36.766 D/RefBase (16290):   #11 pc 00000000006fce54  /apex/com.android.art/lib64/libart.so (void art::interpreter::ExecuteSwitchImplCpp<false>(art::interpreter::SwitchImplContext*)+284) (BuildId: cecb684d19b4f44ee3cbd66142c315f4)
09-16 23:40:36.766 D/RefBase (16290):   #12 pc 00000000002fde48  /apex/com.android.art/lib64/libart.so (ExecuteSwitchImplAsm+8) (BuildId: cecb684d19b4f44ee3cbd66142c315f4)
09-16 23:40:36.766 D/RefBase (16290):   #13 pc 0000000000020774  [anon:dalvik-classes.dex extracte...ayer.amarplayer-bA8ZyggvV6twuKy0HlmF0g==/base.apk] (org.qtproject.qt.android.QtNative$$ExternalSyntheticLambda3.run)
09-16 23:40:36.766 D/RefBase (16290):   #14 pc 000000000087ab14  /apex/com.android.art/lib64/libart.so (bool art::interpreter::DoCall<false>(art::ArtMethod*, art::Thread*, art::ShadowFrame&, art::Instruction const*, unsigned short, bool, art::JValue*)+2304) (BuildId: cecb684d19b4f44ee3cbd66142c315f4)
09-16 23:40:36.766 D/RefBase (16290):   #15 pc 00000000006fd380  /apex/com.android.art/lib64/libart.so (void art::interpreter::ExecuteSwitchImplCpp<false>(art::interpreter::SwitchImplContext*)+1608) (BuildId: cecb684d19b4f44ee3cbd66142c315f4)
09-16 23:40:36.766 D/RefBase (16290):   #16 pc 00000000002fde48  /apex/com.android.art/lib64/libart.so (ExecuteSwitchImplAsm+8) (BuildId: cecb684d19b4f44ee3cbd66142c315f4)
09-16 23:40:36.766 D/RefBase (16290):   #17 pc 0000000000021b68  [anon:dalvik-classes.dex extracte...ayer.amarplayer-bA8ZyggvV6twuKy0HlmF0g==/base.apk] (org.qtproject.qt.android.QtThread$1.run)
09-16 23:40:36.766 D/RefBase (16290):   #18 pc 00000000002fda80  /apex/com.android.art/lib64/libart.so (art::interpreter::Execute(art::Thread*, art::CodeItemDataAccessor const&, art::ShadowFrame&, art::JValue, bool, bool) (.__uniq.112435418011751916792819755956732575238.llvm.8613519112829971472)+360) (BuildId: cecb684d19b4f44ee3cbd66142c315f4)
09-16 23:40:36.766 D/RefBase (16290):   #19 pc 00000000002fd404  /apex/com.android.art/lib64/libart.so (artQuickToInterpreterBridge+916) (BuildId: cecb684d19b4f44ee3cbd66142c315f4)
09-16 23:40:36.766 D/RefBase (16290):   #20 pc 00000000002c24d8  /apex/com.android.art/lib64/libart.so (art_quick_to_interpreter_bridge+88) (BuildId: cecb684d19b4f44ee3cbd66142c315f4)
09-16 23:40:36.766 D/RefBase (16290):   #21 pc 0000000000004c6c  [anon_shmem:dalvik-jit-code-cache] (offset 0x2000000) (java.lang.Thread.run+140)
09-16 23:40:36.766 D/RefBase (16290):   #22 pc 00000000002aaf94  /apex/com.android.art/lib64/libart.so (art_quick_invoke_stub+612) (BuildId: cecb684d19b4f44ee3cbd66142c315f4)
09-16 23:40:36.766 D/RefBase (16290):   #23 pc 00000000002a9268  /apex/com.android.art/lib64/libart.so (art::ArtMethod::Invoke(art::Thread*, unsigned int*, unsigned int, art::JValue*, char const*)+148) (BuildId: cecb684d19b4f44ee3cbd66142c315f4)
09-16 23:40:36.766 D/RefBase (16290):   #24 pc 00000000004e1a68  /apex/com.android.art/lib64/libart.so (art::Thread::CreateCallback(void*)+1384) (BuildId: cecb684d19b4f44ee3cbd66142c315f4)
09-16 23:40:36.766 D/RefBase (16290):   #25 pc 00000000004e14ec  /apex/com.android.art/lib64/libart.so (art::Thread::CreateCallbackWithUffdGc(void*)+12) (BuildId: cecb684d19b4f44ee3cbd66142c315f4)
09-16 23:40:36.766 D/RefBase (16290):   #26 pc 000000000008438c  /apex/com.android.runtime/lib64/bionic/libc.so (__pthread_start(void*)+236) (BuildId: 9511d9cb89af590535458e21a5811d1a)
09-16 23:40:36.766 D/RefBase (16290):   #27 pc 00000000000768b0  /apex/com.android.runtime/lib64/bionic/libc.so (__start_thread+64) (BuildId: 9511d9cb89af590535458e21a5811d1a)
09-16 23:40:36.771 I/SmartPower: com.google.android.gms.unstable/10147(7309)( 1956): background->idle(3002ms) R(alarm start) adj=800.
09-16 23:40:36.771 I/adbd    (30336): adbd service requested 'shell,v2,TERM=xterm-256color:export ANDROID_LOG_TAGS=''; exec logcat '-d' '-v' 'time' '-t' '2500''
09-16 23:40:36.771 I/SmartPower: com.google.android.gms.ui/10147(17320)( 1956): background->idle(3002ms) R(alarm start) adj=800.
09-16 23:40:36.771 I/SmartPower: com.google.android.gms/10147(3473)( 1956): background->idle(8895ms) R(alarm start) adj=100.
09-16 23:40:36.774 W/Finsky  (26693): [2] STU: Failed to get storage stats for package 'com.google.android.configinfrastructure' (1601: Error getting stats: android.content.pm.PackageManager.NameNotFoundException)
09-16 23:40:36.774 W/Finsky  (26693): [2] STU: Failed to get storage stats for package 'com.google.android.media' (1601: Error getting stats: android.content.pm.PackageManager.NameNotFoundException)
09-16 23:40:36.779 I/adbd    (30336): Remote process closed the socket (on MSG_PEEK)
09-16 23:40:36.780 D/powerkeeper.dfsobserve( 6689): board ready to handle temperature change
09-16 23:40:36.782 I/HfLooper( 1192): sensor 33171111 = 423.000000 0.000000  40559189909593
09-16 23:40:36.782 I/HfLooper( 1192): sensor light = 25.732000 40559189909593
09-16 23:40:36.783 I/libsensor-displayalgo( 1557): #### sensorDataCallback  value of event C:423.000000,R:0.000000,G:0.000000,B:0.000000,40559189909593, bl: 516
09-16 23:40:36.783 I/libsensor-displayalgo( 1557): input time 40559189909593 cwbtime:40558804154294, preInput time:40558914914751
09-16 23:40:36.783 I/libsensor-displayalgo( 1557): startCalculateLux: miui or fac not first
09-16 23:40:36.783 I/libsensor-displayalgo( 1557): #### startCalculateLux time of diff: 40558804154294:40559189909593:385755299
09-16 23:40:36.783 I/libsensor-displayalgo( 1557): #### startCalculateLux time of diff: 40558804154294:40559134916602:330762308
09-16 23:40:36.783 I/libsensor-displayalgo( 1557): #### startCalculateLux time of diff: 40558804154294:40559079923453:275769159
09-16 23:40:36.783 I/libsensor-displayalgo( 1557): #### startCalculateLux time of diff: 40558804154294:40559024899453:220745159
09-16 23:40:36.783 I/libsensor-displayalgo( 1557): #### startCalculateLux time of diff: 40558804154294:40558969912992:165758698
09-16 23:40:36.783 I/libsensor-displayalgo( 1557): #### startCalculateLux time of diff: 40558804154294:40558914914751:110760457
09-16 23:40:36.783 I/libsensor-displayalgo( 1557): #### startCalculateLux time of diff: 40558804154294:40558859922107
09-16 23:40:36.783 I/libsensor-displayalgo( 1557): ####startCalculateLuxdiff: 110760457
09-16 23:40:36.783 I/libsensor-displayalgo( 1557): #### startCalculateLux current input event time: 40558914914751 40558914914751
09-16 23:40:36.783 I/libsensor-displayalgo( 1557): #### value of  inputBrightness's brightness_51:516,preBrightness's brightness_51:516,lastPredictedLight :98.776963,brightnessDiff:0.000000,sensorDataDiff:0.000000
09-16 23:40:36.783 I/libsensor-displayalgo( 1557): #### inputBrightness's timestamp:40418240916747,value of brightness time diff:140673998004, index: 60
09-16 23:40:36.783 I/libsensor-displayalgo( 1557): #### inputSensorEventChanged: 0!!!
09-16 23:40:36.808 W/InputDispatcher( 1956): channel 'b80e805 org.amarplayer.amarplayer/org.kivy.android.PythonActivity' ~ Consumer closed input channel or an error occurred.  events=0x9
09-16 23:40:36.808 E/InputDispatcher( 1956): channel 'b80e805 org.amarplayer.amarplayer/org.kivy.android.PythonActivity' ~ Channel is unrecoverably broken and will be disposed!
09-16 23:40:36.808 I/WindowManager( 1956): WINDOW DIED Window{b80e805 u0 org.amarplayer.amarplayer/org.kivy.android.PythonActivity}
09-16 23:40:36.811 I/ImeTracker( 1956): system_server:88699d8f: onRequestHide at ORIGIN_SERVER reason IME_REQUESTED_CHANGED_LISTENER fromUser false
09-16 23:40:36.811 I/DisplayManagerServiceImpl( 1956): updateInputScene: , status: 0 targetPkg: input, cookie: 270
09-16 23:40:36.812 D/MiuiMirrorInputMethodImpl( 1956): shouldUpdateImeParent:false,inputMethodParent.getParent() != touchedDisplay.getImeContainer()?false,touchedDisplay:Display{#0 state=ON size=1080x2392 ROTATION_0},ime window:174392079,imeParent:148376465
09-16 23:40:36.812 D/MI-SF   ( 1282): updateScene: module = 270 (Unknown), value = 0, pkg = input
09-16 23:40:36.812 D/WindowManager( 1956): wms.Input focus has changed to null display=0 updateInputWindows = false
09-16 23:40:36.812 I/MultiSenceManagerInternalStub( 1956): getInstance
09-16 23:40:36.812 D/DisplayContentStubImpl( 1956): onNewImeFrame: isImeVisible = false, imeFrame = Rect(0, 0 - 0, 0)
09-16 23:40:36.812 I/ImeTracker( 1956): system_server:88699d8f: onCancelled at PHASE_SERVER_SHOULD_HIDE
09-16 23:40:36.813 W/InsetsSource( 1956): Has no intersection or mTmpFrame.height(), return Insets.NONE mTmpFrame.height() =0 hasIntersection =false
09-16 23:40:36.813 W/InsetsSource( 1956): Has no intersection or mTmpFrame.height(), return Insets.NONE mTmpFrame.height() =0 hasIntersection =false
09-16 23:40:36.813 D/MiuiRefreshRatePolicy( 1956): reset
